/*
 * ЗАДАЧА 1
 * 
 * Заполнить все таблицы БД vk данными (по 10-100 записей в каждой таблице).
 */

/*!40101 SET @OLD_CHARACTER_SET_CLIENT=@@CHARACTER_SET_CLIENT */;
/*!40101 SET @OLD_CHARACTER_SET_RESULTS=@@CHARACTER_SET_RESULTS */;
/*!40101 SET @OLD_COLLATION_CONNECTION=@@COLLATION_CONNECTION */;
/*!40101 SET NAMES utf8mb4 */;
/*!40103 SET @OLD_TIME_ZONE=@@TIME_ZONE */;
/*!40103 SET TIME_ZONE='+00:00' */;
/*!40014 SET @OLD_UNIQUE_CHECKS=@@UNIQUE_CHECKS, UNIQUE_CHECKS=0 */;
/*!40014 SET @OLD_FOREIGN_KEY_CHECKS=@@FOREIGN_KEY_CHECKS, FOREIGN_KEY_CHECKS=0 */;
/*!40101 SET @OLD_SQL_MODE=@@SQL_MODE, SQL_MODE='NO_AUTO_VALUE_ON_ZERO' */;
/*!40111 SET @OLD_SQL_NOTES=@@SQL_NOTES, SQL_NOTES=0 */;

--
-- Table structure for table `communities`
--
USE vk;

DROP TABLE IF EXISTS `communities`;
/*!40101 SET @saved_cs_client     = @@character_set_client */;
/*!40101 SET character_set_client = utf8 */;
CREATE TABLE `communities` (
  `id` bigint(20) unsigned NOT NULL AUTO_INCREMENT,
  `name` varchar(150) COLLATE utf8mb4_unicode_ci DEFAULT NULL,
  `admin_user_id` bigint(20) unsigned DEFAULT NULL,
  PRIMARY KEY (`id`),
  KEY `communities_name_idx` (`name`),
  KEY `admin_user_id` (`admin_user_id`),
  CONSTRAINT `communities_ibfk_1` FOREIGN KEY (`admin_user_id`) REFERENCES `users` (`id`) ON DELETE SET NULL ON UPDATE CASCADE
) ENGINE=InnoDB AUTO_INCREMENT=31 DEFAULT CHARSET=utf8mb4 COLLATE=utf8mb4_unicode_ci;
/*!40101 SET character_set_client = @saved_cs_client */;

--
-- Dumping data for table `communities`
--

LOCK TABLES `communities` WRITE;
/*!40000 ALTER TABLE `communities` DISABLE KEYS */;
INSERT INTO `communities` VALUES (1,'quia',34),(2,'eius',10),(3,'beatae',8),(4,'animi',73),(5,'perferendis',60),(6,'alias',7),(7,'rerum',40),(8,'adipisci',7),(9,'alias',32),(10,'sit',87),(11,'nesciunt',35),(12,'consectetur',54),(13,'nulla',34),(14,'rem',54),(15,'ut',74),(16,'qui',33),(17,'non',93),(18,'ducimus',62),(19,'libero',26),(20,'eum',19),(21,'dignissimos',69),(22,'est',56),(23,'ullam',92),(24,'aut',81),(25,'architecto',90),(26,'labore',13),(27,'id',60),(28,'necessitatibus',29),(29,'dolor',30),(30,'accusamus',78);
/*!40000 ALTER TABLE `communities` ENABLE KEYS */;
UNLOCK TABLES;

--
-- Table structure for table `friend_requests`
--

DROP TABLE IF EXISTS `friend_requests`;
/*!40101 SET @saved_cs_client     = @@character_set_client */;
/*!40101 SET character_set_client = utf8 */;
CREATE TABLE `friend_requests` (
  `initiator_user_id` bigint(20) unsigned NOT NULL,
  `target_user_id` bigint(20) unsigned NOT NULL,
  `status` enum('requested','approved','declined','unfriended') COLLATE utf8mb4_unicode_ci DEFAULT NULL,
  `requested_at` datetime DEFAULT current_timestamp(),
  `updated_at` datetime DEFAULT NULL ON UPDATE current_timestamp(),
  PRIMARY KEY (`initiator_user_id`,`target_user_id`),
  KEY `target_user_id` (`target_user_id`),
  CONSTRAINT `friend_requests_ibfk_1` FOREIGN KEY (`initiator_user_id`) REFERENCES `users` (`id`) ON DELETE CASCADE ON UPDATE CASCADE,
  CONSTRAINT `friend_requests_ibfk_2` FOREIGN KEY (`target_user_id`) REFERENCES `users` (`id`) ON DELETE CASCADE ON UPDATE CASCADE
) ENGINE=InnoDB DEFAULT CHARSET=utf8mb4 COLLATE=utf8mb4_unicode_ci;
/*!40101 SET character_set_client = @saved_cs_client */;

--
-- Dumping data for table `friend_requests`
--

LOCK TABLES `friend_requests` WRITE;
/*!40000 ALTER TABLE `friend_requests` DISABLE KEYS */;
INSERT INTO `friend_requests` VALUES (1,26,'declined','2022-02-25 03:35:05','2022-02-27 04:59:02'),(1,47,'approved','2021-10-24 06:36:12','2022-03-01 18:21:19'),(2,21,'approved','2020-11-26 20:53:48','2021-09-17 00:38:10'),(2,25,'approved','2021-04-27 06:52:24','2022-06-05 04:03:14'),(2,93,'approved','2020-11-22 20:17:19','2022-04-15 14:30:22'),(3,14,'unfriended','2022-03-14 08:10:57','2022-02-25 07:45:23'),(3,46,'unfriended','2022-03-12 16:21:51','2022-07-30 07:22:28'),(3,75,'approved','2021-01-08 01:37:59','2021-11-05 19:00:16'),(3,76,'declined','2020-11-24 11:29:03','2022-05-02 20:07:04'),(4,80,'unfriended','2022-06-20 02:32:05','2022-01-07 00:04:47'),(5,14,'unfriended','2022-05-05 21:23:54','2021-12-10 16:25:16'),(5,33,'declined','2021-11-28 02:06:25','2021-09-17 00:38:54'),(5,70,'declined','2022-08-02 17:53:57','2022-02-22 08:36:28'),(6,8,'unfriended','2021-04-03 07:04:36','2021-11-29 01:46:39'),(6,45,'unfriended','2021-10-10 19:55:44','2022-08-27 18:32:07'),(7,32,'requested','2021-04-07 14:08:33','2021-09-24 04:10:01'),(7,49,'unfriended','2022-03-25 20:02:41','2022-07-23 13:32:53'),(7,59,'declined','2021-07-13 04:38:30','2022-06-26 19:04:42'),(7,63,'declined','2021-12-25 12:54:03','2021-09-20 04:24:21'),(8,13,'declined','2022-06-03 13:02:52','2022-02-18 00:55:44'),(9,62,'declined','2021-11-02 20:47:18','2022-06-09 06:58:22'),(9,79,'declined','2021-03-30 15:36:40','2021-12-25 17:59:39'),(10,24,'approved','2022-03-03 04:22:20','2022-06-07 20:56:54'),(11,30,'approved','2020-10-16 23:11:33','2021-10-15 05:42:28'),(11,81,'declined','2021-04-25 12:01:01','2022-08-04 00:36:06'),(11,95,'approved','2022-01-31 14:50:22','2021-10-28 03:01:16'),(12,93,'requested','2022-05-25 06:11:39','2022-02-27 16:58:15'),(13,84,'approved','2022-07-16 10:58:14','2022-08-16 07:46:30'),(13,86,'unfriended','2021-12-01 01:25:28','2022-01-21 23:31:52'),(14,52,'unfriended','2022-04-14 15:00:54','2021-11-23 03:26:51'),(14,73,'declined','2021-11-22 22:09:19','2022-07-08 22:20:37'),(14,86,'approved','2021-03-26 17:18:14','2021-12-11 12:58:22'),(15,44,'declined','2022-08-22 00:35:59','2021-10-03 03:22:00'),(15,89,'unfriended','2021-09-28 20:16:32','2022-09-01 08:39:05'),(16,6,'requested','2020-12-03 22:49:59','2021-12-14 12:45:31'),(16,28,'unfriended','2021-01-12 18:31:34','2021-09-15 01:31:36'),(17,29,'requested','2022-05-15 02:05:17','2022-03-03 04:29:08'),(17,74,'unfriended','2020-12-12 08:17:16','2022-07-17 10:12:37'),(18,57,'unfriended','2020-12-09 17:26:35','2022-06-23 21:37:40'),(18,80,'unfriended','2020-11-09 10:14:35','2022-08-18 19:17:09'),(19,25,'approved','2021-10-16 15:20:55','2021-11-19 08:21:01'),(19,66,'approved','2022-05-15 12:07:08','2021-09-21 10:35:27'),(19,93,'requested','2022-05-26 18:14:50','2022-07-23 14:17:10'),(20,23,'requested','2021-12-29 13:32:31','2022-06-19 06:18:32'),(21,61,'requested','2021-12-08 06:56:20','2022-04-13 19:31:56'),(21,77,'unfriended','2021-03-22 07:30:02','2021-10-08 15:26:24'),(22,62,'requested','2020-11-26 21:38:58','2022-05-06 00:05:48'),(22,76,'unfriended','2021-08-30 06:54:26','2022-08-23 23:38:17'),(23,36,'approved','2022-06-25 23:30:47','2022-06-29 11:53:40'),(23,40,'declined','2021-05-05 20:45:03','2022-02-16 00:08:42'),(23,91,'requested','2021-11-02 10:29:48','2021-11-11 00:36:42'),(24,8,'requested','2022-03-18 08:50:31','2022-02-15 20:15:20'),(24,14,'unfriended','2021-07-10 01:33:40','2022-02-03 18:28:44'),(24,33,'requested','2022-02-04 10:06:50','2022-06-19 12:49:55'),(26,58,'requested','2021-04-21 12:11:19','2021-12-20 03:26:15'),(28,10,'approved','2022-04-17 17:20:34','2022-06-11 19:24:23'),(29,27,'requested','2022-08-13 23:51:10','2021-09-21 10:41:53'),(29,95,'approved','2022-03-04 03:33:24','2021-10-21 17:41:29'),(30,25,'approved','2021-04-03 02:12:01','2021-12-10 14:37:18'),(30,98,'unfriended','2021-12-05 02:56:30','2022-08-04 17:52:03'),(31,39,'unfriended','2021-02-04 06:34:00','2021-10-27 02:51:14'),(31,63,'unfriended','2022-04-23 08:19:23','2021-10-12 17:39:29'),(32,1,'declined','2021-10-16 14:07:04','2021-11-09 08:15:21'),(32,73,'unfriended','2022-02-05 14:16:08','2022-05-08 23:38:39'),(34,7,'declined','2022-08-25 10:05:56','2021-09-22 06:42:39'),(34,22,'unfriended','2021-07-05 21:50:20','2022-03-22 17:42:37'),(34,44,'requested','2020-10-09 23:35:12','2022-04-04 03:28:21'),(34,66,'requested','2020-12-10 07:24:10','2022-03-08 12:30:52'),(35,41,'unfriended','2022-08-29 23:38:50','2022-01-06 22:54:38'),(37,46,'requested','2020-12-25 09:28:51','2022-08-25 17:34:55'),(38,2,'declined','2021-03-08 11:09:08','2022-04-28 15:52:35'),(38,92,'requested','2022-03-03 00:58:04','2021-11-19 07:56:57'),(39,12,'approved','2020-10-28 17:32:40','2022-08-22 11:26:38'),(39,51,'requested','2022-07-27 06:46:56','2021-12-27 01:43:50'),(40,58,'declined','2021-07-23 00:01:05','2022-04-27 01:12:08'),(40,87,'declined','2021-12-29 01:18:02','2021-09-11 21:05:56'),(42,17,'requested','2022-05-24 04:25:40','2022-08-10 21:56:39'),(42,33,'unfriended','2022-03-05 01:22:21','2021-12-02 14:18:55'),(42,58,'unfriended','2021-06-05 16:17:44','2022-08-27 21:05:15'),(43,31,'approved','2022-08-21 21:01:11','2022-04-17 23:17:04'),(43,38,'unfriended','2021-12-20 02:42:20','2022-01-31 19:51:23'),(43,61,'unfriended','2022-01-03 10:26:22','2021-09-29 09:19:04'),(44,19,'requested','2020-12-13 17:03:33','2022-01-03 14:04:48'),(44,28,'declined','2021-04-11 02:36:42','2021-12-03 09:15:46'),(44,81,'unfriended','2020-10-27 07:28:30','2021-12-01 00:09:47'),(44,85,'approved','2021-02-10 08:02:22','2022-06-04 11:29:38'),(45,22,'requested','2020-12-21 17:37:15','2022-06-15 09:17:35'),(45,76,'unfriended','2022-01-22 22:34:32','2021-09-13 03:11:03'),(45,87,'requested','2021-05-14 14:43:17','2022-04-28 02:50:09'),(46,86,'requested','2022-07-28 15:36:42','2022-03-15 04:51:55'),(47,3,'unfriended','2020-10-27 13:23:13','2022-04-04 14:20:44'),(48,80,'unfriended','2022-01-19 01:00:22','2022-02-28 18:15:17'),(48,92,'approved','2021-05-16 18:06:33','2022-04-19 07:39:03'),(49,7,'requested','2022-02-12 02:45:48','2021-11-14 16:56:08'),(49,18,'declined','2021-02-09 07:23:39','2021-11-21 11:05:01'),(49,47,'requested','2020-09-30 14:35:43','2021-12-05 01:38:31'),(49,95,'requested','2022-03-04 02:43:55','2022-05-28 23:05:27'),(50,99,'unfriended','2022-01-22 14:14:00','2021-09-10 03:26:49'),(51,63,'requested','2021-04-22 03:33:15','2022-06-02 18:22:13'),(52,21,'declined','2021-09-02 06:36:07','2022-03-29 10:00:37'),(52,32,'declined','2022-04-04 21:46:48','2021-09-23 19:20:56'),(52,50,'unfriended','2021-04-02 11:48:15','2022-06-12 21:20:37'),(53,30,'declined','2021-08-16 01:21:36','2022-08-10 01:11:31'),(53,75,'approved','2021-07-10 00:21:08','2021-09-18 18:03:08'),(54,13,'approved','2021-02-23 13:07:48','2022-06-01 09:08:21'),(54,21,'requested','2022-06-16 13:56:24','2022-06-03 09:48:21'),(55,41,'unfriended','2021-04-28 10:14:12','2022-01-29 14:55:25'),(55,49,'approved','2020-10-28 03:28:02','2022-05-30 04:07:34'),(56,44,'declined','2022-01-09 08:06:24','2021-11-25 14:01:50'),(56,92,'approved','2021-02-28 09:09:03','2021-11-22 11:41:34'),(57,40,'unfriended','2022-01-07 02:17:21','2021-12-15 06:38:53'),(57,76,'unfriended','2021-11-13 22:50:07','2022-07-26 02:18:39'),(59,20,'unfriended','2021-02-13 04:49:51','2022-03-02 10:56:21'),(59,58,'approved','2020-11-21 02:02:59','2022-08-12 10:39:53'),(59,88,'declined','2021-10-05 13:00:00','2021-11-23 16:10:03'),(59,92,'requested','2022-07-26 00:56:43','2022-02-19 19:08:13'),(60,73,'unfriended','2021-09-06 03:16:43','2022-01-26 09:51:49'),(61,7,'declined','2022-05-28 21:02:53','2022-01-24 22:15:18'),(61,47,'approved','2022-04-12 11:32:48','2022-09-08 05:07:03'),(61,62,'requested','2020-10-06 12:23:11','2022-07-07 07:42:45'),(61,94,'declined','2022-07-04 19:29:43','2022-06-08 01:58:55'),(62,66,'approved','2021-04-23 09:37:01','2022-07-14 01:21:06'),(62,80,'approved','2021-02-20 14:23:16','2021-09-20 16:31:04'),(62,81,'requested','2020-10-01 14:52:17','2022-04-02 08:43:35'),(62,87,'declined','2022-04-04 19:17:44','2022-02-24 09:21:10'),(63,3,'unfriended','2021-07-02 03:22:38','2022-02-11 04:13:58'),(63,43,'requested','2022-02-01 10:39:59','2021-10-25 16:20:45'),(64,14,'unfriended','2021-04-09 11:03:29','2022-02-11 23:50:21'),(64,81,'declined','2020-11-20 06:59:32','2021-09-23 09:37:32'),(65,72,'declined','2020-11-09 08:49:40','2021-10-07 00:09:08'),(65,87,'requested','2021-01-25 08:01:38','2022-09-05 18:23:52'),(66,22,'requested','2021-11-25 06:55:10','2022-08-31 17:21:30'),(66,57,'requested','2022-03-11 11:36:48','2021-11-29 19:53:17'),(66,66,'declined','2021-03-18 07:21:37','2021-10-18 19:48:19'),(67,80,'requested','2020-09-25 02:44:48','2021-12-01 06:30:37'),(68,15,'approved','2021-06-13 15:39:50','2022-08-06 01:37:44'),(69,7,'unfriended','2021-10-27 07:02:02','2021-12-18 11:54:53'),(70,5,'requested','2021-11-30 11:32:52','2022-01-03 18:13:56'),(71,31,'requested','2021-12-03 15:50:41','2022-08-15 10:38:24'),(71,60,'unfriended','2020-09-11 12:14:36','2022-05-14 11:41:59'),(72,7,'unfriended','2022-08-17 09:33:18','2022-08-01 21:19:53'),(77,8,'declined','2021-12-04 23:06:52','2022-02-20 18:55:00'),(77,19,'unfriended','2022-05-08 12:50:21','2022-06-05 04:47:02'),(77,54,'approved','2020-10-20 09:28:19','2022-02-21 20:28:45'),(77,55,'approved','2020-10-27 17:55:54','2021-12-17 02:19:09'),(77,62,'unfriended','2021-01-10 03:34:50','2022-08-10 20:36:38'),(77,89,'unfriended','2020-09-20 03:35:20','2022-01-13 02:08:29'),(78,8,'requested','2022-01-23 07:13:40','2021-11-14 17:57:23'),(78,19,'approved','2022-07-27 19:53:59','2022-03-26 00:45:07'),(78,97,'declined','2022-07-10 15:26:53','2022-07-18 10:43:22'),(79,1,'approved','2021-02-14 11:02:10','2022-03-09 01:04:25'),(79,6,'declined','2020-11-24 23:16:50','2021-09-19 05:39:08'),(79,29,'declined','2021-06-13 19:27:36','2021-09-25 20:41:51'),(80,8,'declined','2020-11-17 22:58:40','2022-03-15 16:47:30'),(80,65,'unfriended','2021-03-08 22:13:26','2022-04-15 21:14:15'),(80,78,'requested','2021-07-14 10:54:15','2022-05-14 20:37:44'),(81,42,'declined','2021-10-31 04:29:58','2022-05-11 21:01:49'),(82,52,'unfriended','2022-01-12 18:48:41','2021-09-15 18:19:53'),(82,61,'requested','2022-05-25 12:22:30','2021-11-03 23:13:47'),(82,79,'unfriended','2022-01-04 05:53:59','2021-12-23 07:44:14'),(84,5,'declined','2021-12-06 19:17:42','2022-07-26 08:44:52'),(84,62,'declined','2020-09-25 05:01:03','2021-12-07 13:42:22'),(84,77,'requested','2020-11-02 06:38:13','2022-09-07 14:08:04'),(85,84,'requested','2021-10-26 22:56:29','2021-10-31 14:59:10'),(86,46,'unfriended','2020-11-26 20:23:54','2022-08-17 00:12:04'),(86,78,'requested','2021-07-06 14:16:26','2021-10-22 15:58:23'),(87,31,'approved','2022-01-17 12:49:17','2022-07-05 08:15:52'),(87,47,'approved','2022-03-16 03:34:59','2022-03-31 12:45:24'),(87,95,'requested','2022-09-08 20:46:46','2022-03-05 17:26:26'),(88,66,'declined','2022-08-19 16:34:14','2022-06-29 06:55:14'),(89,16,'unfriended','2021-06-10 23:18:37','2022-01-10 15:13:20'),(89,29,'declined','2022-06-01 11:35:25','2022-07-29 16:43:38'),(89,41,'requested','2021-04-08 14:44:27','2022-06-25 15:54:18'),(89,95,'requested','2020-09-16 19:49:17','2022-01-24 12:34:34'),(90,25,'unfriended','2021-06-16 11:52:04','2022-05-04 16:52:07'),(90,36,'unfriended','2021-05-26 06:39:21','2021-11-28 23:43:02'),(90,87,'unfriended','2021-06-29 12:36:29','2022-03-13 03:10:05'),(91,1,'approved','2022-02-13 17:13:30','2021-10-24 00:44:12'),(91,2,'requested','2021-06-14 07:38:46','2022-06-19 13:15:36'),(91,44,'approved','2020-10-01 18:31:45','2022-01-14 09:34:05'),(91,54,'declined','2020-09-20 15:45:45','2021-11-07 20:55:04'),(91,66,'unfriended','2020-10-12 07:07:27','2022-01-04 14:06:14'),(91,67,'requested','2022-07-09 02:04:58','2022-04-27 05:35:44'),(91,68,'requested','2021-05-24 04:39:20','2022-06-02 20:25:20'),(92,16,'requested','2022-05-23 12:55:08','2021-11-30 10:29:28'),(92,23,'declined','2021-02-04 17:31:09','2021-11-07 07:39:06'),(93,32,'unfriended','2020-11-06 22:18:57','2022-03-13 03:19:03'),(94,18,'declined','2022-04-06 19:31:22','2022-03-31 19:20:37'),(94,89,'unfriended','2021-01-04 01:15:20','2021-12-16 07:57:32'),(95,12,'declined','2022-07-06 15:54:08','2022-08-01 09:27:10'),(95,38,'unfriended','2022-03-15 03:47:14','2021-11-02 14:42:56'),(95,62,'unfriended','2021-07-17 00:23:38','2022-08-30 05:57:17'),(96,14,'declined','2021-03-14 20:34:21','2021-10-03 17:23:43'),(96,43,'approved','2022-06-15 06:51:22','2021-11-27 01:55:53'),(96,84,'requested','2021-06-01 11:09:11','2022-01-26 13:49:29'),(97,4,'unfriended','2022-06-14 22:41:46','2022-01-03 11:07:05'),(97,64,'declined','2020-12-25 01:32:14','2021-12-15 04:54:45'),(98,92,'requested','2022-04-19 14:56:32','2022-03-08 19:00:51'),(99,78,'unfriended','2020-12-07 23:45:10','2021-11-19 23:35:10'),(100,42,'approved','2022-01-06 15:08:32','2021-12-10 10:22:04');
/*!40000 ALTER TABLE `friend_requests` ENABLE KEYS */;
UNLOCK TABLES;

--
-- Table structure for table `likes`
--

DROP TABLE IF EXISTS `likes`;
/*!40101 SET @saved_cs_client     = @@character_set_client */;
/*!40101 SET character_set_client = utf8 */;
CREATE TABLE `likes` (
  `id` bigint(20) unsigned NOT NULL AUTO_INCREMENT,
  `user_id` bigint(20) unsigned NOT NULL,
  `media_id` bigint(20) unsigned NOT NULL,
  `created_at` datetime DEFAULT current_timestamp(),
  PRIMARY KEY (`id`),
  KEY `user_id` (`user_id`),
  KEY `media_id` (`media_id`),
  CONSTRAINT `likes_ibfk_1` FOREIGN KEY (`user_id`) REFERENCES `users` (`id`) ON DELETE CASCADE ON UPDATE CASCADE,
  CONSTRAINT `likes_ibfk_2` FOREIGN KEY (`media_id`) REFERENCES `media` (`id`) ON DELETE CASCADE ON UPDATE CASCADE
) ENGINE=InnoDB AUTO_INCREMENT=101 DEFAULT CHARSET=utf8mb4 COLLATE=utf8mb4_unicode_ci;
/*!40101 SET character_set_client = @saved_cs_client */;

--
-- Dumping data for table `likes`
--

LOCK TABLES `likes` WRITE;
/*!40000 ALTER TABLE `likes` DISABLE KEYS */;
INSERT INTO `likes` VALUES (1,98,6,'1977-12-13 08:53:04'),(2,31,10,'2017-11-28 16:20:56'),(3,74,155,'1970-06-26 17:04:37'),(4,9,91,'1992-05-03 06:06:28'),(5,14,123,'1998-07-22 14:25:15'),(6,32,142,'1987-04-23 02:47:30'),(7,84,90,'2011-05-08 00:15:29'),(8,86,4,'2014-04-03 13:10:41'),(9,99,143,'1988-06-17 14:24:12'),(10,70,11,'1976-05-25 15:56:49'),(11,12,149,'1997-07-01 23:29:37'),(12,27,27,'2016-03-21 23:46:08'),(13,47,136,'1990-03-09 00:50:32'),(14,28,83,'1986-12-21 11:51:01'),(15,78,113,'1995-01-22 14:57:04'),(16,4,151,'1975-02-10 05:48:13'),(17,59,69,'2002-08-16 12:48:41'),(18,80,64,'1992-11-16 23:52:37'),(19,12,178,'1994-11-28 15:22:08'),(20,78,50,'1987-02-21 15:18:28'),(21,50,19,'1987-05-04 21:48:59'),(22,96,67,'2000-04-11 21:20:31'),(23,55,163,'2018-04-03 00:08:56'),(24,35,105,'1998-01-06 01:36:03'),(25,53,9,'2003-09-21 21:19:55'),(26,58,128,'2005-08-02 02:57:09'),(27,79,170,'1999-03-28 12:28:53'),(28,78,51,'1991-12-03 07:19:16'),(29,53,10,'2002-03-09 00:35:00'),(30,67,60,'2022-07-31 20:37:28'),(31,61,141,'2018-02-08 01:37:06'),(32,5,39,'1983-07-11 20:29:12'),(33,5,169,'2021-11-18 21:38:56'),(34,52,31,'1977-04-29 19:11:20'),(35,73,58,'2022-06-14 21:53:50'),(36,41,46,'1991-07-29 20:21:20'),(37,39,72,'1987-06-04 00:12:56'),(38,57,185,'2019-02-20 12:06:22'),(39,17,183,'1990-06-23 12:32:55'),(40,45,138,'2002-07-08 17:32:11'),(41,96,5,'1981-12-25 10:56:09'),(42,33,149,'2009-06-20 04:36:03'),(43,87,20,'2017-05-09 08:19:52'),(44,100,79,'2014-02-19 23:25:16'),(45,15,132,'1996-03-07 03:05:13'),(46,69,151,'1985-11-08 01:34:30'),(47,37,148,'1983-01-21 21:14:05'),(48,95,81,'2009-09-12 18:22:13'),(49,58,92,'2014-09-05 18:06:10'),(50,56,62,'1996-09-12 04:29:54'),(51,75,192,'1972-07-19 11:36:24'),(52,54,26,'1975-06-09 20:15:42'),(53,32,20,'2019-08-04 17:07:52'),(54,5,96,'2008-02-21 09:52:41'),(55,1,99,'1984-12-08 01:29:51'),(56,17,193,'2020-09-16 08:10:27'),(57,52,98,'1972-12-17 10:13:26'),(58,71,77,'1987-08-13 15:08:11'),(59,59,140,'1973-01-02 02:10:35'),(60,78,146,'1979-07-29 06:00:13'),(61,36,92,'1994-08-21 18:31:51'),(62,48,143,'2012-11-03 00:39:04'),(63,20,85,'2010-03-27 02:35:13'),(64,12,155,'1986-03-06 16:59:06'),(65,89,135,'1993-05-05 07:39:05'),(66,9,126,'1978-12-22 22:41:42'),(67,64,125,'2022-07-06 12:57:23'),(68,76,189,'1990-12-06 04:07:54'),(69,73,160,'2005-07-02 02:29:31'),(70,43,147,'2008-06-03 08:08:11'),(71,30,117,'2017-03-16 11:57:39'),(72,70,161,'2015-11-13 02:19:48'),(73,8,80,'1987-02-11 22:30:52'),(74,19,131,'2002-02-02 19:33:08'),(75,10,192,'2019-03-23 19:27:02'),(76,39,89,'1996-07-07 08:32:21'),(77,42,172,'2019-01-14 23:35:01'),(78,16,122,'1981-05-28 09:50:09'),(79,28,55,'1993-10-26 23:49:15'),(80,39,33,'1985-01-24 13:58:53'),(81,95,94,'2007-12-15 11:53:48'),(82,79,116,'2011-11-28 15:43:34'),(83,9,109,'2021-11-16 00:57:22'),(84,53,162,'1975-07-16 12:15:17'),(85,35,189,'1997-06-10 01:47:14'),(86,54,127,'1974-11-14 01:37:43'),(87,53,47,'1975-07-14 16:48:23'),(88,44,120,'2013-01-30 16:12:26'),(89,63,125,'1980-02-15 03:04:36'),(90,26,144,'2012-08-29 13:51:33'),(91,58,127,'1981-04-10 07:21:16'),(92,17,199,'1997-03-18 14:38:12'),(93,50,64,'1973-03-28 10:47:56'),(94,61,155,'1975-11-11 02:17:22'),(95,60,198,'2003-10-09 20:19:04'),(96,94,109,'1975-12-02 08:48:28'),(97,46,144,'1987-09-08 21:01:53'),(98,13,109,'2002-05-20 22:51:31'),(99,27,129,'2016-05-28 19:40:40'),(100,36,121,'2016-03-21 22:17:58');
/*!40000 ALTER TABLE `likes` ENABLE KEYS */;
UNLOCK TABLES;

--
-- Table structure for table `media`
--

DROP TABLE IF EXISTS `media`;
/*!40101 SET @saved_cs_client     = @@character_set_client */;
/*!40101 SET character_set_client = utf8 */;
CREATE TABLE `media` (
  `id` bigint(20) unsigned NOT NULL AUTO_INCREMENT,
  `media_type_id` bigint(20) unsigned DEFAULT NULL,
  `user_id` bigint(20) unsigned NOT NULL,
  `body` text COLLATE utf8mb4_unicode_ci DEFAULT NULL,
  `filename` varchar(255) COLLATE utf8mb4_unicode_ci DEFAULT NULL,
  `size` int(11) DEFAULT NULL,
  `metadata` longtext CHARACTER SET utf8mb4 COLLATE utf8mb4_bin DEFAULT NULL CHECK (json_valid(`metadata`)),
  `created_at` datetime DEFAULT current_timestamp(),
  `updated_at` datetime DEFAULT current_timestamp() ON UPDATE current_timestamp(),
  PRIMARY KEY (`id`),
  KEY `user_id` (`user_id`),
  KEY `media_type_id` (`media_type_id`),
  CONSTRAINT `media_ibfk_1` FOREIGN KEY (`user_id`) REFERENCES `users` (`id`) ON DELETE CASCADE ON UPDATE CASCADE,
  CONSTRAINT `media_ibfk_2` FOREIGN KEY (`media_type_id`) REFERENCES `media_types` (`id`) ON DELETE SET NULL ON UPDATE CASCADE
) ENGINE=InnoDB AUTO_INCREMENT=201 DEFAULT CHARSET=utf8mb4 COLLATE=utf8mb4_unicode_ci;
/*!40101 SET character_set_client = @saved_cs_client */;

--
-- Dumping data for table `media`
--

LOCK TABLES `media` WRITE;
/*!40000 ALTER TABLE `media` DISABLE KEYS */;
INSERT INTO `media` VALUES (1,1,76,'Minus ipsa odio natus sit iure. Molestias impedit aliquam provident dicta enim. Mollitia nisi quas culpa laudantium fuga.','pariatur',0,NULL,'2008-11-19 19:38:37','2009-10-09 03:56:05'),(2,2,37,'Sit recusandae dicta repellat ratione. Soluta est dolore sequi aliquam qui at.','ad',0,NULL,'2005-10-08 12:01:46','1979-09-28 04:01:52'),(3,3,89,'Non quo recusandae et repudiandae saepe doloribus ex. Voluptas aliquam libero eligendi adipisci optio natus.','omnis',378638,NULL,'1990-04-10 17:41:24','2012-07-09 13:13:55'),(4,4,25,'Reiciendis aspernatur illum omnis quibusdam eius corrupti ex. Exercitationem architecto et natus consequatur magnam odio magnam. Velit ipsum et voluptatibus odio et et voluptas. Et corrupti facilis ratione at mollitia deleniti tempore. Ullam eum recusandae exercitationem et commodi maiores quaerat aspernatur.','recusandae',5,NULL,'1986-05-05 23:09:41','1975-03-21 22:17:01'),(5,5,93,'Repellendus aliquam laboriosam voluptas sed. Repudiandae vitae voluptatem quam nobis eum. Eaque dicta dolor aut at commodi voluptatem.','placeat',2828,NULL,'2006-10-25 16:07:49','1970-02-13 21:45:15'),(6,1,1,'Officiis reprehenderit sint dolorem ut. Perferendis nisi dolor minima ut reprehenderit. Adipisci incidunt aut corrupti atque voluptate omnis.','omnis',288,NULL,'1985-11-22 11:58:26','2001-05-26 12:16:46'),(7,2,10,'Soluta vitae omnis expedita nobis consectetur. Aut facere maiores non. Non voluptatem alias ipsum quasi.','non',98558023,NULL,'1989-08-07 09:19:10','1998-11-27 01:57:58'),(8,3,55,'Ab possimus est voluptas voluptate. In perspiciatis omnis reiciendis quo. Nihil eaque impedit eius nihil numquam repellat quo sint. Necessitatibus voluptate dignissimos impedit suscipit repellendus ullam at.','repellat',1814538,NULL,'2014-05-01 11:26:34','1985-05-21 07:27:04'),(9,4,97,'Eos voluptates nobis eligendi maiores soluta. Labore amet consequatur omnis architecto. Autem voluptas tempore fugiat officiis quia.','suscipit',35,NULL,'1980-07-30 18:36:16','2008-04-28 12:43:03'),(10,5,16,'Cum provident nulla voluptatem ut consequatur eaque. Accusantium nam sequi itaque quia nobis nemo. Et sit officiis est voluptas sit tenetur. Voluptatum dignissimos quibusdam voluptatum culpa accusamus.','placeat',919276,NULL,'1989-07-05 23:44:14','1982-10-07 19:29:42'),(11,1,14,'Ut sint tempore molestias. Est vel ut ex impedit assumenda quo in ipsum. Esse possimus natus temporibus eaque consectetur eos ut. Eveniet saepe illo et aspernatur aperiam quia qui. Laborum ut ullam voluptatem omnis porro consequatur culpa.','error',39,NULL,'1978-08-13 00:08:00','1984-05-05 13:53:30'),(12,2,66,'Adipisci numquam ipsa vel eius voluptas suscipit. Veniam dolorum quia ratione voluptatem aut. Voluptas officiis est sed in.','quos',53457,NULL,'2018-05-23 20:34:01','1976-04-10 20:24:23'),(13,3,40,'Debitis animi animi corporis et sit. Repellat corporis omnis sapiente quaerat animi.','nesciunt',11483,NULL,'1977-05-05 23:42:32','2019-09-10 09:09:06'),(14,4,68,'Aut aspernatur nihil et quis omnis fuga quasi. Commodi consequatur ut dignissimos quis fuga aut sint sed. Quidem ea qui asperiores qui.','qui',142,NULL,'2006-10-03 03:08:10','2013-04-29 18:13:34'),(15,5,48,'Ea magnam sit nulla qui ea. Molestiae quia id qui sed est temporibus. Delectus maiores omnis suscipit qui.','molestiae',8102,NULL,'1993-12-19 06:49:24','1978-10-12 20:18:14'),(16,1,27,'Et quia aliquid non vero dolores. Quia ipsum molestias assumenda explicabo nihil dolorem architecto dolor. Aut aut iste a eum.','voluptas',6714516,NULL,'1991-02-02 06:56:39','2008-03-04 21:04:34'),(17,2,92,'Sit consequatur fugiat sunt aut fugit maxime voluptatem. Repudiandae omnis in culpa nulla nemo deleniti.','quidem',83071321,NULL,'1986-10-09 11:06:19','2007-07-20 20:08:52'),(18,3,39,'At alias dignissimos repudiandae qui quasi ea. Reprehenderit dolores necessitatibus iste dolor et. Quae et nam possimus neque illo tempora. Maiores veritatis laudantium qui molestiae minus incidunt.','vel',20,NULL,'2014-09-22 01:38:55','1986-07-04 17:40:00'),(19,4,91,'Maiores quia autem eveniet quas. Vel et consequatur recusandae. Quia sunt sunt laudantium sunt aut qui.','soluta',0,NULL,'1989-03-17 19:36:20','2014-06-14 04:39:09'),(20,5,43,'Quo voluptatum repellat eos dolores neque. Atque aut aut odio sed expedita rerum inventore. Vero nisi delectus totam sed. Officiis iusto sed cupiditate id distinctio tempora nostrum.','molestiae',756384004,NULL,'1997-08-14 09:42:19','1995-09-03 13:59:21'),(21,1,46,'Et aut magnam reiciendis corrupti esse. Et voluptatum numquam vitae possimus suscipit. Voluptatem et eius libero ipsum dicta. Inventore quasi consequatur ut quis. Quaerat sunt cumque ut.','in',0,NULL,'2010-11-30 07:52:20','2017-06-03 19:59:01'),(22,2,4,'Aut illo harum voluptatem nisi omnis doloribus. Repellendus ea dolores et. At omnis in consequatur dolorem.','voluptate',47001365,NULL,'2004-09-21 07:10:53','2012-08-27 14:44:14'),(23,3,95,'Quia deserunt id quia id. Quibusdam ipsa eius atque nemo sit eum deleniti. Quis non pariatur eum est voluptates ex ut.','et',9797205,NULL,'2001-10-17 21:52:34','1975-04-07 00:29:25'),(24,4,9,'Vel dolores et eos autem at. Eos id impedit sint non sunt suscipit pariatur. Magnam commodi vel soluta et debitis vel. Ea dolor sed fugiat velit veritatis alias repellat. Non repudiandae officiis beatae nihil dolor nihil.','quod',9708585,NULL,'2018-09-17 22:24:33','1970-10-16 04:01:07'),(25,5,34,'Et mollitia dolorum tempora ad fugiat beatae. Voluptas dolores reiciendis magni amet ipsam facere voluptas.','deleniti',536181,NULL,'1991-02-22 05:53:15','1971-12-14 11:53:18'),(26,1,54,'Magnam et repellendus rerum cumque consectetur et tempora sint. Veniam pariatur iure omnis molestiae omnis qui enim. Voluptatibus et maiores dolores numquam.','corporis',81006,NULL,'2002-05-02 01:46:04','2017-05-19 11:08:02'),(27,2,59,'Necessitatibus occaecati sit provident nobis occaecati est et. Delectus a et qui sit. Esse sit qui neque. At eaque est eaque qui eum voluptatem.','et',5310,NULL,'1987-04-22 22:56:30','2020-05-10 17:22:29'),(28,3,30,'Aut ut corporis maxime omnis occaecati. Saepe aspernatur exercitationem eos libero. Sunt ab quia consequatur molestiae. Quasi aut nulla tempora dolorem ullam hic vel.','maiores',1,NULL,'1977-08-09 04:44:35','1979-06-25 07:58:41'),(29,4,39,'Reprehenderit eaque consequuntur est omnis ut dolorem sunt. Repudiandae commodi quam facilis eos ipsum. Nihil rem quaerat quaerat ipsum.','et',897,NULL,'1981-05-08 07:50:02','1976-01-25 02:42:55'),(30,5,25,'Exercitationem eum dolores ab voluptas et molestias. Aut iure ut quo consequuntur consectetur ea voluptatem. Iste laborum soluta rerum voluptas commodi assumenda. Rem sit molestiae architecto optio laboriosam. Nam quidem sunt aperiam praesentium sapiente est.','veniam',21,NULL,'2015-12-09 23:19:30','2006-08-06 13:51:14'),(31,1,52,'Et voluptas dignissimos enim nam. Quisquam tenetur fugiat cumque doloribus. Fuga excepturi enim porro eaque.','quaerat',1,NULL,'1979-02-19 20:25:05','1989-12-09 08:41:40'),(32,2,15,'Placeat cum in at fuga quam repellendus dicta autem. Quidem numquam quia sit minima eum. Qui eveniet porro necessitatibus odio sit ullam rerum. Sed corporis qui voluptate quam.','et',0,NULL,'2003-11-01 03:31:11','1974-07-15 21:18:13'),(33,3,62,'Magni similique et ut dolorem exercitationem. Qui dolor accusamus similique distinctio perspiciatis qui iure. Beatae est sapiente qui atque cum deleniti.','dolorem',577362731,NULL,'2003-07-03 01:55:15','2009-12-04 23:18:48'),(34,4,40,'Accusamus quasi est eveniet qui ullam consequatur minus. Et sint cum blanditiis facere. Fugit molestias fugit exercitationem sint distinctio.','dolorem',940,NULL,'1980-05-12 14:54:40','1980-10-05 20:50:50'),(35,5,39,'Blanditiis quidem explicabo illum architecto neque sequi. Ut omnis quia iusto corrupti possimus voluptatum ipsa. Blanditiis similique aperiam expedita aut voluptates.','ea',18,NULL,'1992-08-17 11:37:25','2018-03-24 22:40:37'),(36,1,55,'Odit facilis quos eum dolore. Ut porro atque quia sit quia sunt. Autem dignissimos ut amet veniam. Ipsam sed eos a.','nostrum',27603,NULL,'1992-11-23 07:15:00','2007-08-15 22:08:48'),(37,2,41,'Assumenda assumenda quis enim. Numquam a quidem facilis voluptatem labore. Facilis eos consequatur labore nobis deleniti rerum accusantium.','ut',46151,NULL,'1981-06-24 05:33:27','1970-09-12 03:34:56'),(38,3,49,'Saepe dolores quia dolor iusto expedita deserunt ducimus et. Quis debitis qui nulla ut minima aut cumque ut. Dolores tenetur a aut aut. Ea et culpa et dolore ab.','dolor',9039,NULL,'2022-04-03 21:59:49','2010-02-17 03:15:08'),(39,4,10,'Exercitationem impedit repudiandae reiciendis ad. Voluptatem odio ducimus sunt qui. Et omnis ut ad accusamus. Qui sit ex explicabo neque ea recusandae reiciendis sit.','nemo',22533,NULL,'2011-08-29 21:02:38','2022-03-14 16:20:27'),(40,5,37,'Necessitatibus qui id culpa magnam expedita. In similique modi nemo quidem.','non',94,NULL,'1976-07-10 14:18:11','1981-01-17 17:35:49'),(41,1,65,'Vel molestiae autem omnis qui. Distinctio quo iste incidunt harum quos perspiciatis qui vitae. Veniam quibusdam ipsam dolores velit possimus non labore. Aliquam placeat tenetur molestias illo.','cum',861,NULL,'2014-12-30 01:14:15','2014-12-13 01:22:20'),(42,2,23,'Rerum quas consequuntur nihil dolorum saepe et rerum ea. Aut tempora et doloribus amet nulla. Ipsam repudiandae quisquam ipsum repellendus similique quibusdam. Minima porro aliquid voluptatum mollitia tenetur.','minus',4,NULL,'1998-09-08 09:09:11','1975-09-18 09:20:22'),(43,3,3,'Earum enim ut sint aut et perspiciatis est. Consequuntur maxime quis cumque corrupti. Est molestiae ullam ut unde dolores pariatur.','molestiae',2733,NULL,'1997-07-07 13:01:27','1974-03-25 08:36:10'),(44,4,4,'Harum similique veritatis unde qui. Aut veritatis repellendus nihil quia ex nisi. Enim in vitae id.','quia',96,NULL,'1977-06-24 19:05:14','2002-04-11 16:06:37'),(45,5,90,'Ipsam a commodi rerum et neque voluptates. Voluptatum enim voluptatem fugit amet dolorem voluptatum. Molestias iusto voluptate cum repellendus blanditiis.','iusto',542919,NULL,'1983-11-29 05:06:37','1990-10-13 21:19:16'),(46,1,51,'Similique et molestias dolores voluptatem aut magni fugit. Ullam nihil enim ea autem. Eligendi numquam sunt quia culpa nam aliquid animi. Consequatur dignissimos modi omnis voluptatem voluptas quasi reiciendis.','qui',969214315,NULL,'1975-04-20 23:49:01','1982-05-17 22:02:03'),(47,2,30,'Quis facere deleniti harum ut illum maiores. Consequatur soluta ut dolorem vel. Architecto ea atque et unde non ut culpa. Velit aliquam nam optio ducimus suscipit.','distinctio',482102,NULL,'1990-01-27 11:14:53','1996-04-19 22:41:51'),(48,3,81,'Qui a aut dicta aliquid consequatur. Libero qui ea laborum est quae laboriosam. Quos velit eaque enim laborum.','ratione',8660,NULL,'1985-03-26 21:02:56','1978-12-15 18:05:33'),(49,4,90,'Magnam impedit sint commodi hic reiciendis nemo. Sed molestiae ullam velit ducimus est beatae. Nobis non sed molestias rerum voluptatibus et. Iusto magnam enim repellat minus iure iusto animi unde.','esse',974509815,NULL,'1971-05-04 04:58:23','1998-08-27 04:51:43'),(50,5,21,'Sed quidem qui dicta esse eos nulla maiores. Eum rem corrupti facilis. Autem sed maxime voluptas assumenda itaque quis. Esse molestiae temporibus rerum velit quod et.','voluptatem',604028855,NULL,'1987-01-17 03:32:55','2010-05-18 16:49:55'),(51,1,24,'Doloremque error ea accusamus. Ab quaerat mollitia dolores quo officiis. Et quidem ut perspiciatis.','quo',94478,NULL,'2010-02-26 04:14:03','1988-10-07 00:55:51'),(52,2,35,'Rerum illo aspernatur consequuntur voluptatibus tempore tenetur natus. Debitis rerum consequuntur dicta et nemo corrupti. Et quo ut magnam vero beatae.','voluptatem',385530825,NULL,'1984-09-28 03:11:06','1999-06-26 15:11:33'),(53,3,25,'Tenetur vitae nemo fugit iste esse. Est nobis et earum omnis cumque ea. Qui exercitationem autem ut sunt. Sunt consectetur culpa sapiente alias qui omnis ducimus.','sed',682,NULL,'1976-01-26 07:47:01','1992-06-19 06:31:18'),(54,4,19,'Labore nisi quos minus molestiae non explicabo dicta. Corrupti quidem quos ut iure nihil earum consequatur. Unde beatae repellendus doloribus nostrum in cupiditate.','sit',120246092,NULL,'1989-09-17 06:44:06','2002-11-16 18:23:11'),(55,5,44,'Excepturi autem amet voluptas iusto voluptas nobis numquam. Aspernatur veniam earum qui quibusdam sed et aut ut. Consequuntur unde voluptate ducimus. Et sit molestiae odio voluptates natus.','inventore',56838266,NULL,'2021-07-29 07:27:52','2014-02-11 03:21:16'),(56,1,59,'Debitis et assumenda labore odio expedita quis. Porro rem a ut deserunt totam eligendi magni corrupti. Veritatis ducimus aut voluptates id enim non consectetur reiciendis.','iure',1,NULL,'1986-11-08 09:14:27','1977-02-05 21:43:33'),(57,2,73,'Laborum inventore aut in reiciendis id. Dolorem qui rem doloribus nam dolorum voluptas. Maxime magnam ratione magni qui. Eveniet ad dignissimos blanditiis excepturi.','quisquam',532251688,NULL,'1974-11-07 20:19:43','2000-05-09 09:15:55'),(58,3,2,'Nisi eos nulla est dolore. Quaerat fugiat at velit impedit. At consectetur in accusamus praesentium omnis.','placeat',5,NULL,'1989-12-08 07:48:23','2010-10-26 01:16:28'),(59,4,88,'Saepe magni sed culpa aut. Non delectus dolorem esse ducimus corrupti nulla ratione. Voluptatem dolor odit temporibus ut vel. Nam ut dolores ipsam sed odit totam at.','repellendus',13954237,NULL,'1993-12-10 23:13:05','1988-07-29 23:47:47'),(60,5,12,'Totam numquam et dolorum. Ipsa ipsa quisquam ipsum sint. Totam velit iure dolores qui quidem labore aut.','sed',16013236,NULL,'1990-05-20 12:58:49','2020-11-07 06:29:41'),(61,1,27,'Et assumenda quia dolorem qui. Laborum libero accusantium asperiores asperiores molestias. Ipsum a hic soluta explicabo sed et. Beatae saepe nihil accusantium aut a veniam. Aperiam et maiores dolorem consequatur et.','consectetur',6022,NULL,'2016-03-23 23:01:55','2019-02-07 10:36:14'),(62,2,39,'Qui rem eligendi non qui voluptatem. Ipsam ut atque voluptates sint provident alias. Sed et expedita assumenda officiis mollitia.','et',16578,NULL,'2002-04-17 19:51:39','1979-02-03 20:18:17'),(63,3,26,'Dolor ipsum et quaerat. Ad in ut eum enim vitae. Libero et commodi doloremque recusandae saepe. Provident eligendi provident molestiae necessitatibus.','repellendus',551302789,NULL,'2009-06-30 04:09:31','2010-11-24 01:41:02'),(64,4,89,'A aut nulla totam cumque animi nam quasi. Debitis quae iste voluptatem fugiat quo voluptatum. Ex molestiae facilis consequatur voluptas. Rerum et libero sunt aut rerum ea.','at',486736,NULL,'1982-09-24 12:30:22','2019-04-21 00:03:22'),(65,5,79,'Sunt explicabo enim voluptas molestiae porro. Velit ut voluptas repellat aliquam aperiam. Voluptas quis quibusdam in quo sapiente quas.','sed',993434,NULL,'1994-12-14 08:32:05','1978-02-16 21:58:51'),(66,1,65,'Impedit quae esse et quia expedita. Quaerat hic consequuntur cupiditate voluptatem tempore consequatur temporibus nisi. Sequi totam aut ullam sint dolorem cupiditate possimus. Culpa repellat vel in voluptatum culpa saepe aspernatur.','ut',64,NULL,'2022-07-14 19:00:45','2013-12-15 12:55:02'),(67,2,43,'Accusantium deleniti adipisci quod et aut sit. Voluptas et quam quasi beatae est. Enim quisquam est ut aut.','commodi',84,NULL,'1997-06-07 18:50:44','2022-04-16 19:12:44'),(68,3,19,'Pariatur ea rerum sit sint autem cupiditate. Aut est error quam dicta laborum fuga nobis. Ratione adipisci reiciendis suscipit aut doloremque voluptates at. Sed exercitationem doloremque dolor veniam numquam ut perferendis.','eum',74235420,NULL,'2009-09-21 23:35:03','1977-01-19 06:24:10'),(69,4,13,'Aut nihil ipsa voluptas amet consequatur. Minus quod quia repellat quisquam odit quam. Dicta ut in veritatis eaque vero.','nemo',3,NULL,'1979-01-06 12:10:32','1998-07-12 10:27:29'),(70,5,52,'Consequatur libero soluta minus officiis. Voluptates sit numquam praesentium incidunt ipsam error veniam. Eligendi vero ex expedita maiores eos.','optio',895,NULL,'2000-05-30 11:01:38','2022-04-02 16:11:25'),(71,1,56,'Fugiat ut iure officiis modi vero in. Sint voluptatem eum eveniet molestiae in. Iure placeat et iure saepe ad ipsa. Qui neque vero veniam ullam repellat qui.','illum',2,NULL,'2004-04-06 01:45:50','2010-09-02 10:29:44'),(72,2,78,'Odio eligendi vel mollitia quasi qui explicabo. Enim vitae enim ducimus quia accusantium et. Tempora consequatur illo quae id est. Ut quibusdam laboriosam illum error officia ipsa.','officiis',877069,NULL,'2015-10-11 19:57:04','2010-03-08 04:39:38'),(73,3,75,'Ut aut et saepe sed sapiente saepe. Corrupti qui ea officiis sint sunt doloremque dicta. Consequuntur enim debitis harum perferendis.','autem',5,NULL,'1976-06-23 15:06:50','2018-02-19 04:10:52'),(74,4,58,'Esse accusamus quia qui explicabo quibusdam voluptatum. Doloremque suscipit ducimus excepturi qui eum. Nihil facere omnis pariatur quae. Vel laborum sequi suscipit omnis.','porro',0,NULL,'2020-04-01 02:23:44','2018-08-29 04:00:25'),(75,5,81,'Quia minima aut voluptates eum sed aperiam id. Hic nostrum explicabo aperiam voluptatem inventore repellat enim possimus.','dolore',0,NULL,'1979-08-28 03:02:33','2003-01-18 04:40:51'),(76,1,64,'Est magnam ipsam dolor. Eaque nihil consequatur commodi veniam. Autem delectus quae reiciendis nostrum et. Consequatur nam autem ullam ipsa libero sapiente. Illo autem dolor enim tempore enim est est.','eaque',0,NULL,'1985-12-29 06:59:14','2004-09-21 20:42:48'),(77,2,9,'Deleniti molestiae molestiae minus qui molestiae rerum velit. Qui qui porro accusantium excepturi. Quisquam ut quos ad est mollitia harum. Eaque officiis enim et et inventore minima sunt distinctio.','velit',99,NULL,'2000-10-27 15:53:57','2015-06-02 20:25:55'),(78,3,11,'Iure quidem ratione esse at. Repellat autem neque aut dolorum culpa. Culpa enim placeat sint nostrum facilis. Aut provident est ipsum fuga iste.','odio',851,NULL,'1991-08-19 10:36:08','2018-06-07 12:34:21'),(79,4,45,'Qui ipsa occaecati perferendis sed totam labore natus. Rerum distinctio exercitationem ullam voluptatem commodi aut sint. Qui libero est et sequi odit dolorum minus omnis. Et incidunt quasi eos quia hic maiores et ut. Ut et neque quia.','veritatis',892,NULL,'1984-10-19 11:45:47','1976-03-23 21:03:58'),(80,5,98,'Odio dignissimos recusandae minus officiis illum accusantium voluptas similique. Qui possimus facilis nihil dignissimos laborum quo quo molestias. Dicta iste quae odit ullam a.','eum',9488,NULL,'2015-11-14 11:27:07','2001-09-02 17:35:13'),(81,1,32,'Non iste aut delectus minus est. Rerum ducimus nihil facilis quam corporis consequatur. Tempore non in consequatur aliquid eos at saepe.','enim',0,NULL,'2003-10-21 21:32:30','1998-05-17 20:43:34'),(82,2,69,'Beatae corporis ab et aspernatur sed. Est eaque illum repellat commodi in consequatur. Est atque sit voluptatem est.','odit',0,NULL,'2021-10-19 21:01:07','2017-02-04 16:49:13'),(83,3,33,'Laudantium optio voluptatum quidem ut vitae veritatis. Voluptates nemo id quam incidunt. Quam quia non velit. Quas aliquam doloribus voluptate aliquam eos officiis quia.','molestiae',1,NULL,'1995-11-23 23:07:18','2020-06-03 06:44:59'),(84,4,56,'Consectetur a illo qui mollitia quis animi. Officia officia eum ut doloribus eligendi beatae. Aut ex ipsa ea dolore distinctio explicabo reprehenderit.','sapiente',843221873,NULL,'1998-01-09 12:07:31','1993-03-09 05:45:03'),(85,5,87,'Dicta sed est et sapiente fuga non numquam. Nemo velit dicta et reiciendis quia optio aperiam aut.','qui',93,NULL,'1992-11-02 00:07:03','1985-10-25 02:32:29'),(86,1,76,'Est quidem et ducimus explicabo. Expedita necessitatibus laborum magni maiores. Consequuntur nam quaerat vel. Voluptatum voluptas voluptas qui pariatur.','voluptatum',5774,NULL,'1980-12-23 07:15:18','1986-07-13 12:25:29'),(87,2,14,'In est sit veritatis inventore. Rem est dignissimos et est repudiandae asperiores. Impedit sapiente voluptate explicabo dolores laudantium atque. Architecto nesciunt delectus quia nihil hic quis et.','rem',2,NULL,'1980-03-28 03:54:41','1991-02-18 15:28:56'),(88,3,60,'Sed id et molestiae est ut eos neque. Ipsam itaque vel reprehenderit est est saepe possimus. Deleniti ullam reiciendis quae quas. Voluptatem excepturi ipsum blanditiis sit aut.','quia',3205778,NULL,'1984-06-06 20:59:35','1982-03-04 16:48:36'),(89,4,78,'Animi saepe vel rerum id ex minus fugiat amet. Esse omnis quas quibusdam et a enim quod debitis. Alias et in corporis totam aut et.','voluptatem',0,NULL,'2010-03-01 09:51:48','1971-03-14 20:00:07'),(90,5,1,'Blanditiis consectetur sequi adipisci eaque sunt. Fuga possimus necessitatibus consequatur magni praesentium deserunt libero id. Eaque maxime veniam placeat aut sed dolorum et delectus.','consequuntur',43614209,NULL,'1980-08-25 19:58:43','2017-10-01 21:06:42'),(91,1,71,'Excepturi esse iste eveniet cupiditate vel. Id quo officiis incidunt nostrum. Cupiditate quas eligendi consequuntur vitae doloribus tempore qui.','non',8210584,NULL,'1997-11-03 08:05:04','2000-01-18 06:52:34'),(92,2,4,'Saepe necessitatibus explicabo enim eum accusamus et. Explicabo quisquam eos mollitia aut nihil. Qui itaque consequatur est quo quaerat.','fugiat',99,NULL,'2007-09-05 22:11:42','1972-09-27 19:16:21'),(93,3,40,'Distinctio atque illo iste qui omnis sapiente. Occaecati et odio numquam minus. Ullam rerum autem eum.','ipsum',2,NULL,'2007-03-08 19:41:18','2012-04-23 07:48:39'),(94,4,96,'Qui tenetur doloribus et molestiae quia maxime. Hic consequuntur aut iste sunt rerum dolorum aut. Non accusamus omnis voluptatum pariatur ut. Culpa aut temporibus similique laborum.','ipsam',71,NULL,'1991-06-22 04:50:21','2003-02-19 02:27:36'),(95,5,93,'Fugiat nihil eum tenetur error accusamus. Ut eveniet eum rem molestiae minus commodi officia. Aspernatur ex aut ducimus consequuntur.','et',4193,NULL,'2019-10-25 22:42:19','2018-06-03 10:41:31'),(96,1,19,'Mollitia porro ipsam occaecati beatae. Mollitia impedit nemo eligendi est minima. Ex in accusamus dolor hic cumque unde sunt.','asperiores',960,NULL,'1982-06-16 03:43:38','2015-06-27 06:59:24'),(97,2,61,'Ipsum aut commodi reprehenderit ab autem. Voluptas dolor omnis nisi. Aliquid illo consequatur error est.','perspiciatis',210012403,NULL,'1989-09-04 06:27:52','1988-11-11 13:59:53'),(98,3,35,'Voluptatem cum laborum hic omnis. Aut voluptas id pariatur autem incidunt. Occaecati omnis placeat ut dolores commodi. Veritatis maiores sint ducimus qui mollitia ut. Placeat voluptate at dolor sit non mollitia.','rem',833900,NULL,'2011-12-31 02:36:40','1992-08-21 14:39:30'),(99,4,37,'Deleniti dolores ea tempora quo necessitatibus in quasi. Odio autem atque corrupti. Similique voluptas laboriosam dolores a magni et sed.','quae',91,NULL,'2013-06-30 09:40:54','2014-06-26 20:51:34'),(100,5,74,'Molestiae qui inventore cum expedita totam et ea. Qui molestiae minus numquam ut mollitia perferendis. Quis sequi ut harum qui accusamus ratione explicabo. Quia neque nihil et architecto.','voluptatem',2,NULL,'1979-03-20 19:49:16','2016-01-31 06:53:57'),(101,1,87,'Ut laudantium harum qui nobis ut ea doloribus. Voluptate et alias est repellendus temporibus necessitatibus. Possimus quis accusantium optio odio pariatur optio et.','nam',91667554,NULL,'1972-10-19 19:22:45','2020-05-06 18:58:57'),(102,2,93,'Reiciendis est voluptates aspernatur. Nostrum ut illum aut voluptatem ratione.','est',0,NULL,'1996-11-06 19:51:15','1996-06-11 11:25:12'),(103,3,51,'Commodi vero veniam quis non rerum. Est ipsum in quo ratione amet adipisci non enim. Et dicta sunt eum recusandae voluptatem voluptatem voluptatem.','reiciendis',16,NULL,'2019-03-17 12:22:08','1984-07-19 15:54:15'),(104,4,61,'Quas consequatur eum harum. Modi fugiat et natus in explicabo tenetur. Eum delectus et molestiae cum fugiat distinctio culpa exercitationem. Vitae odio quia fugit ut at laudantium.','voluptates',8790856,NULL,'2000-12-21 19:51:26','2006-04-03 12:27:54'),(105,5,51,'Quia illum dolores ad accusantium numquam aut ut. Suscipit officiis sapiente necessitatibus. Quisquam voluptatem expedita officia est eos.','molestiae',4,NULL,'2009-08-17 10:15:31','1998-01-20 15:50:21'),(106,1,32,'Excepturi ut voluptatem rerum aperiam. Ipsam inventore voluptas laudantium voluptas dolore aut voluptas. Tempore rerum molestiae sed maxime quo magnam.','rerum',103,NULL,'1990-08-28 00:51:01','1994-03-24 01:06:55'),(107,2,25,'Dolor suscipit incidunt deleniti iusto neque beatae. Sit cumque et quisquam minus quos saepe quasi sint. Vel ut vitae quasi mollitia et qui.','et',1453,NULL,'2008-08-31 00:05:39','1985-10-30 01:07:57'),(108,3,59,'Sit doloribus soluta aut mollitia. Ad quasi voluptates itaque placeat doloribus perferendis. Voluptatem consequatur magni autem sapiente consequuntur.','eligendi',255,NULL,'1979-09-25 17:57:56','1990-04-19 06:51:09'),(109,4,42,'Praesentium voluptatum soluta molestiae a veniam sit. Velit quis nulla nihil consectetur. Possimus et et aut voluptate dolor optio. Impedit ut modi vero ad. Consequuntur ea suscipit rerum consequatur vero nobis labore.','nesciunt',52665277,NULL,'2013-05-21 00:43:48','1998-07-23 19:56:04'),(110,5,69,'Sit dolor quis alias. Nisi distinctio ut qui ipsa cum blanditiis id. Doloremque quia omnis dolores nulla est. Odio quis perspiciatis quis ut corrupti molestiae et. Libero ad illo est sunt et rerum omnis.','accusantium',5306375,NULL,'1988-02-26 19:03:48','2014-02-24 05:27:42'),(111,1,56,'Praesentium ipsam quidem cupiditate consequatur id. Ut sequi nesciunt atque inventore ea. Expedita tenetur at omnis eum.','dolorem',255122,NULL,'1971-07-01 23:53:01','2013-09-02 05:12:37'),(112,2,74,'Voluptas suscipit quia unde voluptas voluptas. Accusantium nostrum vitae aut ut et. Voluptas veritatis rem unde ea.','perspiciatis',378202,NULL,'1993-11-07 12:28:44','1981-05-31 19:03:54'),(113,3,37,'Velit accusamus voluptas debitis eum aut. Eligendi quibusdam voluptates cumque repellat. Magni debitis eum sed qui. Soluta nostrum blanditiis qui modi vero consequuntur.','et',942474008,NULL,'2004-02-09 10:39:33','1978-01-17 19:47:03'),(114,4,88,'Quis et aut exercitationem vitae. Adipisci explicabo molestiae atque quo sunt quia ullam. Voluptatem maiores autem hic ad repudiandae vero. Debitis aspernatur voluptatem sit. Occaecati qui quos esse maxime similique deserunt.','sit',592359,NULL,'1990-10-19 23:01:16','1981-11-29 14:19:49'),(115,5,29,'Dicta omnis eveniet neque excepturi omnis. Ut id libero vitae esse rerum blanditiis assumenda. Voluptatum aut non rerum quo atque molestiae nisi. Ea consequatur laboriosam nesciunt voluptas quis delectus.','sequi',7487,NULL,'1971-08-13 06:25:28','2013-08-21 23:16:48'),(116,1,24,'Et eligendi ut a rerum. Quam dignissimos debitis ut et eum magni. Perferendis eligendi ab harum voluptatum optio reprehenderit sit.','qui',0,NULL,'2003-04-04 04:11:52','1980-03-03 09:48:45'),(117,2,64,'Nihil dolorem fugit est consequatur sed ex. Et velit molestiae distinctio numquam et. Sed id et quae nostrum quidem. Eius impedit accusantium porro non possimus.','aut',367,NULL,'1981-10-02 12:48:48','2000-02-15 12:48:15'),(118,3,43,'Voluptate assumenda eveniet id laudantium quo maiores sit rem. Sequi fugiat rerum beatae natus dignissimos.','ea',8910,NULL,'1974-06-14 20:53:35','1971-07-24 08:38:19'),(119,4,83,'Consectetur corrupti voluptate eum nesciunt. Vero commodi suscipit quidem animi. Ex dicta molestiae beatae tempore inventore est.','eos',3,NULL,'1991-08-23 16:02:51','2006-06-08 04:05:48'),(120,5,41,'Est enim ut minus incidunt eum dolorem. Sit quia rerum ipsam nisi. Accusamus iusto ut qui aliquam. Quasi aut ut similique soluta culpa dolorem sint nostrum.','quo',252955,NULL,'1972-03-28 01:05:54','1977-02-25 00:48:30'),(121,1,44,'Similique sunt tempora sit totam odio rerum aut. Dolorum iure ad enim nobis error.','perferendis',737,NULL,'1998-08-15 08:16:15','1982-07-27 06:07:06'),(122,2,54,'Est dolor illum ab et dicta quis. Qui et dignissimos laboriosam aspernatur eligendi similique eum. Natus exercitationem ab enim accusamus.','rerum',8119316,NULL,'2002-08-15 15:34:39','2005-01-26 07:58:14'),(123,3,44,'Possimus sint et suscipit. Voluptate totam ut quam magnam. Vel ex et voluptatibus aut ipsa exercitationem accusamus.','omnis',4,NULL,'1971-05-16 22:54:56','1998-09-29 22:43:36'),(124,4,83,'Non rerum quia cumque dignissimos asperiores aut labore sit. Consequatur tenetur ut porro ut assumenda reiciendis sequi. Ducimus ducimus amet fuga in iusto vel. Et molestiae nesciunt molestiae est enim.','nulla',2560635,NULL,'2011-04-20 11:41:33','1998-10-19 01:16:01'),(125,5,50,'Illum deleniti consequatur sint et debitis id excepturi. Aperiam explicabo harum quam possimus ex.','architecto',0,NULL,'2020-06-11 19:45:10','1996-04-02 14:08:03'),(126,1,36,'Soluta sit exercitationem expedita molestiae harum et. Ut eum ut error ipsum. Quas aperiam magni nam dolor. Tempora numquam sit magnam sint.','molestias',8576,NULL,'2000-05-08 09:28:36','1990-08-23 02:31:56'),(127,2,1,'Rerum tempore qui qui fugit est animi voluptatem dicta. Ratione consequatur sed ex est recusandae molestiae. Ipsum placeat veritatis eum veritatis rerum quaerat magnam. Nemo et omnis odit facilis iste vitae.','maxime',64,NULL,'1973-05-15 13:47:14','2009-11-12 05:22:49'),(128,3,10,'Nihil neque adipisci velit aliquam doloremque amet aut maxime. Nihil harum nihil cumque. Nesciunt blanditiis quo est eum ipsum.','facere',7839,NULL,'1971-06-06 17:51:09','1991-10-03 11:09:38'),(129,4,71,'Sit non itaque quam quia esse. Et facere ut placeat hic. Nesciunt voluptatem facere vitae sint quisquam voluptas delectus. Placeat ut asperiores alias ut in exercitationem.','unde',93373,NULL,'1995-09-27 19:35:33','2002-12-31 05:51:43'),(130,5,38,'Dolor fugit qui deleniti perferendis quisquam laborum magni. Quo placeat et reiciendis. Eligendi itaque nobis distinctio quam soluta voluptatem corporis. Esse eaque adipisci quos enim sapiente quo non.','nam',812284911,NULL,'2009-06-10 21:14:50','2021-06-21 13:47:28'),(131,1,84,'Est doloremque non magni dignissimos. Reprehenderit qui ut eveniet culpa amet veritatis aut. Doloremque in fugit sed velit. Magni animi ut dolore qui est.','repellat',25,NULL,'2012-08-11 09:23:58','1990-09-16 19:26:30'),(132,2,58,'Enim rem modi impedit id vero. Aliquam quasi placeat eos saepe explicabo consectetur dolores. Incidunt corporis atque rem corporis soluta voluptatum perspiciatis.','molestiae',0,NULL,'1997-11-19 18:57:10','1982-08-04 04:06:48'),(133,3,30,'Enim rerum nihil ut sapiente vel aut ut. Voluptate asperiores consequatur voluptatum fugiat. Aut cupiditate facere sit id.','sit',0,NULL,'1982-10-08 13:57:39','1999-04-16 10:14:44'),(134,4,34,'Ipsum expedita tempore ad voluptatibus. Et ipsa dolorum dolor sunt porro perspiciatis. Et aspernatur fugit corporis aut et.','omnis',440541,NULL,'1988-02-20 01:15:12','1987-10-21 16:05:47'),(135,5,19,'Placeat nam tempora sed molestiae rerum minus. Optio voluptas aut ut est dignissimos laudantium omnis. Sunt laborum nesciunt eaque a.','ipsam',32818766,NULL,'2016-04-26 18:47:18','1976-04-29 20:15:16'),(136,1,81,'Dolores doloremque ad sunt perferendis soluta. Praesentium quos magni numquam officia qui. Quo aliquid ratione sunt expedita voluptatum. Temporibus mollitia voluptate sed harum at.','autem',213,NULL,'2010-01-21 19:56:45','1973-07-29 06:22:39'),(137,2,65,'Cum dolorem aut consectetur quaerat laboriosam. Pariatur et et ipsum saepe vitae eaque. Cum et esse non odit. Debitis quia animi aut molestiae sunt quia molestiae.','et',9945,NULL,'2006-01-09 17:46:13','2005-08-15 04:59:22'),(138,3,43,'Corporis illo occaecati quisquam repellendus officiis amet. Et voluptatem tenetur iusto et eum in. Aut molestias alias sequi dolores sint. Qui aut molestiae maiores delectus omnis fuga.','vel',5081,NULL,'2022-02-04 05:10:40','2017-10-01 07:27:43'),(139,4,39,'Maxime eum dicta soluta. Non error qui qui magni ab laudantium. Non neque at autem qui cumque reiciendis minus officiis.','saepe',425777,NULL,'2014-10-02 22:28:21','1979-02-21 08:50:40'),(140,5,7,'Consectetur id pariatur cum commodi error. Corporis non ut reprehenderit quia quia sequi. A ab molestiae ducimus nihil sit et sit ut.','rerum',1,NULL,'1988-02-26 08:14:44','2016-07-07 02:39:17'),(141,1,12,'Voluptatem odit repudiandae iusto adipisci. Dignissimos consequatur doloribus incidunt consequatur qui. Veritatis nihil ratione alias. Numquam et quos dolor itaque rem molestiae.','ratione',0,NULL,'2019-09-20 01:03:35','2006-03-07 16:29:58'),(142,2,95,'Qui ipsa perspiciatis ut voluptates. Et est deserunt ipsa cupiditate nemo officiis odit non. Iure ipsam ipsam aspernatur repudiandae sint nemo nihil.','numquam',7357,NULL,'2002-01-24 04:54:43','1990-07-22 01:20:11'),(143,3,80,'Ipsam voluptatem laudantium dolor laudantium. Adipisci et ratione veritatis aut unde molestiae voluptatem. Quia rerum nihil maxime non illo aperiam est. Omnis esse autem cumque accusamus ullam sed et.','fugiat',66750,NULL,'1995-04-08 00:22:43','2003-07-15 08:47:13'),(144,4,49,'Aperiam est suscipit ea soluta accusamus atque aperiam. Aut nostrum amet modi tenetur eius aut eum. Ut quod laudantium autem vero molestiae neque nulla.','nostrum',4855,NULL,'2013-10-10 15:57:21','2012-12-25 09:36:55'),(145,5,83,'Sunt adipisci laborum maiores enim eos. Officia modi quae soluta. Consequatur dolor similique sit fuga explicabo et. Deserunt quia et ipsum eaque quis eos delectus.','saepe',0,NULL,'2019-08-07 00:15:45','1992-01-12 02:51:58'),(146,1,9,'Culpa consequatur possimus autem cum facere voluptate laudantium. Hic delectus facilis non quis quas quae.','voluptates',4,NULL,'1970-01-18 09:55:42','2003-06-17 15:45:44'),(147,2,73,'Quia asperiores est enim dolore aut ut architecto ex. Ut cupiditate voluptas recusandae ducimus mollitia cum.','et',651840212,NULL,'1976-10-31 08:18:23','1991-02-06 01:13:14'),(148,3,46,'Recusandae aut officia quia omnis sit molestiae. Et dolores eveniet neque. Repudiandae quibusdam sit iste ex id repudiandae.','laudantium',323275,NULL,'2018-01-06 06:13:17','1973-04-29 03:32:08'),(149,4,52,'Sunt provident quaerat nisi porro ut aut aperiam et. Sint dolorem quaerat provident libero voluptatibus. Quidem esse molestiae ad aperiam labore. Temporibus deserunt ea alias doloremque.','excepturi',0,NULL,'1976-05-22 02:31:15','1986-06-15 18:42:44'),(150,5,56,'Voluptate molestiae et ex delectus sed. Vel aut voluptatem quia consequatur aliquam est et. Distinctio velit ipsam fugiat commodi consequatur error rerum. Tenetur nemo incidunt in et.','esse',90,NULL,'1973-08-30 18:40:07','2011-07-31 04:32:13'),(151,1,86,'Minima totam eaque reiciendis neque. Quas totam fuga aut voluptatem.','sint',500923,NULL,'2005-12-21 04:30:27','1977-12-18 15:48:17'),(152,2,95,'Ut repudiandae adipisci ducimus harum. Quod id dolores dolorem et et id inventore. Quibusdam quas omnis repudiandae porro. Alias eveniet commodi magni odio ut mollitia laboriosam. Voluptatem quia in voluptates soluta natus ut.','quam',3,NULL,'2009-01-23 08:34:12','1997-06-26 23:16:53'),(153,3,9,'Ullam velit dolorum in dolorum omnis quidem quia est. Debitis repellat consequatur impedit perspiciatis blanditiis eum voluptates. Eligendi doloremque doloremque earum quis a. Ea similique est reiciendis sit dolorem fuga dolorem.','accusantium',0,NULL,'1992-01-28 20:44:15','2004-04-02 05:44:03'),(154,4,30,'Velit et placeat officia commodi id. Possimus vel deserunt nulla exercitationem quisquam odio sequi. Voluptatibus aut sint expedita labore quasi. Sit qui commodi aut facere aut.','aut',0,NULL,'2004-08-12 20:13:08','1998-11-26 20:33:53'),(155,5,78,'Numquam aut impedit nam eveniet voluptatem officia exercitationem. Modi officia eaque tempora qui sapiente sed. Temporibus quia impedit laborum qui qui voluptates.','labore',1922859,NULL,'2012-08-26 14:56:45','1999-08-08 01:29:40'),(156,1,58,'Rem veritatis pariatur consectetur. Eveniet incidunt non adipisci nam expedita est. Magnam facilis a soluta iste explicabo explicabo.','et',0,NULL,'2011-01-02 08:50:54','2009-04-08 21:31:02'),(157,2,66,'Aut cum cupiditate temporibus veniam incidunt. Ratione cumque autem sed consectetur eos quisquam.','ratione',39795239,NULL,'1997-03-08 00:14:04','1974-08-29 04:05:47'),(158,3,78,'Et nobis dolores eum. Laudantium nostrum in est. Modi rem deleniti illo itaque. Necessitatibus est in dolor consequatur esse.','ut',87962,NULL,'2009-01-23 05:32:47','1993-11-18 18:29:16'),(159,4,68,'Iusto et sunt quidem autem eos voluptatem. Labore minima sapiente praesentium sit tempore dolorem. Cum accusamus quo qui eum quas nostrum non.','minus',25,NULL,'2020-12-27 04:12:19','1982-08-09 21:20:13'),(160,5,37,'Porro at consectetur tempore voluptatem est. Corrupti quas laboriosam rerum non maxime. Aut et dolores ut dignissimos voluptas neque. Et est necessitatibus maiores omnis ratione reiciendis.','alias',5152303,NULL,'1981-10-21 23:15:31','1972-08-04 23:29:16'),(161,1,16,'Non deserunt sit voluptatum dolorum quibusdam. Voluptatem facere at officia perferendis. Illum odit nemo in qui placeat. Et amet alias nam mollitia modi maxime debitis error.','sunt',860,NULL,'1977-07-04 19:29:18','1982-10-28 15:10:29'),(162,2,51,'Velit sit molestias in natus officiis nisi vel. Vitae quo quas alias voluptatem et tenetur dolorem. Velit nostrum incidunt quia dolores minima iure. Provident veniam dolorum praesentium dicta molestias qui tenetur.','facere',2,NULL,'1970-08-11 05:05:09','2000-10-28 18:31:24'),(163,3,95,'Aperiam sed porro doloremque et sequi qui voluptas ut. Officia autem consequuntur voluptatum repellat sed est provident. Laboriosam libero vel sed occaecati eos optio nam.','quia',862203520,NULL,'1982-11-12 11:16:09','1983-02-15 06:16:01'),(164,4,46,'Ut non quis necessitatibus ut aut repellat laudantium ipsam. Quia quia laboriosam laborum facilis in rerum aut. Optio quia eveniet nam enim odit deleniti et. Voluptates ut minus voluptatem voluptate.','error',0,NULL,'1987-04-05 02:51:32','1989-06-12 19:22:45'),(165,5,85,'Ut eaque earum totam et maxime hic aut natus. Reiciendis voluptas quam suscipit consequatur explicabo saepe doloremque. Rerum ut aliquid eum officia. Tenetur aliquam corrupti iure nihil. Non repudiandae vero ut expedita.','voluptas',37510,NULL,'1979-09-26 11:01:34','1970-09-01 22:48:51'),(166,1,13,'In accusamus deleniti dignissimos saepe est molestiae quod sint. Rem saepe ipsa soluta architecto architecto natus dolor amet. Et porro adipisci quia facere quasi dolores.','assumenda',640940674,NULL,'1991-07-29 04:16:43','1987-05-05 16:45:49'),(167,2,26,'Consectetur dolores et consequatur odit totam non. Tempore et modi quis voluptas totam dolor. Sed nemo quae aspernatur sint dolor repellat. Aut iure nobis consequatur illum vel sint. Expedita nemo eaque labore asperiores neque ratione maiores.','et',8497,NULL,'1994-02-05 03:51:55','2009-03-09 06:45:43'),(168,3,50,'Autem voluptates rerum tenetur laudantium. Numquam eveniet deserunt unde hic numquam. Est nisi reprehenderit et asperiores facere dolore deleniti nulla. Fuga et numquam rem sequi at ab et.','molestiae',63,NULL,'2007-07-16 20:13:00','2014-12-08 01:18:21'),(169,4,56,'Ipsa sint dolorem sequi omnis corrupti. Qui voluptatem praesentium aut placeat sunt tempora. Ut enim consequuntur officiis aspernatur quisquam sint. Esse error exercitationem dignissimos soluta. Autem sunt ipsum est quo eos rerum inventore sunt.','hic',534374266,NULL,'2000-11-20 02:12:15','2013-06-23 19:37:02'),(170,5,64,'Illo assumenda a iusto voluptatem dolorum dolor harum. Voluptas ab laboriosam et a facere est nulla sapiente. Sit sit exercitationem iusto reiciendis architecto repellat et unde. Ut quidem dolorum est sed.','aut',619120270,NULL,'2021-08-24 02:20:13','1973-03-11 22:39:49'),(171,1,56,'Voluptate assumenda in ut perferendis doloremque nisi. Pariatur modi corrupti ratione ab quae mollitia vel.','laboriosam',94,NULL,'2001-12-28 04:42:33','1997-04-06 16:46:44'),(172,2,68,'Tenetur qui quisquam quia magnam. Quis corrupti tenetur in a aut.','praesentium',29,NULL,'1970-09-27 17:05:31','1989-04-25 12:19:48'),(173,3,58,'Culpa ratione corporis necessitatibus ut voluptas hic ea. Harum quis sequi blanditiis quam numquam. Perspiciatis quia quae rem.','asperiores',8682,NULL,'1984-01-07 12:08:02','1988-03-05 23:05:19'),(174,4,36,'Magnam consequuntur labore sit eaque voluptatem deserunt aut. Quisquam voluptatum est qui et enim expedita rerum culpa. Laudantium eligendi dolores est praesentium perspiciatis.','odit',3037,NULL,'1984-12-23 13:57:19','1974-03-16 11:07:46'),(175,5,17,'Nostrum impedit libero voluptas dolorem perferendis reprehenderit minus. Dicta necessitatibus dolor accusantium quas reiciendis quia ut. Qui est eos saepe eos suscipit. Dolore dicta in consequuntur illo omnis ratione possimus aut.','impedit',3784364,NULL,'1999-03-04 06:25:41','1982-11-22 23:23:56'),(176,1,41,'Voluptas corporis inventore possimus mollitia. Dolorum beatae in quas qui iure aut ipsum. Iusto est expedita molestiae dolorem. Aut nam exercitationem corporis.','fugiat',30203,NULL,'2013-09-22 11:52:47','2022-06-16 11:58:54'),(177,2,45,'Sit et eos dolores. Qui ipsam voluptatem libero aut laudantium sunt. Qui aut recusandae sed.','qui',325,NULL,'1970-01-25 17:44:01','2010-03-28 22:09:00'),(178,3,89,'Qui alias rem voluptatem velit quia. Quo qui est voluptas. Natus nisi amet quae aut eius dignissimos voluptatem.','commodi',732,NULL,'1977-01-21 16:07:50','1990-06-24 22:19:06'),(179,4,86,'Fugit rerum facere similique et similique consequuntur repellendus tenetur. Modi rerum consequatur aliquid voluptatibus.','deleniti',5128753,NULL,'1977-06-16 17:34:12','1983-08-26 13:55:37'),(180,5,96,'Qui maxime reprehenderit autem corporis cupiditate ipsum sint. Quas recusandae fuga autem libero quos voluptas asperiores. Eum placeat facere deserunt distinctio eius eum qui. Exercitationem fuga aut quibusdam illum.','non',26,NULL,'1979-08-21 10:39:10','2000-01-29 12:54:40'),(181,1,44,'Id sed nulla fugit magni sapiente. Autem corporis a impedit reprehenderit. Rerum a laudantium minima quia et accusamus. Dicta corrupti aut voluptatibus et.','et',2809900,NULL,'2021-07-21 05:45:35','1978-07-11 23:45:43'),(182,2,72,'Fuga totam et vel totam. Officia vel ut velit natus. Nisi iste saepe neque occaecati.','ipsa',24904,NULL,'1993-10-19 06:53:55','2021-05-12 10:22:40'),(183,3,90,'Dolorum assumenda deleniti nam id et. Facere animi quidem et iste deleniti. Sequi occaecati eum est incidunt molestiae. Doloribus id voluptas ad sit.','blanditiis',9,NULL,'2019-10-30 01:07:08','1980-05-08 10:47:42'),(184,4,53,'Totam eligendi quae vel similique deserunt. Exercitationem repellat cumque cum eum quos doloremque. Ea maxime facilis quae nam eum in. Debitis qui eius odit ratione vel consequatur.','ipsum',2667,NULL,'1978-10-23 08:00:41','2003-07-30 07:09:43'),(185,5,1,'A autem cum ut ea. Incidunt omnis atque alias reprehenderit facilis magnam. Eaque sint illo id amet recusandae ut. Qui qui molestiae non aut earum laborum.','dolor',87,NULL,'1982-08-07 07:37:53','1983-04-15 06:54:46'),(186,1,68,'A cum perferendis corrupti ducimus aut voluptates quis. Autem perferendis in aliquam eos at aliquid. Inventore ratione repellendus numquam perferendis et corrupti quam. Ea harum dolores libero distinctio odio ut et. Est expedita vero quia dolore et et magni.','officia',58,NULL,'1985-12-15 23:56:54','1988-01-22 17:11:45'),(187,2,10,'Consectetur ut aut voluptatibus ea debitis. Voluptatem et consequatur voluptatem iste ullam. Placeat similique officiis nisi. Ab facere consequatur eaque optio quaerat veniam quia et.','ea',4,NULL,'1971-11-27 05:57:47','1990-04-17 11:49:08'),(188,3,67,'Cumque dicta quia laborum distinctio velit. Non asperiores deleniti ut eius dolorem. Officia itaque quia et. Eum in et sint atque.','dolorem',0,NULL,'1979-05-18 19:34:42','2015-07-05 23:17:51'),(189,4,45,'Accusantium neque autem distinctio enim nostrum voluptatem. Accusantium nemo in voluptate. Quisquam fuga error et. Omnis qui odio eligendi.','ratione',862827969,NULL,'1974-01-06 12:10:23','1993-06-25 05:50:51'),(190,5,78,'Eaque explicabo dolorem aperiam minima molestias. Officia facere hic nobis ducimus rerum. Ratione dolorem consequatur sed est perferendis. Aut aspernatur debitis rerum ullam consectetur cumque amet. Quisquam laboriosam aperiam sed a nisi itaque assumenda.','et',518,NULL,'2017-07-20 05:20:54','1973-05-17 19:53:33'),(191,1,3,'Id consectetur illo optio consectetur voluptas quia. Soluta ipsam atque eveniet dignissimos in. Nobis sunt mollitia accusantium qui non asperiores. Eveniet aliquam porro quo explicabo voluptatem unde deserunt qui.','recusandae',3,NULL,'2015-02-18 20:51:56','1992-11-25 08:16:44'),(192,2,61,'Corrupti iste amet iusto. Molestiae error id occaecati sed et est. Non consequatur esse suscipit reiciendis.','quaerat',0,NULL,'1990-10-09 08:41:32','1973-12-18 02:49:54'),(193,3,29,'Dolorem aliquam et iure rerum provident voluptatem omnis. Iure vel molestiae ducimus voluptates quibusdam id. Dolorem maiores veritatis et illum tempore maiores.','eveniet',23850,NULL,'1992-01-16 22:11:21','1971-10-16 21:27:13'),(194,4,97,'Modi beatae numquam voluptas laborum sed non qui ducimus. Qui id quia quod officia ipsa qui doloremque. Accusamus quam placeat voluptatem explicabo voluptatem blanditiis facilis aliquid. Fuga deleniti nam dolor cum quis nulla sit.','est',86830518,NULL,'2001-05-18 10:59:26','1985-09-06 16:51:04'),(195,5,6,'Magnam debitis reiciendis consequatur perspiciatis et voluptas sint iure. Sint nobis soluta nisi rerum quidem quisquam cum. Dolorum architecto omnis quo totam. Fuga illum ab assumenda perferendis ut velit.','debitis',1343,NULL,'1989-05-15 13:04:24','1983-04-11 00:28:26'),(196,1,13,'Eum illo ratione occaecati nulla magnam libero ad. Vitae nihil soluta reprehenderit delectus incidunt facilis sapiente. Sequi assumenda delectus impedit saepe temporibus delectus ut. Reprehenderit quam fuga qui consectetur id maiores non eos. Cum distinctio dolorum eligendi totam hic.','illum',18959290,NULL,'2002-07-17 02:26:43','1983-04-18 05:09:06'),(197,2,10,'Ea consectetur amet molestiae nisi. Voluptates sapiente assumenda velit ducimus sapiente quia. Ut rem nesciunt ad voluptatibus. Nulla est consequuntur placeat.','dolorem',693,NULL,'1973-08-04 11:35:12','1997-02-17 17:18:04'),(198,3,31,'Voluptatem ipsa non deleniti voluptas totam corporis id. Tenetur possimus quo praesentium ut corporis reprehenderit. Sunt iure nostrum consequatur dolore. Iste adipisci sit et commodi qui aut mollitia ut.','perferendis',642,NULL,'1974-10-09 13:17:32','2020-10-20 08:33:47'),(199,4,62,'Sit a repellat qui est. Dolorum quas aut occaecati id. Aut qui sequi vero.','unde',0,NULL,'1997-03-12 04:56:00','2015-12-13 19:48:10'),(200,5,66,'Alias velit ratione beatae eos reprehenderit ut praesentium. Odit hic qui ab reiciendis voluptatem debitis nisi. Atque autem reiciendis et.','ullam',9,NULL,'1988-02-06 02:32:25','2007-10-26 20:21:34');
/*!40000 ALTER TABLE `media` ENABLE KEYS */;
UNLOCK TABLES;

--
-- Table structure for table `media_types`
--

DROP TABLE IF EXISTS `media_types`;
/*!40101 SET @saved_cs_client     = @@character_set_client */;
/*!40101 SET character_set_client = utf8 */;
CREATE TABLE `media_types` (
  `id` bigint(20) unsigned NOT NULL AUTO_INCREMENT,
  `name` varchar(255) COLLATE utf8mb4_unicode_ci DEFAULT NULL,
  `created_at` datetime DEFAULT current_timestamp(),
  `updated_at` datetime DEFAULT current_timestamp() ON UPDATE current_timestamp(),
  PRIMARY KEY (`id`)
) ENGINE=InnoDB AUTO_INCREMENT=6 DEFAULT CHARSET=utf8mb4 COLLATE=utf8mb4_unicode_ci;
/*!40101 SET character_set_client = @saved_cs_client */;

--
-- Dumping data for table `media_types`
--

LOCK TABLES `media_types` WRITE;
/*!40000 ALTER TABLE `media_types` DISABLE KEYS */;
INSERT INTO `media_types` VALUES (1,'sunt','2018-12-07 01:42:08','1980-11-16 18:58:12'),(2,'corporis','2001-03-30 21:52:53','2013-04-18 12:02:51'),(3,'voluptatem','1998-11-28 06:24:02','1975-11-22 22:58:17'),(4,'eaque','1974-09-17 16:21:38','2004-05-31 05:17:12'),(5,'adipisci','1973-08-20 07:29:47','1994-10-23 22:39:07');
/*!40000 ALTER TABLE `media_types` ENABLE KEYS */;
UNLOCK TABLES;

--
-- Table structure for table `messages`
--

DROP TABLE IF EXISTS `messages`;
/*!40101 SET @saved_cs_client     = @@character_set_client */;
/*!40101 SET character_set_client = utf8 */;
CREATE TABLE `messages` (
  `id` bigint(20) unsigned NOT NULL AUTO_INCREMENT,
  `from_user_id` bigint(20) unsigned NOT NULL,
  `to_user_id` bigint(20) unsigned NOT NULL,
  `body` text COLLATE utf8mb4_unicode_ci DEFAULT NULL,
  `created_at` datetime DEFAULT current_timestamp(),
  PRIMARY KEY (`id`),
  KEY `from_user_id` (`from_user_id`),
  KEY `to_user_id` (`to_user_id`),
  CONSTRAINT `messages_ibfk_1` FOREIGN KEY (`from_user_id`) REFERENCES `users` (`id`) ON DELETE CASCADE ON UPDATE CASCADE,
  CONSTRAINT `messages_ibfk_2` FOREIGN KEY (`to_user_id`) REFERENCES `users` (`id`) ON DELETE CASCADE ON UPDATE CASCADE
) ENGINE=InnoDB AUTO_INCREMENT=201 DEFAULT CHARSET=utf8mb4 COLLATE=utf8mb4_unicode_ci;
/*!40101 SET character_set_client = @saved_cs_client */;

--
-- Dumping data for table `messages`
--

LOCK TABLES `messages` WRITE;
/*!40000 ALTER TABLE `messages` DISABLE KEYS */;
INSERT INTO `messages` VALUES (1,69,64,'Et quod eligendi magnam placeat at consequatur. Illum voluptate ex qui. Non quo culpa sed vero voluptatibus natus libero. Illo voluptatem voluptatibus officiis iste quae rerum.','2020-12-03 06:55:52'),(2,86,86,'Non velit similique voluptas amet. Exercitationem omnis quod enim sed tempore sunt. Qui debitis quis et recusandae ab voluptatibus adipisci placeat. Et ullam id minus nihil.','2023-05-24 04:44:24'),(3,46,42,'Molestiae soluta numquam quam vel ut quibusdam sit alias. Hic sit fugit accusantium. Fugiat magni laudantium vitae iste nihil. Saepe deserunt debitis facilis qui eum ut inventore.','2023-02-09 20:52:33'),(4,70,50,'Temporibus ipsam laudantium ab nesciunt sapiente. Consequatur voluptas excepturi reiciendis fugit. Numquam qui nostrum qui ratione qui. Laborum dolorem quod mollitia labore maiores.','2021-01-10 16:42:18'),(5,37,89,'Molestias sit blanditiis facilis eos. Nihil rerum blanditiis est ut dicta. Cupiditate consectetur cumque optio ut unde natus assumenda id.','2022-12-23 09:09:40'),(6,77,4,'Vitae molestiae odio quia et et aspernatur delectus sunt. Ut nesciunt sunt laboriosam. Labore sequi qui sed omnis doloribus quod quas.','2021-03-26 20:39:17'),(7,68,56,'Dolorem inventore aliquid at veniam. Non totam nihil perspiciatis. Assumenda ab enim ipsam sunt voluptatem quia aliquid. Illum sunt et itaque. Qui tempora aut et voluptatibus.','2023-04-26 15:30:39'),(8,93,61,'Voluptas expedita amet nam. Nihil repudiandae et odit nostrum.','2021-09-07 21:38:08'),(9,80,32,'Iure vitae doloribus velit qui modi vel itaque. Deserunt beatae et velit totam corrupti qui. Consequatur placeat unde numquam sunt et. Vero aperiam odit et illo.','2023-08-28 12:18:31'),(10,52,43,'Et nihil quas corporis ut eaque illo sit. Delectus et est eos quia. Sed pariatur expedita deleniti omnis velit rerum cum.','2023-02-03 22:35:38'),(11,76,43,'Libero veniam aut dolorem vitae voluptate quibusdam rerum. Fugiat non officiis sit voluptatem modi quod pariatur. Velit sed alias omnis ea ut animi.','2021-07-19 04:02:28'),(12,40,86,'Eaque libero explicabo maxime enim error quae. Accusamus aut magni eum vero ut. Et et reprehenderit molestiae sed voluptas.','2021-04-03 21:22:46'),(13,71,81,'Sint libero enim sit quas nihil pariatur. Consequuntur suscipit ea eveniet in. Molestias quisquam quasi neque soluta facilis odit voluptatibus. Nesciunt itaque accusantium accusantium iste consequuntur. Blanditiis nihil illum commodi necessitatibus labore suscipit.','2022-11-01 02:35:37'),(14,58,55,'Ipsam ratione quam quos accusantium. Quia non repudiandae qui distinctio laborum sint illum. Libero iusto id aut sint.','2021-05-08 07:03:34'),(15,34,42,'A dolores voluptates nam est corrupti unde. Aperiam consectetur ad omnis quis voluptatem qui. Officia fugit cupiditate est saepe.','2022-12-12 05:12:50'),(16,26,2,'Doloremque tempore nobis est ducimus quibusdam iste explicabo. Neque vel dolorum incidunt fuga. Quia possimus unde delectus ea ab aut.','2021-05-23 08:54:17'),(17,5,12,'Totam nihil est non nihil. Veritatis fugit pariatur inventore error pariatur. Magnam quia odit ea voluptatem. Distinctio commodi sed modi placeat ut. Omnis totam rerum sunt maxime nam.','2021-09-16 07:38:15'),(18,88,51,'Soluta voluptate dolorum aut reprehenderit sed voluptas architecto. Voluptatibus voluptatem quam dolor minus aut temporibus delectus. Molestiae in libero eos cupiditate autem explicabo.','2022-11-01 13:28:49'),(19,53,58,'Repellat illum nostrum provident consequatur. Autem maiores earum suscipit corporis molestiae.','2022-03-31 09:01:25'),(20,1,89,'Velit minus similique nostrum. Rerum est nihil quaerat sit quibusdam ab dolorum. Animi quos rerum ut voluptatem ut in. Ea consequuntur qui omnis mollitia cum.','2022-02-03 21:16:57'),(21,47,77,'Eveniet consequuntur aspernatur est necessitatibus a. Quae amet numquam et animi. Rerum consequatur sit quia corporis eius architecto. Quas illo velit voluptatem et dolores.','2020-12-27 23:03:52'),(22,93,14,'Animi iure et aut perferendis nihil ut. Aut vel velit ea optio. Molestiae voluptate et debitis illo vero quae.','2022-08-15 09:54:20'),(23,33,86,'Sed nesciunt aspernatur sit suscipit dolorum consectetur. Corporis dolores reprehenderit ratione autem consectetur. Ea quibusdam quae a molestiae.','2022-06-18 14:34:10'),(24,74,12,'Aperiam aliquam cum aliquid labore molestias qui tenetur. Distinctio qui sed autem voluptates. Eligendi ea omnis quae quos dolores in quis.','2022-10-14 12:01:01'),(25,17,26,'Placeat quia maxime quos possimus dicta. Qui non dolorem odio voluptates. Voluptatibus et ipsum quas pariatur. Consequatur laboriosam labore at est. Aut nam optio non iure nemo enim harum.','2023-09-02 11:38:33'),(26,55,92,'Dolorem quia unde sint sint. Ut atque quia in qui perferendis dolorem pariatur. Et quas eaque eum impedit commodi.','2023-02-02 07:03:11'),(27,69,94,'Non quia repudiandae consequatur est consequatur nobis. A ea cum velit in hic ad. Dolorem numquam aspernatur porro iusto recusandae et omnis. Tenetur molestias consequatur nostrum quia. Sit quia numquam eos esse sed ipsum incidunt.','2022-11-04 09:27:48'),(28,78,40,'Eum voluptatibus sequi eveniet exercitationem cum sint. Nisi inventore voluptas nostrum aliquam atque consectetur repudiandae. Numquam est hic rem architecto velit.','2022-07-17 13:32:09'),(29,74,36,'Consequatur quo autem porro modi sit odit voluptas. Sint corrupti occaecati eos earum perspiciatis perferendis tempore. Veritatis esse voluptatem dicta ab voluptatem.','2022-08-30 03:14:24'),(30,95,8,'Aspernatur cupiditate omnis sed cupiditate tenetur repellat qui consequatur. Voluptatem ut facilis sed fugiat error eos. Officia officiis eos non vero recusandae in nihil numquam.','2021-06-25 19:35:33'),(31,77,21,'Et aut quo enim eveniet commodi magni. Omnis minima non dolores maxime pariatur error. Atque eaque voluptas nobis tenetur et omnis dolore. Voluptatem molestiae neque sunt libero sed similique sequi.','2022-03-27 10:36:48'),(32,10,82,'Et harum nihil autem neque. In perspiciatis qui odio quo numquam. Accusantium commodi quisquam voluptate quod eius.','2021-07-15 19:03:13'),(33,32,98,'Aut eaque facilis omnis repudiandae veniam optio vitae architecto. Numquam iusto est fuga excepturi cumque earum.','2021-03-11 06:02:06'),(34,32,84,'Ipsam officia ut tempora in sint tempora. Voluptatem quia omnis est velit commodi. Doloribus reiciendis esse quidem ut voluptatum numquam soluta. Quos quia aperiam repellendus repellat et cumque suscipit.','2021-08-19 10:55:51'),(35,56,32,'Rem laborum autem dicta saepe. Iure dolor aut qui. Ad iusto est possimus aliquid numquam. Officia ducimus atque iste ipsam quos qui corrupti similique. Ipsum aspernatur perspiciatis aut eligendi ea.','2023-02-07 13:43:23'),(36,73,2,'Est expedita fugiat molestiae nihil fugiat. Iusto libero cupiditate et aliquid aperiam eligendi distinctio. Nostrum aut fugiat soluta minima esse omnis ab.','2021-10-18 17:20:46'),(37,9,65,'Totam et molestias maiores illum harum molestias. Totam est illum aut aut sunt.','2022-07-21 10:19:56'),(38,15,41,'Facilis quidem numquam nobis. In sint est in maiores fugit et cum. Occaecati nihil atque quod non natus nihil et a. Voluptates consequatur itaque iste sed quae magnam ab.','2020-11-16 10:00:47'),(39,51,89,'Omnis eveniet velit dolor et excepturi occaecati similique. Saepe molestiae dolorum enim suscipit voluptas enim. Consequuntur et molestias maxime atque saepe. Voluptatem ut minima fugit sit repellendus numquam nam ad.','2022-09-01 02:07:10'),(40,53,67,'Cumque nisi mollitia nemo quas tenetur sint id. Ipsa fugit pariatur earum ducimus et similique est. Ad officiis optio sit repellendus est. Dolores tempora minima accusantium libero hic dolores.','2021-03-19 02:33:34'),(41,15,7,'Et est atque magni recusandae repellat laboriosam ducimus. Harum qui cupiditate ipsam. Repudiandae eos autem quo sed consequatur inventore aut. Tempora aspernatur nihil aspernatur sed quidem ea labore ut.','2021-06-23 11:35:01'),(42,59,84,'Vitae animi aliquid vel eveniet vero velit. Dolorum placeat ipsa neque asperiores eum. Explicabo assumenda quibusdam accusamus optio sequi. Voluptas commodi ipsum tempora modi odio voluptates provident.','2022-04-24 17:07:18'),(43,1,36,'Cumque in dicta adipisci. Provident iure beatae et dolorem. Sapiente veniam veniam sunt laboriosam magnam. Sed consequatur aliquam cum autem. Dignissimos laboriosam necessitatibus labore corporis ut.','2023-02-14 03:49:04'),(44,23,74,'Nihil eos ipsum fugit totam velit. Autem voluptas illum iusto nihil consectetur voluptatum. Itaque voluptatem et dolore.','2022-09-17 15:56:14'),(45,72,18,'Aliquid aliquid quos itaque aspernatur ea aliquid et voluptas. Earum voluptatem quas qui enim eos harum. Veritatis dolore hic nihil vero non et et. Omnis vel quasi aliquid.','2022-10-08 02:48:39'),(46,82,48,'Rem iste suscipit eum velit voluptatem quasi. Et illum nisi assumenda eveniet sed deserunt expedita. Sint sit dolor repudiandae necessitatibus. Expedita sequi delectus dolorum quod.','2023-05-27 00:25:06'),(47,38,91,'Ipsa amet reprehenderit sapiente sequi et tempora aut. Officiis dignissimos aut nesciunt exercitationem sit. Exercitationem repudiandae natus quis provident voluptate quis. Minus nihil esse quidem ea temporibus.','2021-01-22 21:12:56'),(48,30,70,'Ipsa harum eum qui et eaque enim. Blanditiis magnam tempore dolorum magni velit fugiat. Alias alias temporibus voluptas id doloremque in. Dolores qui cupiditate vel possimus dolor. Est delectus magnam magnam autem et.','2023-08-11 18:44:34'),(49,89,61,'Commodi soluta asperiores hic earum labore officia. Doloremque harum in quasi voluptate itaque non aut. Nesciunt consequuntur aut veniam. Dolores corporis sit ut.','2021-07-27 12:39:25'),(50,53,44,'Consequatur minus ratione assumenda suscipit. Expedita ipsa magni quia ullam.','2022-08-13 18:55:12'),(51,92,26,'Cupiditate exercitationem delectus eos est. Corporis enim officia eaque. Quasi voluptatibus architecto autem incidunt fugit. Aut voluptas ducimus consequatur facilis. Incidunt aspernatur laboriosam est accusantium delectus enim.','2022-02-14 12:57:00'),(52,45,100,'Et quo veritatis ab voluptatum inventore officiis non. Asperiores a esse est aliquam sunt. Doloribus est pariatur odit.','2023-03-19 05:41:48'),(53,91,60,'In quam nam nobis autem necessitatibus omnis sed. Officia dignissimos maxime aut incidunt odit totam velit dolor. Quam ut saepe et et cum hic at.','2022-04-30 03:30:28'),(54,41,41,'Eos optio quaerat quod voluptatem aperiam autem. Sit quod deserunt repellat voluptatem rerum voluptatem amet aut.','2023-07-26 18:25:06'),(55,49,94,'Laudantium iste non molestias nulla. Quo est voluptas sunt. Harum mollitia ea nobis ea modi maxime tempora autem. Voluptas magni dolore praesentium non ducimus odit.','2023-07-31 07:18:31'),(56,7,64,'Exercitationem expedita consequatur sapiente iste iste rerum. Aut rerum iusto ratione animi corporis est aut veniam. Tempore nisi odit distinctio nostrum aut saepe. Porro maxime consequatur possimus et beatae dolores totam aliquid. Eum ratione voluptatibus ut mollitia odit pariatur ut.','2020-09-11 23:54:54'),(57,100,65,'Reiciendis facilis consectetur quis ut vel excepturi odio. Pariatur excepturi veritatis sint. Exercitationem hic velit ex vel. Doloribus dignissimos ut repellat animi sit non magnam.','2021-12-23 16:22:59'),(58,47,100,'Est et quisquam omnis officia. Dolores sit et ipsum et rerum. Aspernatur quaerat voluptas incidunt aliquid qui est.','2023-01-08 18:31:31'),(59,1,70,'Quia voluptatibus impedit cum qui libero quia. Dolores enim eos doloremque eos. Quis iusto aliquid voluptatibus autem molestiae est.','2022-05-28 13:23:44'),(60,74,73,'Sunt ut quo ea inventore nisi eaque aut. Illum ut cum amet nulla doloribus deserunt. Dolor illo eos nobis iusto aut ex reiciendis. Perspiciatis ab quia est vitae.','2022-08-28 08:45:24'),(61,87,55,'Sequi voluptatem provident voluptas quia quod porro molestias ut. Voluptatibus nesciunt corrupti explicabo voluptas repellat aut. Repellat vitae velit placeat aut laborum odio. Nobis quos rerum unde velit velit facere.','2021-09-06 07:52:55'),(62,21,25,'Dolorem repudiandae modi officia consectetur qui consequatur et. Sunt quia ea commodi nam cumque. Aut tempore doloremque fugiat pariatur dolores vel.','2023-04-19 11:14:35'),(63,46,50,'Quia deserunt quidem ut dolore eligendi. Eum impedit id expedita eius. Nulla facere voluptates quia voluptatem aut voluptatem.','2022-03-31 12:57:31'),(64,94,35,'Vitae incidunt rem est eaque. Et modi aut occaecati reprehenderit saepe dolore. A magni in soluta qui est nulla. Tempora blanditiis et sit autem nulla sit.','2022-03-26 02:00:19'),(65,10,46,'Fugiat quae modi fuga nulla nulla iusto tempora. Qui sed omnis dignissimos ut nam officia doloribus. Sit ab tenetur consequatur amet dolor est.','2023-07-14 02:32:45'),(66,78,2,'Voluptatibus temporibus velit aut culpa iure vitae. Quia alias qui unde inventore sed quam amet. Qui sit numquam aut nostrum laboriosam. Sed eligendi soluta quas expedita.','2021-10-20 21:38:51'),(67,72,23,'Debitis qui occaecati dolorem dolores. Non animi aperiam architecto consequuntur maxime. Accusantium laborum voluptatibus tenetur quos et ut et. Et nobis pariatur omnis laboriosam ex.','2022-11-16 13:56:10'),(68,2,62,'Est aut nemo et et beatae consectetur. Voluptatem culpa et dolorum dolorum esse quam harum similique. Voluptatem hic voluptas sint est. Officiis illum minus in sed qui.','2022-11-13 02:36:41'),(69,82,42,'Porro totam quod iure voluptatem quae ut ducimus. Temporibus totam dolorem quisquam blanditiis. Quo sunt laboriosam at velit sint asperiores animi. Et amet perspiciatis eum in sit.','2021-07-12 09:45:25'),(70,2,31,'Laborum aut sapiente nesciunt non doloremque sapiente. Ipsam dolore eveniet qui voluptas occaecati aut. Mollitia sed omnis animi qui occaecati ut nobis.','2020-12-10 02:55:11'),(71,36,9,'Quibusdam ea iusto cum ipsam consequatur. Unde ducimus alias nisi velit reiciendis. Fugiat molestiae nihil qui odio. Totam aliquam aut excepturi ea placeat harum enim.','2022-04-20 04:53:17'),(72,94,35,'Illum quia dolores voluptas hic et. Ea porro praesentium tempore aut modi omnis. Sint cupiditate rerum temporibus magni eveniet et est. Velit sit magni consectetur unde ab sapiente.','2023-04-15 23:42:06'),(73,74,40,'Tempora libero odit blanditiis quis. Suscipit voluptate expedita voluptatem quia laboriosam soluta odit. Magni ducimus nihil enim cumque autem maxime.','2020-12-14 00:17:22'),(74,35,75,'Repellat qui saepe quis minus omnis aut. Odio est dolores fuga. Beatae vel aut eos cum repellendus expedita.','2022-11-17 01:48:16'),(75,10,8,'Reprehenderit non eligendi vel. Facere quaerat laboriosam atque sit quia labore autem. Ducimus blanditiis aperiam odit harum reprehenderit iusto.','2022-08-02 16:35:36'),(76,47,96,'Tempore repellendus libero consequuntur velit. Voluptatem voluptas repellat aspernatur. Eius delectus aliquam eaque ea.','2021-03-13 07:08:24'),(77,63,67,'Natus dolores aut deserunt nulla repudiandae voluptatem odio eius. Consequatur id consequatur molestias ipsum sequi ducimus. Distinctio eius aut voluptas veritatis nulla. Ullam consequatur rerum est placeat tempore corporis voluptatum.','2023-01-08 00:13:50'),(78,20,9,'Quo eos eum dolore cum repudiandae pariatur. Quaerat minus sed molestias dolorem. Facere molestiae architecto cumque voluptatem necessitatibus. Nostrum ducimus ut aut autem voluptate.','2023-02-01 14:26:33'),(79,17,13,'Voluptatum alias veniam quia perspiciatis deserunt iure veritatis. Nesciunt dignissimos voluptatem quo pariatur quidem. Ducimus vel id eligendi repudiandae qui. Voluptatibus laborum aliquam rerum natus dolorem odio.','2021-04-13 22:00:08'),(80,43,27,'Sed sed rerum libero magni non sequi officia. Exercitationem iusto atque ea laudantium nesciunt unde iste. Amet et placeat temporibus possimus.','2022-01-13 21:39:47'),(81,59,21,'Sint cupiditate consequatur quia non. Dolore officiis ut aut odit. Voluptates laborum unde et doloribus.','2023-03-17 00:22:44'),(82,28,30,'Aut optio consequatur exercitationem dolor impedit consequatur. Quia sit id cupiditate enim dolorem. Culpa officia facere itaque voluptatem. Unde exercitationem animi doloribus odit fugiat.','2023-03-12 09:21:16'),(83,43,29,'Eligendi ut placeat recusandae et fugiat non adipisci. Corporis nam est non enim blanditiis molestias quibusdam. Vel dolor dicta laboriosam consequuntur ipsum quis modi accusantium.','2022-10-05 05:59:59'),(84,91,25,'Est consequuntur ea ullam rem. Veritatis totam occaecati quia cupiditate. Quia quasi ut provident fuga. Iusto dolorem incidunt deleniti.','2022-12-12 16:00:05'),(85,71,93,'Molestias ducimus voluptatem totam fugiat fugiat. Doloremque accusantium ut vero qui. Itaque rerum doloribus eos eum explicabo.','2023-06-12 01:45:00'),(86,55,6,'Et dolor dolor quod magni. Quos eius ea possimus.','2020-10-18 16:56:19'),(87,1,49,'Dolorem quisquam quia rerum facilis asperiores. Qui recusandae autem expedita cum similique ipsum sed. Placeat fuga iure debitis blanditiis ut et. At repudiandae qui unde quibusdam magnam.','2022-09-28 00:33:36'),(88,41,74,'Quasi quia vel ea nihil. Autem sunt debitis vero exercitationem provident quasi aperiam.','2022-06-19 23:20:01'),(89,89,75,'Quisquam et consequatur laboriosam nihil corporis tenetur. Aliquid illo dicta temporibus molestias quis nihil. Vel cum minus tempore et quia ex.','2021-08-23 00:19:15'),(90,48,98,'Explicabo in qui enim excepturi. Facilis officia modi vero ut repudiandae unde commodi. Commodi odit ratione esse est harum fugit qui. Et deserunt sed omnis odio sapiente eaque.','2023-04-09 04:04:32'),(91,83,94,'Adipisci veritatis dolorem consequatur recusandae aliquam. Enim assumenda ut est consequatur quisquam.','2021-07-11 02:19:19'),(92,93,46,'Odio repellendus occaecati ipsa consequatur cumque consequatur reiciendis dolorem. Modi ducimus perferendis fugit explicabo. A ab repellat ab nobis beatae. Eligendi reprehenderit dignissimos perferendis.','2022-01-14 04:25:42'),(93,61,13,'Incidunt ut et minus et neque consequatur nam. Est voluptates eos reiciendis quo. Dolores qui harum velit eum magnam doloribus quia. Inventore quia doloremque delectus accusamus.','2021-04-01 01:15:26'),(94,55,77,'Ratione quo ab sit minus et adipisci. Quae cupiditate atque consequatur sit eos. Alias non fugiat repellendus qui. Et non vero ut consectetur recusandae ad.','2022-01-28 01:35:33'),(95,26,97,'Aut laudantium itaque pariatur qui provident dolor. Nam consequatur repellat sint qui laborum dolores reiciendis. Ad veritatis dolore perspiciatis vero minima officiis laboriosam incidunt. Blanditiis soluta nulla ipsam amet. Harum recusandae cum vero necessitatibus magnam nemo eveniet.','2023-06-19 18:22:14'),(96,3,84,'Quis numquam enim tempore eos et et. Aliquid libero quaerat facere fugit explicabo qui inventore. Et eum et omnis vero omnis.','2022-12-02 09:27:03'),(97,18,31,'Architecto molestias laudantium quisquam qui. Aut fugit iusto aut quod esse minus temporibus.','2022-04-19 10:17:57'),(98,14,61,'Sapiente aut ut earum eos vel minima nulla natus. Sit sit sunt quis animi sequi ea non. Atque qui et sed temporibus sequi maiores. Placeat omnis magni placeat facere ducimus unde deserunt.','2022-09-02 08:53:17'),(99,60,5,'Quo quisquam voluptatem expedita non et atque veniam. Tenetur quia doloremque eveniet earum. Nihil repellendus dolorem harum consectetur autem.','2021-06-20 19:08:55'),(100,85,31,'Reiciendis voluptatem quis illo adipisci voluptatem ea consequatur. Voluptates laboriosam ipsam saepe molestiae. Autem sed sit atque placeat quia qui odio.','2022-03-22 19:30:41'),(101,97,40,'Ut voluptas ab sunt exercitationem rerum blanditiis commodi. Sit aut blanditiis veritatis. Soluta nisi quibusdam quia enim.','2023-09-04 23:28:34'),(102,36,97,'Debitis similique asperiores harum est est eos. Voluptatem impedit architecto eveniet. Voluptate est repellat et nisi vel libero consequatur.','2021-08-19 10:16:31'),(103,89,77,'Placeat quas laudantium tempora molestiae laudantium autem eveniet vel. Qui voluptatem quis quia molestias in sit est. Dolores est voluptas ducimus error et architecto. Saepe non aut accusamus porro maiores et consequatur.','2022-10-06 14:00:38'),(104,71,77,'Quo ab blanditiis officia recusandae sunt est quia adipisci. Pariatur delectus ducimus laborum maiores. Ut vero repellendus magnam rerum. Consequatur at rerum sapiente modi sit earum perferendis.','2023-01-08 13:30:19'),(105,52,18,'Est natus ut iusto numquam. Modi molestias perspiciatis quis et esse. Veritatis quia nemo rerum assumenda.','2020-10-23 13:04:00'),(106,74,35,'Enim amet ut atque excepturi voluptatem sit consequatur placeat. Consequatur architecto dicta accusantium quia alias natus. Sed sint aut velit in eligendi omnis. Amet excepturi aut quia est sunt consectetur.','2023-03-06 07:47:12'),(107,12,67,'Illo blanditiis perferendis doloribus. Inventore ut minima quidem nisi eos. Alias in et voluptatem aut sapiente mollitia. Dolorem aliquam blanditiis deserunt.','2023-03-29 10:03:12'),(108,80,73,'Porro alias ex corporis excepturi omnis unde. Id sed minima repellat omnis blanditiis. Debitis delectus minus corrupti.','2022-08-16 18:42:09'),(109,80,34,'Enim et rerum laboriosam cupiditate sed ut cupiditate voluptas. Vel quod incidunt reprehenderit est accusantium. Explicabo alias facere inventore corporis ut dignissimos voluptatem consequatur.','2020-10-03 06:58:04'),(110,50,5,'Ea optio quo rerum rerum odit. Sed et quasi quo et non. Ea qui porro voluptatem eaque placeat ea. Natus sunt non quod quia reprehenderit corrupti nostrum ea.','2021-07-11 14:49:51'),(111,31,52,'Vel fuga quia animi consequuntur error. Doloremque aut provident est. Aperiam est est consequuntur facere vel dolorum. Temporibus cupiditate architecto repellat error.','2022-04-06 11:09:54'),(112,88,48,'Et eveniet eum voluptas voluptate voluptatem deleniti. Officia ducimus sequi omnis earum facilis doloremque ut. Esse et qui corrupti laboriosam quia doloremque est.','2021-08-01 06:45:18'),(113,83,2,'Sit vero sed quod repudiandae. Quidem error repellendus veniam neque.','2022-01-06 15:30:22'),(114,8,42,'Reiciendis odio accusamus quo. Deserunt dolorum optio autem eius minima cum. Sint laborum consectetur et.','2022-07-28 23:16:25'),(115,6,93,'Et eveniet excepturi enim qui nemo. Hic eum maxime maxime est veniam modi. Numquam soluta debitis aperiam aspernatur.','2022-07-21 01:13:59'),(116,72,2,'Delectus libero dolores consectetur est. Qui doloremque minus quos nostrum. Voluptate beatae perspiciatis atque qui beatae deserunt. Aut aut iusto et provident nobis ipsa.','2022-09-08 06:05:28'),(117,33,8,'Sapiente ut voluptatem atque eos est id. Qui quidem aliquid et a.','2023-06-04 12:48:34'),(118,99,21,'Odio facere et atque nemo. Magnam numquam consequuntur id ut. Explicabo id porro nesciunt necessitatibus illo eaque.','2023-08-12 18:52:56'),(119,84,69,'Maxime deleniti harum itaque nemo velit quod accusamus assumenda. Quasi molestiae ipsam autem error. Quam qui voluptatem ut quis. Ut eum error vel nulla voluptatem ipsam. Quia itaque provident nihil voluptas aut voluptatibus.','2023-04-14 20:46:42'),(120,97,36,'Fugit ut tempora voluptatum similique. Possimus velit eius incidunt sed et. Placeat asperiores mollitia est in blanditiis cumque laboriosam. Numquam itaque error sed mollitia assumenda.','2021-10-12 03:35:01'),(121,87,71,'Suscipit mollitia voluptates aliquid. Reprehenderit ipsam in unde occaecati cum qui molestias. Atque qui laudantium et repudiandae. Corrupti vel omnis harum ut.','2023-07-08 02:09:12'),(122,70,99,'Voluptas quia provident delectus. Non earum assumenda facere sed. Ex harum architecto quia recusandae tempore neque et. Explicabo saepe ab aut autem voluptas accusantium iure minus.','2020-12-06 14:24:07'),(123,38,49,'Repudiandae velit similique distinctio. Quia similique quod iste fugit id. Ullam incidunt voluptas ex velit cum saepe dicta. Et distinctio dolores quibusdam eos natus numquam qui.','2022-08-03 01:32:01'),(124,71,17,'Optio rerum dolorum nemo. Quas modi voluptatem dolorem. Fuga officia sit et ipsum.','2021-07-24 07:30:18'),(125,83,20,'Eveniet similique ducimus odit voluptas hic voluptatem. Et explicabo occaecati ut quos sunt. Aspernatur eum iste placeat iste.','2021-01-31 04:25:50'),(126,21,13,'Soluta quas delectus est sunt illo. Atque voluptatem corrupti est expedita. Voluptas aut sint dignissimos saepe fugit dolor minima doloremque. Assumenda unde nam nam reiciendis sit ut.','2021-01-12 20:21:39'),(127,72,9,'Nulla voluptatem quam at odio vel quod in. Alias eveniet et sed iste ut voluptatem laboriosam. Nihil molestiae tempore sit modi. Corrupti quos sit sunt consequatur.','2021-09-01 13:31:20'),(128,61,54,'Sequi modi architecto velit ducimus fugit atque dolorem voluptatem. Autem repellat quod et quia. Officia velit non vitae cum voluptas.','2020-11-22 14:48:08'),(129,10,69,'Quos optio asperiores numquam doloremque. Hic excepturi sed voluptate laudantium voluptate iusto.','2021-03-06 20:14:16'),(130,96,15,'Nesciunt dignissimos deleniti voluptas debitis dolor quos. Maiores nulla et est voluptas. Nam non molestias eos praesentium quaerat. Id vitae debitis quasi.','2021-06-22 11:12:09'),(131,61,67,'Ea tempora possimus est fuga. Et voluptatem esse dolorum ut explicabo laborum cupiditate rerum. Asperiores quia id commodi aut eaque.','2020-12-01 22:45:18'),(132,17,93,'Accusamus incidunt sit sit laboriosam. Aut voluptatem maxime voluptates molestiae mollitia velit doloribus. Sequi esse vero hic qui. Voluptatem nisi ut voluptatum qui laudantium deserunt dolor. Corporis ut et earum nam.','2021-01-04 22:54:46'),(133,75,15,'Odit eos possimus et voluptatem. Voluptas quia mollitia adipisci et ad voluptatem praesentium. Sed dolores ad omnis dolorum veniam.','2023-02-05 00:57:27'),(134,14,59,'Sit aut voluptatem sint. Alias est quibusdam nihil totam nesciunt placeat voluptas. Quia quidem voluptates quia aut.','2022-06-03 13:54:52'),(135,84,11,'Ratione porro nihil consequuntur reprehenderit eius. Rem velit aut tenetur magni. Mollitia hic perspiciatis sequi non.','2021-09-29 09:01:45'),(136,94,70,'Quo ut et animi. Vel harum est atque sint magnam. Est iusto tempore ut in.','2021-07-23 18:06:37'),(137,81,64,'Distinctio quia repudiandae id. Ad impedit labore illo ea odio necessitatibus eum. Vel eos illum est velit libero.','2022-12-01 14:47:25'),(138,68,18,'Vero voluptatem dignissimos cumque et qui excepturi. Vel impedit id impedit mollitia et cupiditate excepturi. Natus iusto molestiae est incidunt qui. Ullam porro maiores ipsam et cumque debitis.','2022-07-25 17:24:52'),(139,12,38,'Quod exercitationem accusantium sit eligendi. Ad facere velit rerum quia fugiat reiciendis. Rerum laborum nihil consequatur accusantium deserunt placeat. Eum consequatur laudantium sed quo itaque perspiciatis nostrum.','2021-07-15 17:33:32'),(140,34,95,'Dolore id facilis saepe. Ut nulla distinctio rerum. Corrupti magni quo omnis in deleniti tempore beatae.','2022-08-11 16:25:49'),(141,58,55,'In aperiam ab ducimus consequuntur voluptatem. Quia perspiciatis quia ullam nostrum et. Minus animi repellendus omnis et.','2022-02-23 04:01:17'),(142,7,29,'Voluptas quod aspernatur hic rerum placeat deleniti blanditiis. Quia consequuntur est ex illum. Reprehenderit est nesciunt dolorum veritatis. Deserunt dolorem recusandae non sunt quod velit eligendi.','2022-02-18 18:29:58'),(143,63,68,'Iure enim tenetur excepturi corporis. Provident distinctio ut autem ea qui praesentium distinctio repellat. Eveniet voluptate quae qui occaecati minus. Eum pariatur dolorum voluptatem nihil.','2022-03-21 23:15:45'),(144,83,73,'Et vel laboriosam ipsa et magnam. Esse sit perspiciatis est quaerat quo. Qui qui voluptas recusandae omnis.','2022-01-10 08:35:20'),(145,36,78,'Aut ratione eum perferendis eius maiores nesciunt. Sit nostrum hic aut labore iure. Velit est optio sequi sed maiores occaecati. Est aspernatur id ut omnis.','2021-12-30 11:10:06'),(146,88,96,'Sequi doloremque officia nostrum. Dolores architecto cum iure consequatur vitae. Sint et atque quo. Commodi commodi corrupti sapiente occaecati et qui iure ab.','2022-12-19 19:58:37'),(147,45,4,'Nulla reprehenderit aut fugit ipsam et et. Sed ducimus aut dignissimos ex. Sit ipsam iure autem quo fugit eveniet voluptatem nemo.','2023-07-15 21:43:55'),(148,89,20,'Et aliquid earum facere omnis quas maiores. Omnis repudiandae velit voluptas dolorem officiis ut. Iste possimus nobis similique.','2023-04-27 03:52:10'),(149,19,2,'Et sint tenetur reprehenderit et officiis odio sed et. Iste inventore deserunt odio. Odit non voluptatum ut enim aut ut architecto.','2020-10-07 18:49:35'),(150,78,2,'In laboriosam laboriosam impedit aliquid voluptatibus consequuntur ullam. Eum officiis laborum sequi reprehenderit. Rem distinctio quae atque. Possimus rerum magni dolorum et.','2021-01-12 23:12:28'),(151,12,72,'Eos culpa ratione ratione perspiciatis porro officiis veritatis. Enim nobis a eum aut. Voluptate iure sunt ut ut. Repellat et incidunt fugiat laboriosam ratione et magnam.','2023-03-03 17:47:35'),(152,71,93,'Itaque vitae vel perferendis id. Animi molestiae culpa non ipsam veniam consequatur perspiciatis mollitia. Minima quia eaque voluptatem rem molestiae aut. Voluptatem repellat et voluptas nihil tenetur.','2022-04-04 15:07:27'),(153,35,38,'Debitis et maiores et eveniet ut similique provident. Ipsum aliquid expedita non. Rerum quia doloremque ullam sit occaecati enim sit deserunt. Quo magni saepe iure magni occaecati sed. Magni laudantium nesciunt eaque quos nihil.','2021-07-21 13:37:10'),(154,10,47,'Sed nam quia velit. Deleniti dolores et dolor at dolor nesciunt. Quod delectus eveniet et omnis sit.','2021-11-19 01:31:06'),(155,76,44,'Quod iusto molestias voluptates voluptatum quisquam. Iusto aut quis velit doloribus quis est dicta.','2022-10-28 14:03:50'),(156,42,34,'Ullam veniam nihil omnis magnam itaque. Asperiores sit in id cum repellat totam. Soluta molestiae at quidem occaecati natus eum recusandae eos. Velit et molestiae possimus libero aut.','2022-11-01 20:04:01'),(157,99,48,'Iure sunt pariatur tempore ut quo repellendus. Tempore cupiditate vitae in sunt velit rerum tempore sit. Occaecati accusantium vel officiis ut mollitia. Officiis sunt qui laborum odio ea.','2023-03-02 12:38:54'),(158,62,61,'Ut dolorum dolor sit et. Perferendis explicabo et facere qui ad. Reiciendis ut sapiente est est voluptas. In et vel commodi odio. Laborum at recusandae qui error voluptatem laudantium.','2023-05-29 22:07:48'),(159,16,45,'Consequuntur deserunt commodi illum quia eos ipsum. Quis quam deserunt nisi quisquam atque ipsa eius laboriosam. Quasi totam dolorem et architecto reiciendis quisquam velit quam. Sed suscipit reiciendis assumenda facilis ex expedita omnis excepturi.','2020-10-12 00:04:09'),(160,34,51,'Suscipit laboriosam asperiores aut odio dolor quam sunt. Itaque exercitationem dolore incidunt odio ipsam illo quidem. Dolores voluptates laboriosam rerum neque enim accusamus quasi dolorem. Quasi dolorem repellendus et eaque vitae est dolorem.','2022-11-16 08:21:46'),(161,22,21,'Aut omnis et dolor voluptatum. Architecto labore quibusdam deleniti ut. Sunt accusamus et dolore perspiciatis et vero. Itaque est nesciunt numquam et quod asperiores.','2023-06-12 14:30:14'),(162,47,67,'Aut officia recusandae nam nemo maxime. Aliquid reprehenderit quia earum repudiandae. Earum illum dolore doloremque soluta dolorem et. Architecto aut molestiae dolores a aliquam beatae.','2021-03-08 23:26:33'),(163,25,35,'Quis recusandae rerum porro nihil qui sit ducimus molestiae. Sit laboriosam dolore voluptatem non. Iste dolorem consectetur neque dolore.','2022-10-14 20:06:21'),(164,86,43,'Ut aperiam quos perferendis nisi. Iure optio laboriosam eum libero quis. Non nesciunt adipisci ut quas eveniet. Vitae voluptas voluptate id esse ratione. Quidem nostrum dolores ut fugit sequi nisi provident totam.','2022-01-20 17:46:53'),(165,37,64,'Sapiente molestiae reiciendis quo nulla. Magnam sit ratione beatae aspernatur. Sed excepturi ipsum pariatur cum excepturi ut accusamus et.','2022-06-17 16:14:20'),(166,44,49,'Expedita quam illum sed iure. Occaecati est sunt nesciunt porro ipsam. Eveniet vitae eius enim ea vel.','2022-11-17 06:39:08'),(167,36,15,'Nisi quo dicta nobis voluptatibus exercitationem architecto voluptatem. Et et rerum architecto quo quos saepe. Doloribus laboriosam id ipsam totam corporis repudiandae. Voluptatem ea magni necessitatibus similique. Ab quia quam distinctio et fugiat ad commodi.','2022-02-09 22:34:03'),(168,41,71,'Omnis omnis consequatur repellendus expedita. Reiciendis magni recusandae et velit nihil praesentium. Rem temporibus id nisi consequatur fuga. Corporis fugiat laboriosam omnis ipsam tenetur perspiciatis impedit.','2020-09-15 17:52:49'),(169,53,51,'Deserunt facilis quidem voluptate doloremque laborum quaerat. Sit sapiente autem et neque. Animi et qui facilis dolorum. Autem laborum ut vero quam. Eaque culpa amet voluptatem.','2023-05-15 17:15:14'),(170,17,28,'Vero recusandae illo sit perferendis cum voluptate. In qui consequatur laboriosam. Ipsam vel aut rerum tempora qui architecto facere.','2021-12-28 00:12:58'),(171,95,58,'Ut magnam error voluptates est. Beatae unde facere non voluptas. Labore est deserunt aut harum vitae nostrum. Et repudiandae ipsa et velit.','2022-03-14 04:25:38'),(172,61,93,'Dolorem sed natus voluptatem quas quos consequatur. Consectetur qui provident et distinctio ullam sapiente eos. Dolorem non delectus eos similique consectetur. Est aspernatur non sed aut ea dolor ut. Omnis et aperiam dolorem velit ipsa.','2023-01-20 23:22:06'),(173,6,23,'Veniam velit magni ut ipsam quasi nobis temporibus. Non repellat adipisci possimus optio sed. Consectetur asperiores laudantium minima voluptas velit. Facilis aliquam tenetur illum aperiam perspiciatis quisquam. Rerum officia cupiditate quibusdam omnis voluptatibus.','2020-11-15 00:34:40'),(174,54,21,'Voluptate exercitationem et minus maiores. Ratione voluptas officia maxime. Excepturi ut qui quaerat non quaerat tempore consequatur. Illo laboriosam voluptas quia odio.','2022-06-10 23:13:38'),(175,67,87,'Unde dolor illum corrupti incidunt quod vel vel. Consequatur iste sint minima eum. Laudantium quia enim illo. Nemo omnis labore eius similique tenetur necessitatibus.','2021-12-21 21:46:57'),(176,72,89,'Et quisquam voluptate dolorum magni distinctio nemo. Labore autem aliquid officiis ea molestias. Deserunt doloremque culpa minima dolor.','2020-12-24 14:15:33'),(177,8,18,'Voluptas soluta omnis et qui nemo. Assumenda ut doloremque aut sint. Laudantium voluptas voluptas non esse rerum magni.','2023-08-05 00:46:05'),(178,56,32,'In sint ratione totam rerum. Sequi repudiandae quia ipsum aut nulla doloribus. Porro ut assumenda quae. Corporis cumque dolorum in et.','2023-03-25 20:45:14'),(179,53,41,'Assumenda iste qui et inventore et quisquam numquam nam. Fugit similique corporis pariatur nisi perspiciatis. Impedit incidunt ducimus sunt non sequi libero natus. Nemo at accusamus deserunt.','2022-03-08 21:03:50'),(180,75,90,'Aut labore qui perferendis totam in. Asperiores ut quos qui eos non officia. Aut qui sed sed aliquid sunt. Accusamus doloribus sint est quae.','2022-04-17 23:10:23'),(181,5,18,'Nesciunt nostrum necessitatibus quas consequuntur ipsam eligendi voluptatem. Odio incidunt enim asperiores enim labore. Vero exercitationem quasi enim optio harum sunt at. Placeat error inventore modi eaque.','2022-06-26 10:39:02'),(182,38,40,'Et eum voluptatum et dolore occaecati rerum voluptatem. Velit debitis facilis quod accusamus. Pariatur illum qui tempora error similique. Dolores esse et et nulla voluptatem nam.','2023-03-21 10:42:04'),(183,32,79,'Illum distinctio in voluptas et. Amet iure accusantium vel ut nihil vero qui. Ea voluptatem dignissimos aut est molestiae. Accusamus sit amet qui ea eos quas.','2021-08-19 15:53:25'),(184,10,84,'Consequatur amet modi ut. Ab qui voluptas adipisci et est. Ut aspernatur qui dolorum reiciendis molestiae quia ut eveniet.','2021-04-11 18:35:13'),(185,30,27,'Quisquam consequatur et aut sed enim. Modi eaque expedita enim sed excepturi dicta. Vitae repellendus et alias at voluptatibus. Quae ipsam voluptatum quia ducimus aut quos est sed.','2023-05-10 14:49:34'),(186,12,25,'Accusantium consequuntur rerum est mollitia. Sunt quia vitae officiis beatae. Est nostrum aut rerum accusamus.','2021-11-30 07:22:04'),(187,85,73,'Quos quisquam alias dicta praesentium est consequuntur recusandae. Inventore dolores et aliquam et nisi. Et est numquam quidem et. Cum quae vel sequi qui laudantium.','2021-10-21 08:54:23'),(188,17,90,'Voluptates cum laborum dolor et minima voluptatum quia. Itaque reprehenderit mollitia est quibusdam quia eos.','2023-08-29 17:19:47'),(189,96,71,'Deleniti iste rerum omnis quia incidunt. Suscipit vel quae a suscipit reprehenderit. Rerum sit a sed.','2021-01-27 05:51:27'),(190,11,62,'Molestiae enim voluptatum et recusandae. Voluptatum eveniet alias et quo in voluptatem dolorem dolor. Hic sit velit at quo ab.','2023-07-03 03:23:00'),(191,57,83,'Rerum alias suscipit et. Iusto eveniet sunt repudiandae in harum distinctio. Deleniti cupiditate cupiditate assumenda temporibus dignissimos at fuga. Deleniti quia architecto reiciendis voluptas vel porro voluptas consequatur.','2021-04-22 11:53:48'),(192,51,65,'Quo est aspernatur et ipsam. Et ipsum fugiat perspiciatis. Dolorem nihil praesentium sit assumenda inventore.','2023-07-14 00:41:00'),(193,100,6,'Odit a voluptatem et omnis excepturi. Dignissimos deserunt eos quia dolor nemo harum. Voluptate mollitia quo totam tempore minus numquam neque quis. Consectetur eos quod id assumenda et at maxime. Voluptatem placeat deserunt quia fuga vel.','2020-11-26 17:25:28'),(194,97,52,'Vel necessitatibus a nisi sed. Itaque aut est et explicabo qui. Nemo atque sed qui tenetur non velit possimus. Sit et et minus quisquam et. Aperiam ipsum quia suscipit repellendus inventore.','2022-09-25 21:50:06'),(195,47,71,'Qui ad et soluta quis architecto molestiae. Nostrum quasi magni iste ab ipsum sed corporis non. Est sint cupiditate qui quia et necessitatibus dolore.','2023-08-16 14:32:14'),(196,41,51,'Est delectus eligendi accusantium. In aliquam quae et expedita.','2023-03-14 11:44:40'),(197,88,79,'Omnis autem sapiente vel error et omnis vitae. Iste nihil neque odio doloribus.','2021-06-04 11:41:20'),(198,91,20,'Eaque eum facere harum itaque quam molestiae nesciunt. Est molestias et ad ipsum. Voluptas sint animi eligendi sed velit cumque. Ipsa temporibus quae ut quisquam consequatur eaque voluptas. Dolore qui quo rerum aliquam ratione libero.','2022-05-27 10:02:44'),(199,58,1,'Ipsum et magni veniam repellendus recusandae. Voluptatem consequatur consequuntur dolore. Beatae nihil beatae vel velit dolorum voluptatem. Ut et sequi autem totam quasi quos.','2021-05-25 09:40:17'),(200,4,87,'Nostrum voluptates sunt dolorum sunt doloremque. Quo aut incidunt qui nulla nulla velit sint. Quos facilis omnis reprehenderit. Voluptatem et exercitationem porro molestiae.','2022-04-13 20:12:50');
/*!40000 ALTER TABLE `messages` ENABLE KEYS */;
UNLOCK TABLES;

--
-- Table structure for table `photo_albums`
--

DROP TABLE IF EXISTS `photo_albums`;
/*!40101 SET @saved_cs_client     = @@character_set_client */;
/*!40101 SET character_set_client = utf8 */;
CREATE TABLE `photo_albums` (
  `id` bigint(20) unsigned NOT NULL AUTO_INCREMENT,
  `name` varchar(255) COLLATE utf8mb4_unicode_ci DEFAULT NULL,
  `user_id` bigint(20) unsigned DEFAULT NULL,
  PRIMARY KEY (`id`),
  UNIQUE KEY `id` (`id`),
  KEY `user_id` (`user_id`),
  CONSTRAINT `photo_albums_ibfk_1` FOREIGN KEY (`user_id`) REFERENCES `users` (`id`) ON DELETE SET NULL ON UPDATE CASCADE
) ENGINE=InnoDB AUTO_INCREMENT=101 DEFAULT CHARSET=utf8mb4 COLLATE=utf8mb4_unicode_ci;
/*!40101 SET character_set_client = @saved_cs_client */;

--
-- Dumping data for table `photo_albums`
--

LOCK TABLES `photo_albums` WRITE;
/*!40000 ALTER TABLE `photo_albums` DISABLE KEYS */;
INSERT INTO `photo_albums` VALUES (1,'Qui necessitatibus assumenda enim repellendus corporis eum id.',4),(2,'Facere mollitia sunt quia adipisci odio temporibus soluta.',72),(3,'Eius occaecati pariatur asperiores ut ad ex.',100),(4,'Eum iure ullam voluptatem quisquam aliquam.',22),(5,'Libero corporis illo possimus magnam necessitatibus ea.',49),(6,'Error omnis atque accusamus assumenda molestiae velit quo.',67),(7,'Ducimus dignissimos ipsa vitae iusto rerum delectus.',18),(8,'Placeat et voluptatibus velit eos aperiam in.',16),(9,'Doloribus nulla rerum cum sed sit nisi.',88),(10,'In quas doloremque provident doloribus qui.',94),(11,'Ut et nobis ab voluptatem odit facere enim.',24),(12,'Omnis ducimus inventore dignissimos ut a voluptate est.',52),(13,'Omnis quam perspiciatis illo ipsam.',9),(14,'Quae fuga excepturi in magni.',6),(15,'Illo laborum et voluptatem voluptates aperiam.',22),(16,'Esse iure est facere tempore rerum ut iure.',65),(17,'Quia id repudiandae et.',21),(18,'Sunt est et in quo debitis.',28),(19,'Velit voluptatem soluta quisquam quia sunt accusamus temporibus.',35),(20,'Nihil et ipsum at quia saepe deserunt.',65),(21,'Impedit aut dolor aut quasi sint quia beatae.',4),(22,'Ut accusantium facere provident vel neque non.',50),(23,'Aut iste qui corrupti eum consequatur eligendi veritatis molestiae.',98),(24,'Consectetur ipsum atque in.',16),(25,'Quia consequatur est in quibusdam optio.',37),(26,'Et natus accusamus et quibusdam neque.',1),(27,'Aut aut et blanditiis sit quis.',95),(28,'Et quod laudantium odio minima.',19),(29,'Incidunt qui quo ea vel voluptatibus.',18),(30,'Occaecati quo consequatur accusantium id.',79),(31,'Aliquam qui assumenda earum voluptatibus iure qui eveniet.',3),(32,'Ut sed sed odit minima occaecati dicta.',21),(33,'Repudiandae et nam similique labore repudiandae.',50),(34,'Omnis architecto dolorem dolor quos cumque omnis et et.',2),(35,'Officiis temporibus fugiat ullam voluptates.',43),(36,'Velit beatae repellendus mollitia harum.',98),(37,'Doloribus qui ut consequatur et.',68),(38,'Totam consequatur commodi eius sint accusamus.',60),(39,'Provident explicabo aut id distinctio eos.',13),(40,'Ut voluptatem fuga doloremque voluptate.',56),(41,'Tempora magnam laboriosam dignissimos non praesentium pariatur.',53),(42,'Delectus rerum iusto pariatur pariatur.',37),(43,'Beatae at incidunt saepe accusamus ad similique aut.',8),(44,'Qui velit atque quo ullam similique.',62),(45,'Ut hic rerum possimus suscipit sed debitis magnam.',43),(46,'Libero et iure voluptatibus qui est.',29),(47,'Temporibus voluptas rem earum maxime sequi.',26),(48,'Voluptatum repellendus qui non vero deserunt nulla eum.',63),(49,'Veritatis officiis ducimus maxime distinctio.',57),(50,'Hic vel delectus nihil ipsa voluptas.',60),(51,'Ducimus error voluptas explicabo dolores et velit velit quia.',28),(52,'Vero et saepe expedita tempora debitis neque tempore.',60),(53,'Similique dolorum explicabo deserunt impedit repellat.',9),(54,'Qui nihil qui minus non aut quos.',25),(55,'Accusamus voluptates libero velit est doloribus nam modi tempore.',76),(56,'In qui vel quia neque id omnis minus.',45),(57,'Necessitatibus consectetur aut in omnis maiores fugiat voluptates.',26),(58,'Ipsa quia ullam enim consequatur.',71),(59,'Officia ea est animi dolores nisi necessitatibus consequatur quaerat.',63),(60,'Voluptas quae sunt consequatur commodi fugiat alias officiis.',44),(61,'Quaerat iste aliquid natus enim.',49),(62,'Assumenda ut tempore a et tenetur sint deserunt quibusdam.',65),(63,'Et velit illo accusantium ducimus occaecati.',64),(64,'At rem voluptas optio quis ut et.',98),(65,'Maiores voluptas qui dolor.',67),(66,'Beatae nisi provident quia ut numquam nihil quod.',7),(67,'Vel at dolor pariatur vero voluptas aut minus possimus.',96),(68,'Accusantium minima dolores rem omnis et.',34),(69,'Doloremque ullam omnis sed vel.',66),(70,'Eum molestias error deleniti placeat deleniti.',9),(71,'Minus eos ut odio.',90),(72,'Cupiditate officia aut consequatur blanditiis sit nihil beatae.',19),(73,'Esse rerum ducimus illum dolores architecto.',46),(74,'Non sed vero tempora ad quod est.',97),(75,'Iste vitae magnam nostrum voluptatem labore consectetur beatae nihil.',80),(76,'Ab officiis quibusdam ut et facere deleniti saepe.',88),(77,'Molestiae perferendis quam animi saepe.',26),(78,'Dolores nihil sint quo eum occaecati nihil soluta.',5),(79,'Aut delectus provident itaque occaecati voluptatibus culpa et.',51),(80,'Odio alias ea nam praesentium qui.',82),(81,'Aut veritatis quasi aut dignissimos blanditiis dolores quisquam impedit.',64),(82,'Quos necessitatibus debitis provident necessitatibus ratione officiis.',78),(83,'Et similique vitae ipsum soluta libero.',41),(84,'Eveniet in praesentium aliquid ut.',73),(85,'Impedit in aspernatur laudantium illo et omnis.',3),(86,'Esse aut consequatur occaecati.',17),(87,'Facilis aut eos magnam aut.',18),(88,'Dicta voluptatum quod et soluta in.',29),(89,'Rerum quis quos consectetur nostrum fugiat facilis.',87),(90,'Iste aliquam ipsam cupiditate dolor.',81),(91,'Iure sit quis ea harum magni vel.',72),(92,'Rerum reprehenderit corporis possimus atque ratione velit deserunt illum.',35),(93,'Alias sunt doloribus id est sint at.',46),(94,'Porro voluptate recusandae omnis excepturi.',36),(95,'Similique porro dicta quos vero ut a.',33),(96,'Voluptatum vero aut saepe et eius fuga.',12),(97,'Earum rerum rerum iusto enim minima.',42),(98,'Cumque exercitationem occaecati id qui maiores minus ipsam.',28),(99,'Quaerat veritatis rerum autem quibusdam.',46),(100,'Architecto atque maxime commodi et soluta facere non culpa.',7);
/*!40000 ALTER TABLE `photo_albums` ENABLE KEYS */;
UNLOCK TABLES;

--
-- Table structure for table `photos`
--

DROP TABLE IF EXISTS `photos`;
/*!40101 SET @saved_cs_client     = @@character_set_client */;
/*!40101 SET character_set_client = utf8 */;
CREATE TABLE `photos` (
  `id` bigint(20) unsigned NOT NULL AUTO_INCREMENT,
  `album_id` bigint(20) unsigned NOT NULL,
  `media_id` bigint(20) unsigned NOT NULL,
  PRIMARY KEY (`id`),
  KEY `album_id` (`album_id`),
  KEY `media_id` (`media_id`),
  CONSTRAINT `photos_ibfk_1` FOREIGN KEY (`album_id`) REFERENCES `photo_albums` (`id`) ON DELETE CASCADE ON UPDATE CASCADE,
  CONSTRAINT `photos_ibfk_2` FOREIGN KEY (`media_id`) REFERENCES `media` (`id`) ON DELETE CASCADE ON UPDATE CASCADE
) ENGINE=InnoDB AUTO_INCREMENT=101 DEFAULT CHARSET=utf8mb4 COLLATE=utf8mb4_unicode_ci;
/*!40101 SET character_set_client = @saved_cs_client */;

--
-- Dumping data for table `photos`
--

LOCK TABLES `photos` WRITE;
/*!40000 ALTER TABLE `photos` DISABLE KEYS */;
INSERT INTO `photos` VALUES (1,23,187),(2,70,84),(3,44,43),(4,37,12),(5,40,154),(6,80,26),(7,25,122),(8,13,32),(9,39,55),(10,59,4),(11,17,2),(12,6,115),(13,59,73),(14,31,153),(15,2,190),(16,10,47),(17,88,159),(18,65,63),(19,1,4),(20,38,81),(21,79,35),(22,53,7),(23,78,131),(24,19,34),(25,93,156),(26,19,19),(27,79,47),(28,67,75),(29,60,194),(30,14,121),(31,92,47),(32,84,159),(33,3,97),(34,11,6),(35,51,96),(36,43,58),(37,65,192),(38,32,86),(39,62,102),(40,60,109),(41,29,155),(42,64,15),(43,1,60),(44,45,120),(45,27,117),(46,20,36),(47,82,7),(48,98,168),(49,52,16),(50,87,5),(51,56,59),(52,31,41),(53,26,125),(54,64,173),(55,13,45),(56,41,83),(57,100,8),(58,49,1),(59,34,187),(60,60,121),(61,52,160),(62,78,67),(63,83,150),(64,17,70),(65,83,7),(66,37,77),(67,33,136),(68,59,116),(69,30,44),(70,45,86),(71,44,170),(72,84,88),(73,89,66),(74,44,44),(75,27,7),(76,82,156),(77,83,120),(78,12,132),(79,35,56),(80,1,35),(81,32,76),(82,56,129),(83,6,29),(84,23,70),(85,36,133),(86,78,160),(87,52,123),(88,24,79),(89,94,134),(90,62,40),(91,70,87),(92,98,105),(93,3,18),(94,19,76),(95,37,38),(96,56,137),(97,57,22),(98,33,123),(99,25,110),(100,97,121);
/*!40000 ALTER TABLE `photos` ENABLE KEYS */;
UNLOCK TABLES;

--
-- Table structure for table `profiles`
--

DROP TABLE IF EXISTS `profiles`;
/*!40101 SET @saved_cs_client     = @@character_set_client */;
/*!40101 SET character_set_client = utf8 */;
CREATE TABLE `profiles` (
  `user_id` bigint(20) unsigned NOT NULL AUTO_INCREMENT,
  `gender` char(1) COLLATE utf8mb4_unicode_ci DEFAULT NULL,
  `birthday` date DEFAULT NULL,
  `photo_id` bigint(20) unsigned DEFAULT NULL,
  `created_at` datetime DEFAULT current_timestamp(),
  `hometown` varchar(100) COLLATE utf8mb4_unicode_ci DEFAULT NULL,
  PRIMARY KEY (`user_id`),
  KEY `fk_photo_id` (`photo_id`),
  CONSTRAINT `fk_photo_id` FOREIGN KEY (`photo_id`) REFERENCES `photos` (`id`) ON DELETE SET NULL ON UPDATE CASCADE,
  CONSTRAINT `fk_user_id` FOREIGN KEY (`user_id`) REFERENCES `users` (`id`) ON DELETE CASCADE ON UPDATE CASCADE
) ENGINE=InnoDB AUTO_INCREMENT=101 DEFAULT CHARSET=utf8mb4 COLLATE=utf8mb4_unicode_ci;
/*!40101 SET character_set_client = @saved_cs_client */;

--
-- Dumping data for table `profiles`
--

LOCK TABLES `profiles` WRITE;
/*!40000 ALTER TABLE `profiles` DISABLE KEYS */;
INSERT INTO `profiles` VALUES (1,'m','1983-06-16',32,'1984-03-08 14:30:38','In eum harum soluta. Natus maxime iste et ut autem.'),(2,'m','2011-07-10',59,'2007-10-03 18:38:58','Illum sed unde non. Quia molestiae eaque facere et. Optio deleniti beatae rerum architecto et iure.'),(3,'m','1997-07-06',77,'1992-07-27 03:53:55','Amet tempore aut sequi laboriosam suscipit. Beatae illum sed quasi.'),(4,'m','1983-08-08',53,'1976-06-17 19:15:34','Cupiditate sed rerum et. Aut laborum enim veritatis cumque sunt quisquam cum.'),(5,'m','1993-08-21',81,'1973-10-20 09:51:48','Nemo et iste deleniti iste. Incidunt eligendi sint illum.'),(6,'m','2012-06-10',84,'1998-12-18 16:47:32','Accusantium et eum dolorem. Nihil quia magni molestiae est doloribus modi.'),(7,'m','1984-12-11',40,'2000-08-05 21:57:07','Et ut qui neque modi quis qui. Dolor at itaque dolor rem. Eos iste aut excepturi iure non.'),(8,'m','2003-08-01',53,'1989-06-21 23:12:24','Aut assumenda fugit eos quo rerum. Repudiandae est id dolor saepe omnis. Ullam minus quasi ducimus.'),(9,'m','2001-12-12',47,'2003-05-21 10:23:07','Impedit magnam aut unde. Iusto modi itaque pariatur. Ea molestias non dolorem incidunt in.'),(10,'m','2005-12-05',86,'2006-07-19 17:19:03','Est et odit inventore. Repellendus beatae harum ut quia autem voluptates voluptate.'),(11,'m','2000-08-22',91,'1971-07-02 14:33:16','Quasi et fugit voluptatem ut dolorem eum voluptas id. Fuga repudiandae modi animi non.'),(12,'m','2003-05-02',79,'1970-06-01 12:52:08','Reiciendis odit repellat doloremque iste sunt ea. Maiores ut dolor laborum voluptatem fugiat.'),(13,'m','1993-01-14',62,'2003-01-15 04:34:06','Est repellat explicabo aliquid cum saepe. Nihil a nulla recusandae blanditiis dolor.'),(14,'m','1986-09-19',88,'2014-05-25 20:30:22','Debitis aspernatur iusto deserunt sunt quo dolores suscipit. Eligendi quia rerum vitae et et in.'),(15,'m','2002-08-29',67,'1991-04-03 15:07:10','Non eaque nesciunt quis molestiae accusantium est. Excepturi libero dignissimos omnis ratione sed.'),(16,'m','1988-03-28',1,'1977-06-17 10:42:51','Rem rerum eaque quaerat ab. Deleniti et fugiat autem omnis.'),(17,'m','2007-10-25',37,'1982-03-11 18:36:47','Sed nisi et facere et. Consequatur aliquam omnis ea dolorem corrupti autem aliquam.'),(18,'m','1992-03-28',30,'1971-08-05 04:52:50','Blanditiis vero ducimus et. Molestias voluptate cupiditate eos facere sunt et quia.'),(19,'m','1982-09-15',84,'2005-01-09 18:41:42','Ipsam maxime quos impedit animi rerum ullam saepe fugiat. Officiis consequuntur nam aut optio et.'),(20,'m','1989-07-18',98,'2017-05-08 07:22:12','Est vel aliquam velit nihil quas quas exercitationem. Nisi quidem dolores laudantium repudiandae.'),(21,'m','2010-09-22',29,'1994-07-10 11:54:47','Dolor iste dolor est. Qui assumenda magnam qui explicabo iure. Quis ut ea odio ad sunt.'),(22,'m','2004-02-14',14,'2004-08-01 18:44:53','Quisquam itaque cum dolorum. Aperiam reiciendis eum unde eaque aut animi.'),(23,'m','2002-09-01',24,'2004-06-03 00:40:38','Dolores in incidunt ut in atque. Inventore consequuntur saepe vel enim. Et sed ad natus omnis esse.'),(24,'m','1998-09-22',69,'2013-05-01 19:33:04','Mollitia quae autem officiis quo non nobis. Quia vero dicta similique soluta sint ex.'),(25,'m','2012-07-08',50,'1982-01-16 04:57:32','Nisi esse quia doloribus illum et nam. Quam ut quod nam aspernatur reprehenderit.'),(26,'m','1983-01-11',65,'2012-03-19 13:45:19','Corporis ullam cum ipsa voluptas. Magnam rem earum sit. Cum illo officiis sit dolore eos.'),(27,'m','2012-02-15',74,'2014-06-09 06:16:21','Sed repudiandae id quis iusto. Repellat perspiciatis iste facere asperiores.'),(28,'m','2001-05-07',91,'2017-05-25 02:22:08','Qui ea quia eius dolores repudiandae ab autem et. Rerum vitae eum et iure nisi laboriosam iusto.'),(29,'m','2010-05-01',31,'1982-05-06 11:38:07','Consequatur voluptatem vel quidem. Est qui dolorem odio exercitationem voluptate qui.'),(30,'m','2000-07-20',95,'1988-02-03 15:12:27','Laudantium ut sit dolorem. Amet ipsa dolor ut odit nemo.'),(31,'m','2008-12-24',96,'1972-05-02 18:40:29','Et et et illum consequuntur. Est sunt animi officiis quos pariatur ut quia enim.'),(32,'m','1997-11-09',63,'2009-06-21 17:25:55','Assumenda sint asperiores sed. Vitae autem saepe eveniet officia harum.'),(33,'m','2005-12-25',54,'2007-01-26 15:57:40','Corporis aspernatur quisquam ut dignissimos et. Eligendi consequatur sed soluta est quia.'),(34,'m','2011-01-09',73,'1988-08-05 14:21:19','Ex nihil qui ut quam doloremque dolorem pariatur error. Nihil iste omnis dolores ea delectus.'),(35,'m','1992-09-02',16,'1997-05-04 20:02:31','Quis ut vero sequi rem. Occaecati recusandae et quod ullam neque.'),(36,'m','1996-05-07',34,'1970-11-07 05:24:05','Pariatur sed omnis sit provident laborum quas maiores. Ratione eum dolorem aut natus.'),(37,'m','1987-02-13',56,'1997-03-06 01:21:02','Delectus minus mollitia dicta sint animi id. Optio impedit ut quasi architecto voluptatem odio.'),(38,'m','2005-04-14',55,'2021-12-01 12:23:39','Sed ullam optio nam. Totam temporibus rerum et facere dicta nihil quia ab.'),(39,'m','1989-12-30',87,'2001-10-25 16:52:32','Eaque et qui saepe qui. Occaecati illum omnis nesciunt quos. Quis porro architecto est dolorem.'),(40,'m','1999-10-03',3,'1989-01-28 23:31:56','Ad ipsam necessitatibus et hic non libero. Ipsa non ipsa et. Veniam sit ullam qui accusamus.'),(41,'m','1999-05-20',40,'1990-02-03 15:44:03','Cumque explicabo beatae aut est porro est cum. Nulla provident dignissimos in consequatur fugiat.'),(42,'m','1984-05-28',78,'1996-07-09 03:16:36','Illo eos eaque aperiam. Vel id enim omnis autem aut debitis. Et fugit atque quas cumque.'),(43,'m','2007-08-02',81,'2015-02-18 02:33:19','Et id quas consequatur modi dignissimos dolorem. Sapiente vero eum asperiores quo enim dicta.'),(44,'m','1998-05-30',2,'2002-01-18 04:01:41','Quo aut est soluta molestiae consequatur. Qui ab eveniet consectetur cum.'),(45,'m','1997-09-06',65,'1997-02-03 18:16:33','Maxime quia nihil maiores molestias. Dolore inventore animi nisi saepe.'),(46,'m','1982-10-17',47,'1973-11-28 00:54:33','Et est perferendis ut. Natus laborum sed optio fugiat.'),(47,'m','2009-04-16',2,'2004-09-01 21:25:59','Error ipsa at sit voluptatem ut esse. Voluptatibus nam esse commodi qui.'),(48,'m','2001-03-29',2,'1980-04-08 05:53:39','Labore qui velit maxime magnam voluptas odit nobis. Id officia quas dolor.'),(49,'m','2003-09-01',76,'1982-08-28 08:55:20','Error eos est sed est nostrum officiis possimus et. Mollitia eaque alias tenetur cupiditate.'),(50,'m','1999-07-10',86,'1983-08-28 04:02:38','Saepe ex ea optio molestiae. Tenetur ut nulla voluptatem.'),(51,'m','2005-10-29',99,'1989-01-05 19:20:40','Et ut ea et ut molestias labore. Fuga optio aliquid iusto inventore eveniet.'),(52,'m','1995-04-20',5,'1994-08-12 07:04:57','Occaecati perspiciatis quod animi. Repellendus harum eveniet doloremque ea sapiente iure omnis.'),(53,'m','1989-01-28',99,'2021-04-17 03:11:17','Quibusdam ut error nemo asperiores voluptatem. Et commodi eligendi aut.'),(54,'m','2002-05-14',22,'1996-02-19 23:05:21','Eligendi et voluptates assumenda consequatur sed. Necessitatibus voluptatibus ipsum iusto ex odit.'),(55,'m','2006-05-08',74,'2015-08-25 04:19:22','Qui qui voluptatem ullam ipsam. Harum ea et enim qui quo. Facere aliquid voluptatibus sit ipsum.'),(56,'m','2007-02-15',48,'1990-03-12 16:05:52','Rerum quo sed facere. Voluptatibus ratione quasi ea perspiciatis itaque quia.'),(57,'m','1999-03-12',87,'1989-10-06 08:04:25','Fugit dolor aut commodi. Blanditiis distinctio sed rem voluptatum.'),(58,'m','2007-08-09',48,'1979-01-14 01:17:04','Excepturi qui ut magnam voluptas. Nostrum blanditiis aut ducimus maxime. Eaque saepe placeat sit.'),(59,'m','2005-02-15',39,'1975-06-28 11:23:59','Ea ut ut neque et nobis et. Aut et eum dolor.'),(60,'m','1990-05-22',17,'1974-08-02 06:50:50','Quidem quia vel incidunt. At id alias est voluptates ut.'),(61,'m','2002-03-25',43,'2017-01-17 00:46:22','Rem qui sit beatae debitis sed. Optio beatae quis sint est similique rerum amet.'),(62,'m','2002-04-15',35,'1972-12-11 06:12:45','Dicta optio et porro neque aut. Dolores vitae qui suscipit nostrum officiis quas illo.'),(63,'m','2006-07-31',80,'1983-06-12 07:11:02','Vel voluptas quia iure. Eum sit amet quis minus eius quo asperiores.'),(64,'m','1999-04-21',96,'1981-04-08 19:28:03','Doloremque est aut quia. Id doloremque sint error ex esse voluptas. Porro veniam et ad consequatur.'),(65,'m','2010-10-09',7,'1995-07-15 05:13:39','Qui esse et fugiat quasi. Ut eius velit quia magnam. Sapiente magni a nesciunt.'),(66,'m','2002-04-28',95,'2008-09-06 17:58:53','Non ea vel dignissimos porro vero quisquam. Non velit minima enim ratione quia aut.'),(67,'m','1997-06-17',30,'2007-12-23 07:03:36','Vel ex eius ut fuga. Ut minus non repudiandae architecto.'),(68,'m','1992-05-26',63,'1973-07-28 03:28:27','Consequatur dolores dolore officia eos. Consequatur distinctio tempore nihil.'),(69,'m','1983-10-30',50,'2005-05-29 03:36:10','Est magni nulla eum voluptatem et sit. Vel enim aut voluptas fugit vel ex.'),(70,'m','2000-07-03',17,'2008-09-15 17:01:25','Quidem animi placeat ut ad vel eaque eaque. Inventore veniam eveniet sed eius perspiciatis.'),(71,'m','1994-05-29',65,'1977-01-03 15:15:50','Ex quis voluptatem esse error. Temporibus pariatur cumque molestias maiores. In est ipsa non sed.'),(72,'m','1992-01-24',89,'1978-10-13 20:08:32','Modi ab nesciunt ut fugit necessitatibus. Veniam excepturi laboriosam perspiciatis ea sit.'),(73,'m','1987-06-19',94,'1984-04-17 13:42:07','Inventore sunt in pariatur voluptatum. Ipsa nostrum rem quia. Quam voluptas sed dolor itaque.'),(74,'m','2004-05-10',45,'2017-06-18 18:30:55','Nulla et rerum ea aut veritatis adipisci. Labore ut alias id repellat ut iure dolorum voluptas.'),(75,'m','2009-05-31',90,'2012-08-15 10:40:36','Sed quaerat rerum vitae. Quisquam minus sapiente totam labore id aut accusantium.'),(76,'m','1994-02-18',59,'1988-06-12 13:52:56','Et est similique rerum nemo aperiam. Quis sint culpa nobis magni sunt. Rem aperiam qui et illo.'),(77,'m','1987-09-24',92,'2009-12-05 21:44:53','Provident repellat ut delectus. Non ducimus sed aspernatur. Sit non iure labore illo modi quia.'),(78,'m','1991-12-25',92,'1975-07-18 06:26:47','Aliquam vel aut illum autem. Magni quod esse repellat ducimus.'),(79,'m','2010-09-19',60,'1998-07-04 01:07:31','Porro quibusdam consequatur eveniet et eum. Vel nam molestias qui suscipit.'),(80,'m','1987-10-10',68,'2019-01-08 03:47:06','Iste temporibus odio sit. Ut ullam autem assumenda quia nemo. Reiciendis unde in iste.'),(81,'m','1989-09-19',77,'1991-06-02 19:35:41','Aliquam laudantium iste similique. Quis assumenda id occaecati et voluptatem a.'),(82,'m','2006-10-21',59,'2015-10-15 03:31:54','Sapiente atque maiores nam vel nesciunt aut. Rerum quasi cumque consectetur molestias.'),(83,'m','1989-11-10',73,'1971-08-09 15:08:28','Distinctio aut consequatur voluptas excepturi est. In assumenda quia aut voluptates eum.'),(84,'m','2005-11-12',76,'2011-04-27 10:49:10','Debitis optio iusto rerum ea. Quaerat rerum velit vitae qui. Omnis nihil quisquam sed ea unde et.'),(85,'m','2008-09-08',81,'1993-10-16 02:07:32','Corporis quos et quas error minus. Aspernatur quo possimus sunt vero.'),(86,'m','2007-09-21',46,'1975-12-03 18:36:33','Et aut cupiditate illo. Possimus nihil nihil hic nulla suscipit et iusto.'),(87,'m','1995-03-18',24,'1973-05-03 02:50:32','Iusto modi enim eos veritatis et sed ipsum nobis. Delectus alias in ea quibusdam hic ut.'),(88,'m','1995-04-29',67,'1990-06-07 18:10:11','Deleniti ducimus rem omnis autem voluptatem voluptates. Atque corporis reprehenderit perferendis.'),(89,'m','2010-10-14',93,'2000-07-06 01:16:47','Omnis dolor voluptatem dolores quis natus. Sunt ea et sint voluptatum.'),(90,'m','1998-01-21',62,'2018-01-23 20:35:06','Fugit consectetur natus molestias. Exercitationem in iusto iste deserunt.'),(91,'m','1992-10-12',84,'1970-07-18 13:18:41','Quod maxime laborum maxime sed. Quod quasi sunt sint officia sint accusamus voluptatem vel.'),(92,'m','2006-02-16',35,'2007-12-23 14:24:28','Minus iure cupiditate aliquam voluptas. Quisquam repellat vitae quod odit nulla.'),(93,'m','1997-04-16',96,'1998-04-28 11:46:31','Quia odit reiciendis omnis. Et sit possimus repellendus.'),(94,'m','1994-08-01',63,'1987-04-28 16:32:53','Veniam itaque debitis aut repellat neque. Fuga officia incidunt aut soluta.'),(95,'m','1990-12-31',31,'2005-12-10 13:09:37','Rem nulla eos ipsum numquam ducimus magni. Minus voluptas vero rerum perspiciatis culpa.'),(96,'m','1983-04-25',3,'2001-03-16 17:06:53','Et nostrum modi aut facilis ut. Eligendi non magni culpa id. Adipisci dolorum accusantium tempore.'),(97,'m','1983-09-16',58,'2014-04-28 23:43:43','Autem aut minus adipisci ut delectus quaerat. Vitae ut aut minus vel.'),(98,'m','2001-08-06',60,'1979-09-01 17:59:22','Sit necessitatibus magnam laborum iste. Quia quo eaque labore.'),(99,'m','1983-08-11',65,'1974-12-26 04:20:53','Omnis eum voluptatum sapiente. Sunt totam quis cum officia molestiae. Nesciunt omnis facere ut.'),(100,'m','2004-10-12',7,'2014-01-02 23:19:48','Ratione qui qui cum voluptatem. Animi quisquam atque doloremque incidunt excepturi.');
/*!40000 ALTER TABLE `profiles` ENABLE KEYS */;
UNLOCK TABLES;

--
-- Table structure for table `users`
--

DROP TABLE IF EXISTS `users`;
/*!40101 SET @saved_cs_client     = @@character_set_client */;
/*!40101 SET character_set_client = utf8 */;
CREATE TABLE `users` (
  `id` bigint(20) unsigned NOT NULL AUTO_INCREMENT,
  `firstname` varchar(100) COLLATE utf8mb4_unicode_ci DEFAULT NULL,
  `lastname` varchar(100) COLLATE utf8mb4_unicode_ci DEFAULT NULL COMMENT 'Фамилия',
  `email` varchar(100) COLLATE utf8mb4_unicode_ci DEFAULT NULL,
  `password_hash` varchar(100) COLLATE utf8mb4_unicode_ci DEFAULT NULL,
  `phone` bigint(20) DEFAULT NULL,
  `is_deleted` bit(1) DEFAULT b'0',
  PRIMARY KEY (`id`),
  UNIQUE KEY `email` (`email`),
  KEY `users_firstname_lastname_idx` (`firstname`,`lastname`)
) ENGINE=InnoDB AUTO_INCREMENT=101 DEFAULT CHARSET=utf8mb4 COLLATE=utf8mb4_unicode_ci;
/*!40101 SET character_set_client = @saved_cs_client */;

--
-- Dumping data for table `users`
--

LOCK TABLES `users` WRITE;
/*!40000 ALTER TABLE `users` DISABLE KEYS */;
INSERT INTO `users` VALUES (1,'Hardy','Yundt','cristal.gibson@example.com','b699eda24ed60100ea5a976243c91df72123c0fc',0,'\0'),(2,'Stan','Littel','quigley.rosa@example.net','fe795224eb378a2f8cc57e81a24e9f1f3f26a56c',838,'\0'),(3,'Aurelia','McKenzie','pollich.reece@example.com','ad1c89ef8f0c074411232718bb47800e8d27cbcf',110,'\0'),(4,'Nathaniel','Turner','freeman60@example.com','1fd25a7f761052dd1fbde0fdc600fdfdcf968dbe',379,'\0'),(5,'Lionel','Veum','erick.smitham@example.org','6ca3ffaff8a65921f6e0c0e8a60e24a922d24711',1,'\0'),(6,'Vergie','Padberg','rod.wolff@example.com','67713ff079947880b030da137edad3351dfdff4e',1,'\0'),(7,'Pauline','Lockman','pshanahan@example.com','b46fb9b8ae9a206ffdd5e7da2b85bffbd936fbaa',1,'\0'),(8,'Mario','Feeney','prosacco.otis@example.org','00377bf349beec98ee953329220c1d3adeb2bb8d',14,'\0'),(9,'Edgar','Kuhic','mustafa11@example.org','27ee35aba1c69eaa90799dc128cc77ad82337b3c',0,'\0'),(10,'Bernardo','Abshire','herbert.kunde@example.org','efad7257ba06e09b9d2956fd0836a37811c039e9',0,'\0'),(11,'Sandy','Pfannerstill','luella.rath@example.com','b86df4031dc4d07ac7028a1dc128825f1467c83d',442,''),(12,'Lexus','Hane','soledad.hilll@example.net','ca57baa89e0df287f2ff56e764f907c801e3b166',0,'\0'),(13,'Berniece','Deckow','hintz.quinn@example.net','2e3afc82d33fdced4b93244b99a7d149662580b1',89,'\0'),(14,'Ludie','Ebert','rodrick.schroeder@example.org','e2ac0c06daf840aee17f854d8960ce4a24200fe4',851333,'\0'),(15,'Cody','Reichert','earl18@example.net','193db201d16177b2832887bd2dad00e6c1433c8a',1,'\0'),(16,'Olga','Littel','medhurst.derek@example.com','f2a172419bf2ee9540cc2aee943ee654da792371',0,'\0'),(17,'Zola','Orn','bergnaum.brenna@example.com','d4c8e2e6c8e70f7efd073f0c77a10eacd9fcdd46',914,'\0'),(18,'Jamison','Macejkovic','romaine62@example.net','96f2520530c83977310023457e7204a6a673e52a',50,'\0'),(19,'Leone','Abshire','alexandrea.frami@example.com','e4c89fb8a48b0b4c859bafb9ff06d2df6fd15ec8',1,'\0'),(20,'Perry','Okuneva','raynor.alexys@example.com','5213fa900d2fa3a5d229fcd6d9f5ced1edd172fe',1,'\0'),(21,'Diana','Kunze','mckenzie.hans@example.com','2fb260532ae7592b4b3f13aea1317ee7e5e297e6',1,'\0'),(22,'Katrine','Daugherty','haley.harmony@example.net','26925949b8438e104fdedb4ad1ba096b559427de',4789757123,'\0'),(23,'Tamia','Kovacek','mattie26@example.org','45bfeb6600892c839e64aa3b4bf227ac4a8428cc',1,'\0'),(24,'Matilda','Lynch','litzy34@example.org','74e370461db3b8f6082c4df8f1de4b8a1a4260e6',1,'\0'),(25,'Flavie','Jacobs','amarks@example.net','bd630a37eb946584a90b5b1e0ea4aee7104fba60',1,'\0'),(26,'Melvina','Turner','jarrod44@example.com','deb024c73560a8e0774c4c83da3823e74d7bc92e',0,'\0'),(27,'Mafalda','Ryan','hettinger.heidi@example.com','c043ce5a86329a18fb40191b68e8260af2b74a68',1,'\0'),(28,'Bobby','Powlowski','tobin.kreiger@example.net','2e0764fecf550323ed98146374c5aac706b06546',47262,'\0'),(29,'Myra','Kilback','pearlie97@example.com','b294d59a6bfa4be0e93f3ed913f4c43fc7466908',896,''),(30,'Wilbert','O\'Conner','prohaska.destin@example.org','cde3ed0c40b1847034c09443f8929815b5e13c03',0,'\0'),(31,'Elwin','Torphy','zboncak.angel@example.net','c0b20363da2185a81cadcdf0063522fabfffa7e3',409872,'\0'),(32,'Twila','Marks','aurelie.o\'reilly@example.org','d27771637eb74fc7ea4880e839641ffc9567a5ad',1,'\0'),(33,'Shaun','Muller','hans.graham@example.com','dfe14164f23c666a8877e8c74871d81f0ab1c091',0,'\0'),(34,'Kenyon','Swaniawski','denesik.jennings@example.net','eaf3f99bc28fa51da5682f35b392a8eb40064fe2',0,'\0'),(35,'Gussie','Terry','enrique.abshire@example.org','ba565c05eeb17d624e2b6b0c3abca37b77ab89ce',1,'\0'),(36,'Eliane','Howell','lhowell@example.com','f7a4c77ef5c6e35b9f6945b5dc99b10b1b2246a7',670,'\0'),(37,'Regan','Hauck','breanne.langosh@example.com','01c1074a84b1525887339724635542be17a34712',0,'\0'),(38,'Noah','Steuber','mitchel13@example.com','fad0843b1814718026143cc548fe82384eb2f8a9',405,'\0'),(39,'Hortense','Homenick','psmith@example.org','371a78ec11cc4555f94007d203a82126bf049eec',48,'\0'),(40,'Nickolas','Hoeger','jgerlach@example.com','c6dbffb4ef73a7b128b48ade6d4402385611855e',517,'\0'),(41,'Leanne','Ratke','wcasper@example.net','0420c8e5aa1d455d9dd0899ad597022a47536911',0,'\0'),(42,'Chet','Bergstrom','cmclaughlin@example.net','6b066626c6e4a655749796a465d0db85fd43daa0',1,'\0'),(43,'Jany','Nitzsche','maryse33@example.org','20190b662cb9bb9bfe08340d7ae5d0f324269d71',183,'\0'),(44,'Jeanette','Greenfelder','arunte@example.org','81f8990e5578c5f620c28faba715524bf20c291e',1,'\0'),(45,'Tracy','Russel','xwillms@example.org','08ac851104968ccd7d50044f20529101dbc43fe3',1,'\0'),(46,'Chadd','Hane','cecil.ullrich@example.net','074be0f9ea3cc599d03786222d649e610526d01a',0,'\0'),(47,'Ignacio','Ledner','anahi50@example.net','2f44d57a70424814e512c1849b04ba0fc3db0071',983235,'\0'),(48,'Alyce','Hand','crooks.jamar@example.org','600abc4baf6a1a3f79430c9d3d02b2294281cc1a',649720,'\0'),(49,'Therese','Smitham','naomie.west@example.net','b9b86e26da9c9fe1681934dbc42ca3cf44f37c8d',1,'\0'),(50,'Nicholaus','Smitham','ghoppe@example.com','012dee4830730964ae23581c5582ed3feff0a163',563,'\0'),(51,'Terrence','Ledner','boehm.queenie@example.org','6baca84a0199e59108bd3e26ca9660be7f75e72a',0,'\0'),(52,'Patrick','Klein','daisy.wyman@example.com','0162303f7fe72a28423cf7f9ae84e84efeda3e34',0,'\0'),(53,'Georgette','King','agoodwin@example.com','4792820296531146b84216f1a17c10dedf27be55',0,'\0'),(54,'Cecil','Rice','susie.mueller@example.net','8e74f0aae696d8c33509edfbae78828bbf058b43',746,'\0'),(55,'Marietta','Kuhn','jgraham@example.net','0a1d6f759f52c5c7645dee5c393c5053352cd977',39,'\0'),(56,'Rosamond','Bartell','baby.stehr@example.com','9cd6a00200a579076d1e90b6d0d97e7bb9ec9e67',0,'\0'),(57,'Ted','Flatley','yschiller@example.com','fabec4633c2bd4bc5dde8e340ef5dd6b19716f1e',0,'\0'),(58,'Michele','Heaney','hoppe.madelynn@example.com','b72d08a43043d38bb83017705a1581169e66b2a5',0,'\0'),(59,'Dion','Schmitt','nathan.wolff@example.com','adb9c5e10cbc95a16f304ed36cf5dbf8624c3ac4',25,'\0'),(60,'Opal','Effertz','ryan.americo@example.net','69e49b58cf8fdd91372011b8db5945aaa9ccc357',616,''),(61,'Matt','O\'Connell','brock.batz@example.com','60312ec6d28b7a3548eaa6ab9db323475f53d5f6',1,''),(62,'Ella','Mills','joe.rolfson@example.net','4fa71b486a30320aeadb1f0f1a3f1ddf8102be53',996,'\0'),(63,'Isabel','Thompson','mueller.florian@example.com','374dfb7f9ae94e21f5967810b47acc74ba17010d',442,'\0'),(64,'Mercedes','Fritsch','lockman.hannah@example.net','4768abbe493503bd6b065327216a16bf291e000d',1,'\0'),(65,'Emerald','Reichert','noemie.west@example.net','290c5be89b297a22077577d58fceacd82cb34771',1,'\0'),(66,'Tyler','Wisozk','bashirian.augusta@example.net','e6dfad01e7ccfb6b7c3fb4add4335b821ad56030',1,'\0'),(67,'Frederique','Hoeger','mzemlak@example.net','067b61137aeea7a1eac3b68f5a9e60ed0933d077',389252,'\0'),(68,'Elyse','West','adonis.kemmer@example.org','0370c2956ea9644b3446a64731412bd2e40f9f1e',140061,'\0'),(69,'Rowena','Schamberger','emma.hand@example.org','d521430e2f1e251ced0293651c2517aad9db059e',497294,'\0'),(70,'Oren','Swaniawski','eorn@example.org','ab58289baba2a16e1d5f9779b39a33b7f08bcd94',89,'\0'),(71,'Isai','Hintz','yzieme@example.org','c8035aa3f73b7721e7497ad15a045a1b7fbec4bb',562176,'\0'),(72,'Dena','Cruickshank','gracie97@example.net','b64e4e0616cfe2cc396ab17d9583ca8a44c3af23',0,'\0'),(73,'Lacy','Champlin','kshlerin.avery@example.net','985a9e671a48aeb0c52af542e024f60266e56cb0',6118247933,'\0'),(74,'Danika','Bins','brain.willms@example.net','15773d77d1195b32949954fb710aee496c66c5a5',443867,'\0'),(75,'Leonie','Schneider','qstrosin@example.org','dff1234b1df1b68ea73628f9628927499626db3f',1,''),(76,'Nola','Treutel','dickinson.amanda@example.org','632e2b16f9bbaaffd8e9bda30e78e457a3633563',1480487230,'\0'),(77,'Neal','Boyle','bschiller@example.net','817b425cfbb9d4307ddfe6acf061f9a335f2c273',334989,'\0'),(78,'Heloise','Ondricka','white.isabell@example.org','acd2ab90423c2e0af8020247a642a3373c4a7b80',809619,'\0'),(79,'Gregoria','Treutel','janet26@example.com','ea34fb8d86f815c8567332ea5f81fd8c7e816783',2601621417,''),(80,'Sierra','Boyle','sandra66@example.org','a70cae669d41680c36aa4afcf5d4eda70d5fcf10',0,'\0'),(81,'Marcus','Veum','gleason.madelynn@example.net','57e7b9065371fd72bf3b1898b4e68467b54b46b4',0,'\0'),(82,'Declan','Herman','cristobal08@example.com','1f6b2080b82c440f3b2325a379fe945573e87558',1,'\0'),(83,'Darius','Senger','garry38@example.net','f42f002b6bf9db215c7a640ea12d5f4029117333',0,'\0'),(84,'Lennie','Funk','xwhite@example.net','9f4115851bc8421be48c420a4c7b0ee66e62f53d',737977,'\0'),(85,'Wilma','Tillman','ykutch@example.com','295564ea987564014d615e99a4ac7dddc17a2933',32,'\0'),(86,'Alba','Carter','otto76@example.net','5af659ee4b4023b109a0446afdbb109087b682e9',0,'\0'),(87,'Laurine','Monahan','dabshire@example.org','0b14a04aa8135b1b87e0b6b3cc4ef16585545f43',0,'\0'),(88,'Scottie','Jerde','penelope71@example.com','79aa0b2572a7d3d4f0803ef42aa63bb8cd2c0b3b',1,'\0'),(89,'Garrett','Barton','koelpin.janie@example.com','259da14123dfeb9461f743e1fceac4ad1bcb17b5',0,''),(90,'Fern','Dietrich','jules.krajcik@example.com','53cd7a6a020b5c5d2f90fea897b4068f8304ebff',931956,'\0'),(91,'Ashleigh','Feeney','meta.johns@example.org','52b5f6d1481ef4a0956cd35c8b6fb23e5f647da1',0,'\0'),(92,'Glennie','Bednar','franz37@example.net','9e4be4272bfeae013f47f8d5568c5802c11a0141',46,''),(93,'Angelita','Kris','heidenreich.karelle@example.net','a5d26037e92a35b5f34b36cfc42136dffced8e49',0,'\0'),(94,'Susie','VonRueden','gaylord.emma@example.net','e62257b5ae991c90831745868d81c87d4e72ce23',919,''),(95,'Jackson','Brown','percival15@example.net','b8b10e558bec652568675c91d15df3d73bb4b6b2',880497,'\0'),(96,'Delmer','Bahringer','lexus71@example.org','b1e082f680929a52d26b359e5cab36657e73b8fd',898358,''),(97,'Dorris','Considine','block.cory@example.com','be40a642da3a838470ec945857d529868fc71ed8',1,'\0'),(98,'Kavon','Reichel','hackett.ulices@example.net','72ce4494fc7759934ddfec0f07c9dc27f51f3468',563705,'\0'),(99,'Heidi','Graham','ospencer@example.org','ec2d318c6339cd6087a626196039755b05e4234b',1,'\0'),(100,'Stacy','Murray','jmuller@example.org','fdd72c68afd02baed6beaa3132f8093423fed1d0',0,'\0');
/*!40000 ALTER TABLE `users` ENABLE KEYS */;
UNLOCK TABLES;

--
-- Table structure for table `users_communities`
--


DROP TABLE IF EXISTS `users_communities`;
/*!40101 SET @saved_cs_client     = @@character_set_client */;
/*!40101 SET character_set_client = utf8 */;
CREATE TABLE `users_communities` (
  `user_id` bigint(20) unsigned NOT NULL,
  `community_id` bigint(20) unsigned NOT NULL,
  PRIMARY KEY (`user_id`,`community_id`),
  KEY `community_id` (`community_id`),
  CONSTRAINT `users_communities_ibfk_1` FOREIGN KEY (`user_id`) REFERENCES `users` (`id`) ON DELETE CASCADE ON UPDATE CASCADE,
  CONSTRAINT `users_communities_ibfk_2` FOREIGN KEY (`community_id`) REFERENCES `communities` (`id`) ON DELETE CASCADE ON UPDATE CASCADE
) ENGINE=InnoDB DEFAULT CHARSET=utf8mb4 COLLATE=utf8mb4_unicode_ci;
/*!40101 SET character_set_client = @saved_cs_client */;

--
-- Dumping data for table `users_communities`
--

LOCK TABLES `users_communities` WRITE;
/*!40000 ALTER TABLE `users_communities` DISABLE KEYS */;
INSERT INTO `users_communities` VALUES (2,16),(2,20),(3,2),(3,13),(4,1),(4,20),(5,29),(6,4),(7,6),(7,11),(7,13),(8,2),(8,8),(9,17),(9,18),(10,1),(10,22),(11,1),(11,4),(11,16),(11,19),(12,3),(13,12),(13,16),(13,19),(14,8),(14,9),(14,10),(14,14),(14,16),(14,27),(14,28),(15,5),(16,5),(16,13),(17,20),(17,26),(17,29),(18,2),(18,23),(19,9),(19,24),(20,4),(20,11),(20,17),(22,22),(22,24),(22,28),(23,19),(24,18),(25,29),(26,5),(26,11),(26,30),(27,8),(27,10),(27,13),(28,8),(28,18),(28,23),(28,24),(29,22),(30,18),(30,28),(31,2),(31,16),(32,19),(33,16),(35,6),(35,27),(36,21),(37,12),(40,11),(41,4),(41,9),(41,25),(42,21),(42,24),(43,18),(43,24),(44,8),(44,12),(44,21),(45,14),(45,26),(45,27),(46,10),(46,24),(47,12),(47,18),(48,25),(49,9),(49,12),(50,9),(52,26),(52,27),(53,29),(54,9),(54,14),(54,22),(54,30),(55,9),(55,22),(55,30),(56,4),(56,6),(56,13),(56,21),(56,29),(57,1),(57,21),(58,4),(58,9),(60,21),(61,5),(61,6),(61,7),(61,11),(62,8),(63,8),(63,29),(63,30),(65,1),(66,7),(67,8),(67,18),(68,5),(68,28),(68,30),(69,18),(69,24),(69,25),(70,8),(70,30),(71,13),(71,30),(72,1),(72,6),(72,14),(72,21),(72,25),(73,19),(73,25),(74,5),(75,6),(75,7),(75,17),(75,25),(75,26),(76,15),(78,6),(78,12),(78,26),(79,1),(80,29),(82,5),(82,14),(83,2),(84,19),(84,24),(85,5),(85,13),(85,15),(85,21),(86,5),(86,10),(86,12),(86,14),(86,23),(88,12),(89,13),(89,17),(90,6),(90,18),(91,29),(91,30),(92,15),(93,1),(94,23),(95,3),(95,10),(95,12),(95,13),(95,16),(96,10),(97,17),(97,24),(98,25),(100,23);
/*!40000 ALTER TABLE `users_communities` ENABLE KEYS */;
UNLOCK TABLES;
/*!40103 SET TIME_ZONE=@OLD_TIME_ZONE */;

/*!40101 SET SQL_MODE=@OLD_SQL_MODE */;
/*!40014 SET FOREIGN_KEY_CHECKS=@OLD_FOREIGN_KEY_CHECKS */;
/*!40014 SET UNIQUE_CHECKS=@OLD_UNIQUE_CHECKS */;
/*!40101 SET CHARACTER_SET_CLIENT=@OLD_CHARACTER_SET_CLIENT */;
/*!40101 SET CHARACTER_SET_RESULTS=@OLD_CHARACTER_SET_RESULTS */;
/*!40101 SET COLLATION_CONNECTION=@OLD_COLLATION_CONNECTION */;
/*!40111 SET SQL_NOTES=@OLD_SQL_NOTES */;

-- Dump completed on 2022-09-09  8:10:55
