/*
 * Внесение тестовых данных в БД
 * Создана на основе дампа БД
 * 
 */

/*!40101 SET @OLD_CHARACTER_SET_CLIENT=@@CHARACTER_SET_CLIENT */;
/*!40101 SET @OLD_CHARACTER_SET_RESULTS=@@CHARACTER_SET_RESULTS */;
/*!40101 SET @OLD_COLLATION_CONNECTION=@@COLLATION_CONNECTION */;
/*!50503 SET NAMES utf8mb4 */;
/*!40103 SET @OLD_TIME_ZONE=@@TIME_ZONE */;
/*!40103 SET TIME_ZONE='+00:00' */;
/*!40014 SET @OLD_UNIQUE_CHECKS=@@UNIQUE_CHECKS, UNIQUE_CHECKS=0 */;
/*!40014 SET @OLD_FOREIGN_KEY_CHECKS=@@FOREIGN_KEY_CHECKS, FOREIGN_KEY_CHECKS=0 */;
/*!40101 SET @OLD_SQL_MODE=@@SQL_MODE, SQL_MODE='NO_AUTO_VALUE_ON_ZERO' */;
/*!40111 SET @OLD_SQL_NOTES=@@SQL_NOTES, SQL_NOTES=0 */;

--
-- Table structure for table `account_types`
--

USE money;
DROP TABLE IF EXISTS `account_types`;
/*!40101 SET @saved_cs_client     = @@character_set_client */;
/*!50503 SET character_set_client = utf8mb4 */;
CREATE TABLE `account_types` (
  `id` bigint unsigned NOT NULL AUTO_INCREMENT,
  `name` varchar(255) DEFAULT NULL,
  PRIMARY KEY (`id`),
  UNIQUE KEY `id` (`id`)
) ENGINE=InnoDB AUTO_INCREMENT=7 DEFAULT CHARSET=utf8mb4 COLLATE=utf8mb4_0900_ai_ci;
/*!40101 SET character_set_client = @saved_cs_client */;

--
-- Dumping data for table `account_types`
--

LOCK TABLES `account_types` WRITE;
/*!40000 ALTER TABLE `account_types` DISABLE KEYS */;
INSERT INTO `account_types` VALUES (1,'Наличные'),(2,'Карточный счет'),(3,'Накопительный счет'),(4,'Депозит'),(5,'Брокерский'),(6,'ПИФ');
/*!40000 ALTER TABLE `account_types` ENABLE KEYS */;
UNLOCK TABLES;

--
-- Table structure for table `accounts`
--

DROP TABLE IF EXISTS `accounts`;
/*!40101 SET @saved_cs_client     = @@character_set_client */;
/*!50503 SET character_set_client = utf8mb4 */;
CREATE TABLE `accounts` (
  `id` bigint unsigned NOT NULL AUTO_INCREMENT,
  `owner_id` bigint unsigned DEFAULT NULL,
  `name` varchar(200) DEFAULT NULL,
  `bank_id` bigint unsigned DEFAULT NULL,
  `account_type_id` bigint unsigned DEFAULT NULL,
  `currency_id` bigint unsigned DEFAULT NULL,
  `balance` decimal(12,2) DEFAULT NULL,
  `start_balance` decimal(12,2) DEFAULT '0.00',
  `is_private` tinyint(1) DEFAULT '0',
  `is_archive` tinyint(1) DEFAULT '0',
  PRIMARY KEY (`id`),
  UNIQUE KEY `id` (`id`),
  KEY `owner_id` (`owner_id`),
  KEY `bank_id` (`bank_id`),
  KEY `currency_id` (`currency_id`),
  KEY `account_type_id` (`account_type_id`),
  CONSTRAINT `accounts_ibfk_1` FOREIGN KEY (`owner_id`) REFERENCES `users` (`id`) ON DELETE CASCADE ON UPDATE CASCADE,
  CONSTRAINT `accounts_ibfk_2` FOREIGN KEY (`bank_id`) REFERENCES `banks` (`id`) ON DELETE RESTRICT ON UPDATE CASCADE,
  CONSTRAINT `accounts_ibfk_3` FOREIGN KEY (`currency_id`) REFERENCES `currencies` (`id`) ON DELETE RESTRICT ON UPDATE CASCADE,
  CONSTRAINT `accounts_ibfk_4` FOREIGN KEY (`account_type_id`) REFERENCES `account_types` (`id`) ON DELETE RESTRICT ON UPDATE CASCADE
) ENGINE=InnoDB AUTO_INCREMENT=141 DEFAULT CHARSET=utf8mb4 COLLATE=utf8mb4_0900_ai_ci;
/*!40101 SET character_set_client = @saved_cs_client */;

--
-- Dumping data for table `accounts`
--

LOCK TABLES `accounts` WRITE;
/*!40000 ALTER TABLE `accounts` DISABLE KEYS */;
INSERT INTO `accounts` VALUES (1,11,'Брокерский Росбанк',15,5,2,726.13,0.00,1,1),(2,10,'ПИФ АК БАРС',1,6,4,-7007.50,0.00,0,0),(3,9,'Карточный счет Тинькофф Банк',23,2,1,22857.51,0.00,0,0),(4,11,'Наличные',NULL,1,3,-297.00,0.00,0,0),(5,12,'ПИФ Локо-Банк',7,6,3,-1021.41,0.00,0,0),(6,4,'Карточный счет Райффайзенбанк',14,2,1,23979.45,0.00,0,0),(7,5,'Накопительный счет СМП банк',20,3,1,98923.20,93000.00,1,0),(8,8,'Наличные',NULL,1,2,1254.62,0.00,0,0),(9,10,'Депозит Пересвет',11,4,2,39.50,0.00,0,0),(10,1,'ПИФ Тинькофф Банк',23,6,2,231.93,0.00,1,1),(11,7,'Карточный счет Морской банк',8,2,3,16747.20,16000.00,1,0),(12,2,'ПИФ Морской банк',8,6,4,-3976.84,0.00,1,0),(13,4,'Депозит Пересвет',11,4,1,43588.56,0.00,1,0),(14,5,'ПИФ ГУТА-банк',5,6,4,7141.93,0.00,0,0),(15,12,'Накопительный счет МТС-Банк',9,3,4,10586.28,0.00,0,0),(16,4,'Депозит АК БАРС',1,4,1,23077.93,0.00,0,0),(17,10,'Карточный счет Пересвет',11,2,1,1117.68,0.00,1,0),(18,11,'Брокерский СМП банк',20,5,4,43976.25,43000.00,0,0),(19,6,'Наличные',NULL,1,2,680.76,0.00,0,0),(20,11,'Карточный счет ОТП Банк',10,2,3,46942.39,47000.00,0,0),(21,8,'ПИФ Тинькофф Банк',23,6,1,38228.73,0.00,1,1),(22,7,'ПИФ СМП банк',20,6,2,37439.79,37000.00,0,0),(23,2,'Брокерский СМП банк',20,5,1,-20050.42,0.00,0,1),(24,4,'Накопительный счет Морской банк',8,3,3,594.24,0.00,0,0),(25,5,'Карточный счет АК БАРС',1,2,1,74806.32,0.00,0,1),(26,13,'Карточный счет СМП банк',20,2,2,665.28,0.00,0,1),(27,7,'Депозит Совкомбанк',22,4,2,-346.19,0.00,1,0),(28,1,'Накопительный счет Совкомбанк',22,3,1,102938.97,0.00,0,0),(29,15,'Депозит Почта Банк',12,4,1,42037.95,0.00,1,0),(30,11,'ПИФ Морской банк',8,6,3,106.36,0.00,0,0),(31,5,'Депозит Система',19,4,1,41148.63,0.00,0,0),(32,14,'Карточный счет Траст',24,2,1,76789.49,0.00,0,0),(33,8,'Накопительный счет Траст',24,3,4,95987.64,97000.00,0,0),(34,5,'Брокерский МТС-Банк',9,5,1,72775.84,0.00,0,0),(35,9,'Брокерский Газпромбанк',4,5,4,83591.02,83000.00,0,0),(36,9,'Наличные',NULL,1,1,38477.91,22000.00,1,0),(37,3,'Наличные',NULL,1,1,20284.67,0.00,0,0),(38,13,'ПИФ Альфа-банк',2,6,3,97854.44,98000.00,1,0),(39,8,'ПИФ Собинбанк',21,6,4,3654.07,0.00,0,0),(40,13,'Карточный счет Совкомбанк',22,2,1,-15797.18,0.00,0,0),(41,15,'Накопительный счет СМП банк',20,3,2,81473.57,81000.00,0,0),(42,3,'Брокерский Пересвет',11,5,4,13103.88,0.00,0,0),(43,9,'ПИФ Морской банк',8,6,1,23328.10,0.00,1,0),(44,3,'Накопительный счет Траст',24,3,1,28533.66,0.00,0,0),(45,10,'Наличные',NULL,1,1,-46309.59,0.00,1,0),(46,5,'Брокерский Газпромбанк',4,5,3,9703.34,10000.00,0,0),(47,2,'Брокерский Совкомбанк',22,5,3,195.33,0.00,1,0),(48,14,'ПИФ Кредит Европа Банк',6,6,1,68955.66,0.00,1,1),(49,11,'Карточный счет Газпромбанк',4,2,1,107847.43,0.00,1,0),(50,3,'ПИФ Росбизнесбанк',16,6,1,76158.11,0.00,0,0),(51,7,'ПИФ ФОРА-банк',25,6,2,674.07,0.00,0,0),(52,10,'ПИФ Росбанк',15,6,1,19833.40,0.00,0,0),(53,11,'Наличные',NULL,1,4,5928.51,0.00,0,0),(54,8,'Наличные',NULL,1,1,15090.41,0.00,0,0),(55,10,'Депозит Сбербанк',18,4,1,17372.29,0.00,0,0),(56,4,'Наличные',NULL,1,1,-4932.09,0.00,0,0),(57,8,'ПИФ Локо-Банк',7,6,3,-52.31,0.00,0,0),(58,7,'ПИФ АК БАРС',1,6,1,-5790.38,0.00,0,0),(59,1,'Наличные',NULL,1,1,41931.53,0.00,0,0),(60,2,'Брокерский СМП банк',20,5,1,-7873.21,0.00,0,0),(61,9,'ПИФ Морской банк',8,6,3,8897.30,9000.00,0,0),(62,2,'Брокерский Газпромбанк',4,5,1,-13497.50,0.00,1,0),(63,15,'Депозит Тинькофф Банк',23,4,1,43970.11,0.00,0,1),(64,7,'Наличные',NULL,1,4,-1121.82,0.00,0,0),(65,9,'Карточный счет Росбанк',15,2,1,33385.77,22000.00,0,0),(66,3,'Накопительный счет Траст',24,3,1,34402.21,0.00,0,0),(67,13,'Карточный счет Сбербанк',18,2,3,-46.32,0.00,0,1),(68,5,'Депозит Система',19,4,1,60117.18,41000.00,0,0),(69,7,'Брокерский Тинькофф Банк',23,5,2,744.12,0.00,0,0),(70,5,'ПИФ ФОРА-банк',25,6,1,122736.39,64000.00,1,0),(71,14,'Накопительный счет Почта Банк',12,3,3,527.81,0.00,1,0),(72,10,'Карточный счет Совкомбанк',22,2,1,17388.16,0.00,1,0),(73,8,'Наличные',NULL,1,1,13402.31,0.00,0,0),(74,3,'Накопительный счет Альфа-банк',2,3,4,4525.39,0.00,0,0),(75,2,'Депозит Русский Стандарт',17,4,1,21360.76,0.00,0,1),(76,13,'Брокерский Русский Стандарт',17,5,4,2500.00,0.00,0,0),(77,7,'Накопительный счет Русский Стандарт',17,3,1,-23263.29,0.00,0,0),(78,8,'Карточный счет Газпромбанк',4,2,1,120552.44,96000.00,0,1),(79,3,'Депозит Газпромбанк',4,4,1,187452.19,77000.00,0,0),(80,7,'ПИФ ОТП Банк',10,6,1,52043.67,0.00,1,0),(81,13,'Брокерский Промсвязьбанк (ПСБ)',13,5,1,-43347.92,0.00,0,0),(82,14,'Брокерский Локо-Банк',7,5,2,147.49,0.00,0,0),(83,5,'Наличные',NULL,1,1,23932.17,0.00,0,1),(84,2,'Карточный счет Росбанк',15,2,2,777.18,0.00,0,0),(85,7,'Накопительный счет Локо-Банк',7,3,1,119298.74,91000.00,0,0),(86,12,'ПИФ Совкомбанк',22,6,2,-1251.89,0.00,0,1),(87,8,'Депозит Почта Банк',12,4,1,126881.99,73000.00,0,0),(88,9,'ПИФ Локо-Банк',7,6,3,83292.13,83000.00,0,0),(89,2,'Накопительный счет ФОРА-банк',25,3,1,-31532.78,0.00,1,0),(90,5,'Наличные',NULL,1,1,-290.29,0.00,0,0),(91,4,'ПИФ СМП банк',20,6,1,21111.83,0.00,0,0),(92,1,'Наличные',NULL,1,2,72656.70,71000.00,1,0),(93,4,'Накопительный счет Траст',24,3,2,93148.79,93000.00,0,0),(94,7,'Накопительный счет Русский Стандарт',17,3,2,587.94,0.00,1,0),(95,14,'Наличные',NULL,1,1,-12495.58,23000.00,1,0),(96,10,'Карточный счет Система',19,2,1,36862.19,10000.00,0,0),(97,8,'Карточный счет ОТП Банк',10,2,1,-35207.23,0.00,0,0),(98,1,'ПИФ Локо-Банк',7,6,4,4891.23,0.00,0,0),(99,7,'Карточный счет Кредит Европа Банк',6,2,1,-57759.26,0.00,1,0),(100,7,'Депозит Промсвязьбанк (ПСБ)',13,4,1,5709.59,0.00,0,0),(101,6,'Накопительный счет Собинбанк',21,3,1,80052.66,0.00,0,0),(102,15,'Брокерский Тинькофф Банк',23,5,3,-515.27,0.00,1,1),(103,12,'Брокерский Русский Стандарт',17,5,2,1034.30,0.00,1,0),(104,13,'Брокерский АК БАРС',1,5,1,5005.71,0.00,0,0),(105,6,'Брокерский ГУТА-банк',5,5,1,116184.40,0.00,0,0),(106,11,'Накопительный счет Почта Банк',12,3,1,856.49,0.00,1,0),(107,1,'Накопительный счет Росбизнесбанк',16,3,1,87776.54,44000.00,0,0),(108,4,'ПИФ Русский Стандарт',17,6,3,807.54,0.00,1,1),(109,12,'Карточный счет Морской банк',8,2,4,6201.64,0.00,1,0),(110,10,'Депозит Сбербанк',18,4,1,35162.86,0.00,1,0),(111,7,'Брокерский Райффайзенбанк',14,5,1,21495.02,0.00,1,0),(112,14,'Брокерский Локо-Банк',7,5,3,736.62,0.00,1,0),(113,11,'ПИФ Система',19,6,1,4946.14,0.00,1,0),(114,6,'ПИФ Пересвет',11,6,1,2157.07,0.00,0,0),(115,2,'Депозит ГУТА-банк',5,4,1,-57672.12,0.00,1,0),(116,3,'ПИФ Собинбанк',21,6,1,27446.07,0.00,0,0),(117,12,'Брокерский Собинбанк',21,5,1,12460.11,0.00,1,0),(118,12,'Брокерский ГУТА-банк',5,5,1,71480.52,30000.00,0,0),(119,4,'ПИФ АК БАРС',1,6,1,184155.28,95000.00,0,0),(120,1,'Брокерский ОТП Банк',10,5,1,6723.79,0.00,0,0),(121,1,'Карточный счет ГУТА-банк',5,2,1,46992.01,0.00,0,0),(122,14,'ПИФ АК БАРС',1,6,1,634.03,0.00,0,0),(123,3,'ПИФ Морской банк',8,6,1,66050.81,44000.00,0,1),(124,4,'Наличные',NULL,1,4,-4537.79,0.00,0,0),(125,10,'ПИФ Локо-Банк',7,6,4,5516.38,0.00,0,0),(126,4,'Карточный счет Росбизнесбанк',16,2,1,20021.36,0.00,0,0),(127,10,'Брокерский Траст',24,5,3,-342.90,0.00,0,0),(128,7,'Наличные',NULL,1,3,-140.92,0.00,0,0),(129,7,'Депозит Почта Банк',12,4,4,-2283.18,0.00,0,0),(130,13,'Карточный счет Газпромбанк',4,2,3,100.90,0.00,0,0),(131,7,'Карточный счет Русский Стандарт',17,2,3,102.11,0.00,0,0),(132,13,'ПИФ ФОРА-банк',25,6,1,45201.18,0.00,0,0),(133,13,'Наличные',NULL,1,4,81546.90,69000.00,0,0),(134,4,'Брокерский Кредит Европа Банк',6,5,1,3293.54,0.00,0,0),(135,15,'Накопительный счет Пересвет',11,3,1,-12417.89,0.00,0,0),(136,6,'Депозит Газпромбанк',4,4,3,436.55,0.00,0,0),(137,7,'Брокерский БКС Банк',3,5,1,75007.94,0.00,1,1),(138,14,'Брокерский Русский Стандарт',17,5,2,208.88,0.00,0,0),(139,5,'Накопительный счет Промсвязьбанк (ПСБ)',13,3,1,101702.55,85000.00,1,1),(140,15,'Брокерский Кредит Европа Банк',6,5,1,79240.43,0.00,0,0);
/*!40000 ALTER TABLE `accounts` ENABLE KEYS */;
UNLOCK TABLES;

--
-- Table structure for table `banks`
--

DROP TABLE IF EXISTS `banks`;
/*!40101 SET @saved_cs_client     = @@character_set_client */;
/*!50503 SET character_set_client = utf8mb4 */;
CREATE TABLE `banks` (
  `id` bigint unsigned NOT NULL AUTO_INCREMENT,
  `name` varchar(255) DEFAULT NULL,
  `BIK` bigint DEFAULT NULL,
  `message_template` text,
  PRIMARY KEY (`id`),
  UNIQUE KEY `id` (`id`)
) ENGINE=InnoDB AUTO_INCREMENT=26 DEFAULT CHARSET=utf8mb4 COLLATE=utf8mb4_0900_ai_ci;
/*!40101 SET character_set_client = @saved_cs_client */;

--
-- Dumping data for table `banks`
--

LOCK TABLES `banks` WRITE;
/*!40000 ALTER TABLE `banks` DISABLE KEYS */;
INSERT INTO `banks` VALUES (1,'АК БАРС',49205805,'Приятно, граждане, наблюдать, как сторонники тоталитаризма в науке могут быть разоблачены. Повседневная практика показывает, что разбавленное изрядной долей эмпатии, рациональное мышление способствует повышению качества стандартных подходов. В своём стремлении повысить качество жизни, они забывают, что постоянное информационно-пропагандистское обеспечение нашей деятельности способствует повышению качества новых принципов формирования материально-технической и кадровой базы. Прежде всего, курс на социально-ориентированный национальный проект влечет за собой процесс внедрения и модернизации новых предложений.'),(2,'Альфа-банк',44525593,'Идейные соображения высшего порядка, а также сплочённость команды профессионалов, в своём классическом представлении, допускает внедрение благоприятных перспектив. Внезапно, некоторые особенности внутренней политики могут быть в равной степени предоставлены сами себе. Являясь всего лишь частью общей картины, некоторые особенности внутренней политики являются только методом политического участия и представлены в исключительно положительном свете! Разнообразный и богатый опыт говорит нам, что высококачественный прототип будущего проекта требует определения и уточнения первоочередных требований. Предварительные выводы неутешительны: постоянное информационно-пропагандистское обеспечение нашей деятельности не даёт нам иного выбора, кроме определения глубокомысленных рассуждений. Для современного мира сплочённость команды профессионалов предполагает независимые способы реализации соответствующих условий активизации.'),(3,'БКС Банк',45004761,'Учитывая ключевые сценарии поведения, сложившаяся структура организации не оставляет шанса для стандартных подходов. В своём стремлении повысить качество жизни, они забывают, что социально-экономическое развитие в значительной степени обусловливает важность позиций, занимаемых участниками в отношении поставленных задач. В частности, граница обучения кадров позволяет оценить значение первоочередных требований.'),(4,'Газпромбанк',44525823,'Противоположная точка зрения подразумевает, что акционеры крупнейших компаний формируют глобальную экономическую сеть и при этом — преданы социально-демократической анафеме. Сложно сказать, почему сделанные на базе интернет-аналитики выводы неоднозначны и будут объединены в целые кластеры себе подобных.'),(5,'ГУТА-банк',44583911,'Наше дело не так однозначно, как может показаться: курс на социально-ориентированный национальный проект требует от нас анализа прогресса профессионального сообщества. Банальные, но неопровержимые выводы, а также независимые государства преданы социально-демократической анафеме. Имеется спорная точка зрения, гласящая примерно следующее: действия представителей оппозиции являются только методом политического участия и преданы социально-демократической анафеме. Господа, граница обучения кадров влечет за собой процесс внедрения и модернизации экономической целесообразности принимаемых решений! Есть над чем задуматься: действия представителей оппозиции описаны максимально подробно. Не следует, однако, забывать, что сплочённость команды профессионалов обеспечивает актуальность соответствующих условий активизации.'),(6,'Кредит Европа Банк',44525767,'Как уже неоднократно упомянуто, интерактивные прототипы призваны к ответу. С учётом сложившейся международной обстановки, постоянное информационно-пропагандистское обеспечение нашей деятельности требует анализа системы массового участия. Таким образом, семантический разбор внешних противодействий требует определения и уточнения вывода текущих активов. С учётом сложившейся международной обстановки, понимание сути ресурсосберегающих технологий позволяет выполнить важные задания по разработке новых предложений.'),(7,'Локо-Банк',44525161,'Однозначно, базовые сценарии поведения пользователей набирают популярность среди определенных слоев населения, а значит, должны быть заблокированы в рамках своих собственных рациональных ограничений. Являясь всего лишь частью общей картины, действия представителей оппозиции являются только методом политического участия и превращены в посмешище, хотя само их существование приносит несомненную пользу обществу. Наше дело не так однозначно, как может показаться: высокое качество позиционных исследований напрямую зависит от анализа существующих паттернов поведения. Ясность нашей позиции очевидна: базовый вектор развития, в своём классическом представлении, допускает внедрение благоприятных перспектив. Внезапно, базовые сценарии поведения пользователей объявлены нарушающими общечеловеческие нормы этики и морали. Каждый из нас понимает очевидную вещь: новая модель организационной деятельности создаёт необходимость включения в производственный план целого ряда внеочередных мероприятий с учётом комплекса кластеризации усилий.'),(8,'Морской банк',44583125,'Современные технологии достигли такого уровня, что граница обучения кадров играет определяющее значение для глубокомысленных рассуждений. В целом, конечно, высокое качество позиционных исследований представляет собой интересный эксперимент проверки инновационных методов управления процессами. Учитывая ключевые сценарии поведения, внедрение современных методик позволяет выполнить важные задания по разработке соответствующих условий активизации. А также акционеры крупнейших компаний описаны максимально подробно. Предварительные выводы неутешительны: сложившаяся структура организации предоставляет широкие возможности для распределения внутренних резервов и ресурсов. Есть над чем задуматься: независимые государства, вне зависимости от их уровня, должны быть подвергнуты целой серии независимых исследований.'),(9,'МТС-Банк',44525232,'Банальные, но неопровержимые выводы, а также непосредственные участники технического прогресса подвергнуты целой серии независимых исследований. В своём стремлении повысить качество жизни, они забывают, что курс на социально-ориентированный национальный проект способствует подготовке и реализации как самодостаточных, так и внешне зависимых концептуальных решений. Учитывая ключевые сценарии поведения, убеждённость некоторых оппонентов не даёт нам иного выбора, кроме определения новых принципов формирования материально-технической и кадровой базы. И нет сомнений, что многие известные личности формируют глобальную экономическую сеть и при этом — заблокированы в рамках своих собственных рациональных ограничений. Также как выбранный нами инновационный путь позволяет выполнить важные задания по разработке соответствующих условий активизации. А ещё непосредственные участники технического прогресса ассоциативно распределены по отраслям.'),(10,'ОТП Банк',44525311,'Современные технологии достигли такого уровня, что повышение уровня гражданского сознания в значительной степени обусловливает важность поэтапного и последовательного развития общества. А также представители современных социальных резервов, которые представляют собой яркий пример континентально-европейского типа политической культуры, будут обнародованы. Идейные соображения высшего порядка, а также высококачественный прототип будущего проекта играет определяющее значение для инновационных методов управления процессами. А также действия представителей оппозиции будут в равной степени предоставлены сами себе. В частности, дальнейшее развитие различных форм деятельности обеспечивает широкому кругу (специалистов) участие в формировании вывода текущих активов.'),(11,'Пересвет',44585259,'Разнообразный и богатый опыт говорит нам, что дальнейшее развитие различных форм деятельности требует определения и уточнения существующих финансовых и административных условий. Таким образом, постоянное информационно-пропагандистское обеспечение нашей деятельности обеспечивает широкому кругу (специалистов) участие в формировании системы массового участия. Противоположная точка зрения подразумевает, что ключевые особенности структуры проекта будут призваны к ответу.'),(12,'Почта Банк',44585214,'Картельные сговоры не допускают ситуации, при которой явные признаки победы институционализации представляют собой не что иное, как квинтэссенцию победы маркетинга над разумом и должны быть указаны как претенденты на роль ключевых факторов. Противоположная точка зрения подразумевает, что некоторые особенности внутренней политики, которые представляют собой яркий пример континентально-европейского типа политической культуры, будут в равной степени предоставлены сами себе.'),(13,'Промсвязьбанк (ПСБ)',44525555,'Следует отметить, что высокое качество позиционных исследований, в своём классическом представлении, допускает внедрение прогресса профессионального сообщества. Вот вам яркий пример современных тенденций — постоянный количественный рост и сфера нашей активности представляет собой интересный эксперимент проверки переосмысления внешнеэкономических политик. Как уже неоднократно упомянуто, базовые сценарии поведения пользователей ограничены исключительно образом мышления. Однозначно, тщательные исследования конкурентов в равной степени предоставлены сами себе.'),(14,'Райффайзенбанк',44525700,'Повседневная практика показывает, что высокое качество позиционных исследований позволяет оценить значение экспериментов, поражающих по своей масштабности и грандиозности. В целом, конечно, внедрение современных методик играет определяющее значение для приоретизации разума над эмоциями. Повседневная практика показывает, что реализация намеченных плановых заданий играет важную роль в формировании новых принципов формирования материально-технической и кадровой базы. Ясность нашей позиции очевидна: постоянное информационно-пропагандистское обеспечение нашей деятельности говорит о возможностях стандартных подходов.'),(15,'Росбанк',44525256,'А ещё активно развивающиеся страны третьего мира призывают нас к новым свершениям, которые, в свою очередь, должны быть своевременно верифицированы. Задача организации, в особенности же высококачественный прототип будущего проекта не оставляет шанса для новых принципов формирования материально-технической и кадровой базы. Но современная методология разработки, а также свежий взгляд на привычные вещи — безусловно открывает новые горизонты для дальнейших направлений развития. Безусловно, укрепление и развитие внутренней структуры способствует повышению качества укрепления моральных ценностей. Наше дело не так однозначно, как может показаться: курс на социально-ориентированный национальный проект говорит о возможностях приоретизации разума над эмоциями. Безусловно, повышение уровня гражданского сознания в значительной степени обусловливает важность вывода текущих активов.'),(16,'Росбизнесбанк',44583676,'Противоположная точка зрения подразумевает, что представители современных социальных резервов набирают популярность среди определенных слоев населения, а значит, должны быть обнародованы. Являясь всего лишь частью общей картины, непосредственные участники технического прогресса являются только методом политического участия и описаны максимально подробно. Для современного мира граница обучения кадров создаёт необходимость включения в производственный план целого ряда внеочередных мероприятий с учётом комплекса переосмысления внешнеэкономических политик.'),(17,'Русский Стандарт',44583151,'Внезапно, сделанные на базе интернет-аналитики выводы лишь добавляют фракционных разногласий и подвергнуты целой серии независимых исследований. Для современного мира постоянное информационно-пропагандистское обеспечение нашей деятельности однозначно определяет каждого участника как способного принимать собственные решения касаемо поставленных обществом задач. Таким образом, курс на социально-ориентированный национальный проект напрямую зависит от поэтапного и последовательного развития общества. В рамках спецификации современных стандартов, элементы политического процесса набирают популярность среди определенных слоев населения, а значит, должны быть разоблачены.'),(18,'Сбербанк',44525225,'Задача организации, в особенности же внедрение современных методик, а также свежий взгляд на привычные вещи — безусловно открывает новые горизонты для системы массового участия. Как уже неоднократно упомянуто, диаграммы связей ограничены исключительно образом мышления! Кстати, независимые государства формируют глобальную экономическую сеть и при этом — объединены в целые кластеры себе подобных. Приятно, граждане, наблюдать, как действия представителей оппозиции представляют собой не что иное, как квинтэссенцию победы маркетинга над разумом и должны быть преданы социально-демократической анафеме. Лишь явные признаки победы институционализации призывают нас к новым свершениям, которые, в свою очередь, должны быть объявлены нарушающими общечеловеческие нормы этики и морали.'),(19,'Система',44525494,'Противоположная точка зрения подразумевает, что базовые сценарии поведения пользователей своевременно верифицированы. Банальные, но неопровержимые выводы, а также явные признаки победы институционализации могут быть функционально разнесены на независимые элементы. Мы вынуждены отталкиваться от того, что синтетическое тестирование прекрасно подходит для реализации кластеризации усилий. Следует отметить, что курс на социально-ориентированный национальный проект позволяет выполнить важные задания по разработке новых предложений.'),(20,'СМП банк',44583503,'Как принято считать, явные признаки победы институционализации объективно рассмотрены соответствующими инстанциями. С другой стороны, выбранный нами инновационный путь не даёт нам иного выбора, кроме определения глубокомысленных рассуждений.'),(21,'Собинбанк',44525487,'Мы вынуждены отталкиваться от того, что высококачественный прототип будущего проекта создаёт предпосылки для экономической целесообразности принимаемых решений. Мы вынуждены отталкиваться от того, что новая модель организационной деятельности предполагает независимые способы реализации системы обучения кадров, соответствующей насущным потребностям. Задача организации, в особенности же реализация намеченных плановых заданий позволяет выполнить важные задания по разработке существующих финансовых и административных условий. Но дальнейшее развитие различных форм деятельности предопределяет высокую востребованность благоприятных перспектив.'),(22,'Совкомбанк',43469743,'Картельные сговоры не допускают ситуации, при которой сделанные на базе интернет-аналитики выводы функционально разнесены на независимые элементы. Внезапно, представители современных социальных резервов неоднозначны и будут обнародованы. Каждый из нас понимает очевидную вещь: выбранный нами инновационный путь представляет собой интересный эксперимент проверки форм воздействия. Безусловно, курс на социально-ориентированный национальный проект напрямую зависит от новых предложений. Наше дело не так однозначно, как может показаться: социально-экономическое развитие представляет собой интересный эксперимент проверки экспериментов, поражающих по своей масштабности и грандиозности. Но дальнейшее развитие различных форм деятельности играет определяющее значение для системы обучения кадров, соответствующей насущным потребностям.'),(23,'Тинькофф Банк',44583974,'Имеется спорная точка зрения, гласящая примерно следующее: ключевые особенности структуры проекта, которые представляют собой яркий пример континентально-европейского типа политической культуры, будут ограничены исключительно образом мышления. Таким образом, граница обучения кадров предопределяет высокую востребованность системы массового участия. Наше дело не так однозначно, как может показаться: убеждённость некоторых оппонентов создаёт предпосылки для вывода текущих активов! Вот вам яркий пример современных тенденций — консультация с широким активом однозначно определяет каждого участника как способного принимать собственные решения касаемо поставленных обществом задач. Приятно, граждане, наблюдать, как тщательные исследования конкурентов набирают популярность среди определенных слоев населения, а значит, должны быть объединены в целые кластеры себе подобных.'),(24,'Траст',44585592,'Кстати, ключевые особенности структуры проекта освещают чрезвычайно интересные особенности картины в целом, однако конкретные выводы, разумеется, объявлены нарушающими общечеловеческие нормы этики и морали. Имеется спорная точка зрения, гласящая примерно следующее: реплицированные с зарубежных источников, современные исследования рассмотрены исключительно в разрезе маркетинговых и финансовых предпосылок. В рамках спецификации современных стандартов, активно развивающиеся страны третьего мира описаны максимально подробно! Прежде всего, курс на социально-ориентированный национальный проект позволяет оценить значение существующих финансовых и административных условий.'),(25,'ФОРА-банк',44525341,'Не следует, однако, забывать, что выбранный нами инновационный путь говорит о возможностях экономической целесообразности принимаемых решений. Значимость этих проблем настолько очевидна, что укрепление и развитие внутренней структуры прекрасно подходит для реализации анализа существующих паттернов поведения. Значимость этих проблем настолько очевидна, что курс на социально-ориентированный национальный проект создаёт необходимость включения в производственный план целого ряда внеочередных мероприятий с учётом комплекса стандартных подходов. Мы вынуждены отталкиваться от того, что укрепление и развитие внутренней структуры позволяет оценить значение экспериментов, поражающих по своей масштабности и грандиозности. Для современного мира новая модель организационной деятельности позволяет оценить значение новых принципов формирования материально-технической и кадровой базы.');
/*!40000 ALTER TABLE `banks` ENABLE KEYS */;
UNLOCK TABLES;

--
-- Table structure for table `categories`
--

DROP TABLE IF EXISTS `categories`;
/*!40101 SET @saved_cs_client     = @@character_set_client */;
/*!50503 SET character_set_client = utf8mb4 */;
CREATE TABLE `categories` (
  `id` bigint unsigned NOT NULL AUTO_INCREMENT,
  `name` varchar(100) DEFAULT NULL,
  `is_expenses` tinyint(1) DEFAULT '1',
  `is_income` tinyint(1) DEFAULT '1',
  `parrent_id` bigint unsigned DEFAULT NULL,
  PRIMARY KEY (`id`),
  UNIQUE KEY `id` (`id`),
  KEY `parrent_id` (`parrent_id`),
  CONSTRAINT `categories_ibfk_1` FOREIGN KEY (`parrent_id`) REFERENCES `categories` (`id`) ON DELETE CASCADE ON UPDATE CASCADE
) ENGINE=InnoDB AUTO_INCREMENT=21 DEFAULT CHARSET=utf8mb4 COLLATE=utf8mb4_0900_ai_ci;
/*!40101 SET character_set_client = @saved_cs_client */;

--
-- Dumping data for table `categories`
--

LOCK TABLES `categories` WRITE;
/*!40000 ALTER TABLE `categories` DISABLE KEYS */;
INSERT INTO `categories` VALUES (1,'Здоровье',1,0,1),(2,'Инвестици',1,1,2),(3,'Налоги',1,1,3),(4,'Основной доход',0,1,4),(5,'Питание',1,0,5),(6,'Прочие',1,1,6),(7,'Возврат налогов',0,1,3),(8,'Дивиденды',0,1,2),(9,'Зарплата',0,1,4),(10,'Пенсия',0,1,4),(11,'Подарки',1,1,6),(12,'Премия',0,1,4),(13,'Проценты по депозиту',0,1,2),(14,'Социальное пособие',0,1,6),(15,'Продукты',1,0,5),(16,'Рестораны',1,0,5),(17,'Лекарства',1,0,1),(18,'Врачи',1,0,1),(19,'Подоходный налог',1,0,3),(20,'Налог на имущество',1,0,3);
/*!40000 ALTER TABLE `categories` ENABLE KEYS */;
UNLOCK TABLES;

--
-- Table structure for table `currencies`
--

DROP TABLE IF EXISTS `currencies`;
/*!40101 SET @saved_cs_client     = @@character_set_client */;
/*!50503 SET character_set_client = utf8mb4 */;
CREATE TABLE `currencies` (
  `id` bigint unsigned NOT NULL AUTO_INCREMENT,
  `short_name` char(3) DEFAULT NULL,
  `name` varchar(100) DEFAULT NULL,
  PRIMARY KEY (`id`),
  UNIQUE KEY `id` (`id`)
) ENGINE=InnoDB AUTO_INCREMENT=5 DEFAULT CHARSET=utf8mb4 COLLATE=utf8mb4_0900_ai_ci;
/*!40101 SET character_set_client = @saved_cs_client */;

--
-- Dumping data for table `currencies`
--

LOCK TABLES `currencies` WRITE;
/*!40000 ALTER TABLE `currencies` DISABLE KEYS */;
INSERT INTO `currencies` VALUES (1,'RUR','Российский рубль'),(2,'USD','Доллар США'),(3,'EUR','Евро'),(4,'CNY','Юань');
/*!40000 ALTER TABLE `currencies` ENABLE KEYS */;
UNLOCK TABLES;

--
-- Table structure for table `currencies_courses`
--

DROP TABLE IF EXISTS `currencies_courses`;
/*!40101 SET @saved_cs_client     = @@character_set_client */;
/*!50503 SET character_set_client = utf8mb4 */;
CREATE TABLE `currencies_courses` (
  `currency_id` bigint unsigned NOT NULL,
  `course` decimal(8,4) DEFAULT NULL,
  `date_course` date NOT NULL DEFAULT (curdate()),
  PRIMARY KEY (`currency_id`,`date_course`),
  CONSTRAINT `currencies_courses_ibfk_1` FOREIGN KEY (`currency_id`) REFERENCES `currencies` (`id`) ON DELETE CASCADE ON UPDATE CASCADE
) ENGINE=InnoDB DEFAULT CHARSET=utf8mb4 COLLATE=utf8mb4_0900_ai_ci;
/*!40101 SET character_set_client = @saved_cs_client */;

--
-- Dumping data for table `currencies_courses`
--

LOCK TABLES `currencies_courses` WRITE;
/*!40000 ALTER TABLE `currencies_courses` DISABLE KEYS */;
INSERT INTO `currencies_courses` VALUES (1,1.0000,'1899-12-31'),(1,1.0000,'2199-12-31'),(2,73.2781,'2021-08-31'),(2,73.1912,'2021-09-01'),(2,72.8491,'2021-09-02'),(2,72.8545,'2021-09-03'),(2,72.9538,'2021-09-06'),(2,73.1909,'2021-09-07'),(2,73.4421,'2021-09-08'),(2,73.1290,'2021-09-09'),(2,72.7600,'2021-09-10'),(2,73.0841,'2021-09-13'),(2,72.7171,'2021-09-14'),(2,72.8520,'2021-09-15'),(2,72.4329,'2021-09-16'),(2,72.5602,'2021-09-17'),(2,73.3315,'2021-09-20'),(2,73.2067,'2021-09-21'),(2,72.8806,'2021-09-22'),(2,72.7245,'2021-09-23'),(2,73.0081,'2021-09-24'),(2,72.6613,'2021-09-27'),(2,72.5083,'2021-09-28'),(2,72.7608,'2021-09-29'),(2,72.6642,'2021-09-30'),(2,72.9215,'2021-10-01'),(2,72.9239,'2021-10-04'),(2,72.5686,'2021-10-05'),(2,72.5682,'2021-10-06'),(2,72.2854,'2021-10-07'),(2,71.9882,'2021-10-08'),(2,71.6373,'2021-10-11'),(2,71.8801,'2021-10-12'),(2,71.8577,'2021-10-13'),(2,71.7846,'2021-10-14'),(2,71.2371,'2021-10-15'),(2,71.1714,'2021-10-18'),(2,70.9674,'2021-10-19'),(2,71.0555,'2021-10-20'),(2,70.9904,'2021-10-21'),(2,70.8623,'2021-10-22'),(2,70.1345,'2021-10-25'),(2,69.5526,'2021-10-26'),(2,69.8104,'2021-10-27'),(2,70.5207,'2021-10-28'),(2,70.5200,'2021-10-29'),(2,71.0863,'2021-11-01'),(2,71.4783,'2021-11-02'),(2,71.4876,'2021-11-03'),(2,71.3975,'2021-11-08'),(2,71.2866,'2021-11-09'),(2,70.6950,'2021-11-10'),(2,71.1964,'2021-11-11'),(2,71.8118,'2021-11-12'),(2,72.2724,'2021-11-15'),(2,72.5553,'2021-11-16'),(2,72.8228,'2021-11-17'),(2,72.6022,'2021-11-18'),(2,72.7617,'2021-11-19'),(2,73.4506,'2021-11-22'),(2,74.8327,'2021-11-23'),(2,74.3726,'2021-11-24'),(2,74.6004,'2021-11-25'),(2,75.5873,'2021-11-26'),(2,74.9818,'2021-11-29'),(2,74.8926,'2021-11-30'),(2,73.9746,'2021-12-01'),(2,74.0637,'2021-12-02'),(2,73.7426,'2021-12-03'),(2,73.6694,'2021-12-06'),(2,74.1399,'2021-12-07'),(2,73.8453,'2021-12-08'),(2,73.5998,'2021-12-09'),(2,73.6059,'2021-12-10'),(2,73.4107,'2021-12-13'),(2,73.4698,'2021-12-14'),(2,73.8510,'2021-12-15'),(2,73.5708,'2021-12-16'),(2,73.7330,'2021-12-17'),(2,74.2947,'2021-12-20'),(2,73.8206,'2021-12-21'),(2,73.7901,'2021-12-22'),(2,73.3583,'2021-12-23'),(2,73.1886,'2021-12-24'),(2,73.2329,'2021-12-27'),(2,73.4959,'2021-12-28'),(2,73.6514,'2021-12-29'),(2,74.2926,'2021-12-30'),(2,75.1315,'2022-01-10'),(2,74.8355,'2022-01-11'),(2,74.5277,'2022-01-12'),(2,74.5686,'2022-01-13'),(2,75.7668,'2022-01-14'),(2,76.0404,'2022-01-17'),(2,76.3347,'2022-01-18'),(2,76.8697,'2022-01-19'),(2,76.4408,'2022-01-20'),(2,76.6903,'2022-01-21'),(2,77.3649,'2022-01-24'),(2,78.6422,'2022-01-25'),(2,78.9437,'2022-01-26'),(2,78.9470,'2022-01-27'),(2,77.8174,'2022-01-28'),(2,77.4702,'2022-01-31'),(2,77.1302,'2022-02-01'),(2,76.4849,'2022-02-02'),(2,76.6501,'2022-02-03'),(2,76.0509,'2022-02-04'),(2,75.6806,'2022-02-07'),(2,75.3042,'2022-02-08'),(2,74.8015,'2022-02-09'),(2,74.7241,'2022-02-10'),(2,74.9867,'2022-02-11'),(2,76.5762,'2022-02-14'),(2,76.1660,'2022-02-15'),(2,75.0141,'2022-02-16'),(2,75.7527,'2022-02-17'),(2,75.7619,'2022-02-18'),(2,76.7671,'2022-02-21'),(2,80.4194,'2022-02-22'),(2,86.9288,'2022-02-24'),(2,83.5485,'2022-02-25'),(2,93.5589,'2022-02-28'),(2,91.7457,'2022-03-01'),(2,103.2487,'2022-03-02'),(2,111.7564,'2022-03-03'),(2,105.8124,'2022-03-04'),(2,105.8124,'2022-03-05'),(2,116.0847,'2022-03-09'),(2,120.3785,'2022-03-10'),(2,116.7517,'2022-03-11'),(2,115.1963,'2022-03-14'),(2,111.4823,'2022-03-15'),(2,108.0521,'2022-03-16'),(2,104.8012,'2022-03-17'),(2,103.9524,'2022-03-18'),(2,104.6819,'2022-03-21'),(2,104.0741,'2022-03-22'),(2,103.1618,'2022-03-23'),(2,96.0458,'2022-03-24'),(2,95.6618,'2022-03-25'),(2,93.7125,'2022-03-28'),(2,86.2843,'2022-03-29'),(2,84.0851,'2022-03-30'),(2,83.4097,'2022-03-31'),(2,83.4285,'2022-04-01'),(2,83.5932,'2022-04-04'),(2,83.3520,'2022-04-05'),(2,82.5962,'2022-04-06'),(2,76.2547,'2022-04-07'),(2,74.8501,'2022-04-08'),(2,79.1596,'2022-04-11'),(2,79.6274,'2022-04-12'),(2,79.8471,'2022-04-13'),(2,81.2880,'2022-04-14'),(2,80.0437,'2022-04-15'),(2,79.4529,'2022-04-18'),(2,79.0287,'2022-04-19'),(2,77.0809,'2022-04-20'),(2,74.9990,'2022-04-21'),(2,73.5050,'2022-04-22'),(2,73.3611,'2022-04-25'),(2,72.7089,'2022-04-26'),(2,72.8764,'2022-04-27'),(2,72.2953,'2022-04-28'),(2,71.0237,'2022-04-29'),(2,69.4160,'2022-05-04'),(2,66.2378,'2022-05-05'),(2,67.3843,'2022-05-06'),(2,68.8389,'2022-05-11'),(2,65.7916,'2022-05-12'),(2,63.7799,'2022-05-13'),(2,63.4445,'2022-05-16'),(2,63.5428,'2022-05-17'),(2,63.5643,'2022-05-18'),(2,62.4031,'2022-05-19'),(2,58.8862,'2022-05-20'),(2,58.2087,'2022-05-23'),(2,56.9690,'2022-05-24'),(2,56.2996,'2022-05-25'),(2,62.0495,'2022-05-26'),(2,66.4029,'2022-05-27'),(2,63.0975,'2022-05-30'),(2,61.6069,'2022-05-31'),(2,61.4733,'2022-06-01'),(2,61.5750,'2022-06-02'),(2,61.9659,'2022-06-03'),(2,61.1094,'2022-06-06'),(2,60.9565,'2022-06-07'),(2,60.2282,'2022-06-08'),(2,58.3895,'2022-06-09'),(2,57.7780,'2022-06-10'),(2,57.0926,'2022-06-14'),(2,56.6624,'2022-06-15'),(2,56.8691,'2022-06-16'),(2,56.7101,'2022-06-17'),(2,56.1727,'2022-06-20'),(2,54.7081,'2022-06-21'),(2,53.2788,'2022-06-22'),(2,53.3578,'2022-06-23'),(2,53.3234,'2022-06-24'),(2,53.3641,'2022-06-27'),(2,52.9699,'2022-06-28'),(2,51.1580,'2022-06-29'),(2,52.5123,'2022-06-30'),(2,53.7676,'2022-07-01'),(2,55.0858,'2022-07-04'),(2,58.5118,'2022-07-05'),(2,62.9110,'2022-07-06'),(2,63.1427,'2022-07-07'),(2,61.2664,'2022-07-08'),(2,61.3045,'2022-07-11'),(2,58.8541,'2022-07-12'),(2,58.5322,'2022-07-13'),(2,58.2568,'2022-07-14'),(2,57.8323,'2022-07-15'),(2,56.5616,'2022-07-18'),(2,55.4370,'2022-07-19'),(2,54.8491,'2022-07-20'),(2,56.4783,'2022-07-21'),(2,57.3917,'2022-07-22'),(2,57.7821,'2022-07-25'),(2,58.6605,'2022-07-26'),(2,60.2198,'2022-07-27'),(2,60.2031,'2022-07-28'),(2,61.3101,'2022-07-29'),(2,62.0506,'2022-08-01'),(2,60.1595,'2022-08-02'),(2,60.2374,'2022-08-03'),(2,60.2580,'2022-08-04'),(2,60.3696,'2022-08-05'),(2,60.3164,'2022-08-08'),(2,60.3814,'2022-08-09'),(2,60.4542,'2022-08-10'),(2,60.6229,'2022-08-11'),(2,60.8993,'2022-08-12'),(2,61.3747,'2022-08-15'),(2,61.4247,'2022-08-16'),(2,60.7552,'2022-08-17'),(2,59.9570,'2022-08-18'),(2,59.1321,'2022-08-19'),(2,59.7419,'2022-08-22'),(2,59.8963,'2022-08-23'),(2,59.9974,'2022-08-24'),(2,59.7699,'2022-08-25'),(2,60.0924,'2022-08-26'),(2,60.3636,'2022-08-29'),(2,60.3677,'2022-08-30'),(2,60.2386,'2022-08-31'),(2,60.2370,'2022-09-01'),(2,60.3713,'2022-09-02'),(2,60.9033,'2022-09-05'),(2,60.8544,'2022-09-06'),(2,61.1814,'2022-09-07'),(2,60.8010,'2022-09-08'),(2,60.4696,'2022-09-09'),(2,60.4568,'2022-09-12'),(2,60.0676,'2022-09-13'),(2,59.7751,'2022-09-14'),(3,86.6660,'2021-08-31'),(3,86.3949,'2021-09-01'),(3,86.2970,'2021-09-02'),(3,86.5366,'2021-09-03'),(3,86.5743,'2021-09-06'),(3,86.8922,'2021-09-07'),(3,86.9114,'2021-09-08'),(3,86.4677,'2021-09-09'),(3,86.1478,'2021-09-10'),(3,86.1150,'2021-09-13'),(3,85.9880,'2021-09-14'),(3,86.0674,'2021-09-15'),(3,85.3622,'2021-09-16'),(3,85.4614,'2021-09-17'),(3,85.8785,'2021-09-20'),(3,85.8568,'2021-09-21'),(3,85.4889,'2021-09-22'),(3,85.2040,'2021-09-23'),(3,85.6823,'2021-09-24'),(3,85.0355,'2021-09-27'),(3,84.6752,'2021-09-28'),(3,84.8755,'2021-09-29'),(3,84.3050,'2021-09-30'),(3,84.4577,'2021-10-01'),(3,84.6355,'2021-10-04'),(3,84.1723,'2021-10-05'),(3,83.9251,'2021-10-06'),(3,83.6053,'2021-10-07'),(3,83.1248,'2021-10-08'),(3,82.9273,'2021-10-11'),(3,83.0934,'2021-10-12'),(3,83.0028,'2021-10-13'),(3,83.3347,'2021-10-14'),(3,82.7276,'2021-10-15'),(3,82.4592,'2021-10-18'),(3,82.6841,'2021-10-19'),(3,82.6162,'2021-10-20'),(3,82.6399,'2021-10-21'),(3,82.4979,'2021-10-22'),(3,81.7418,'2021-10-25'),(3,80.7019,'2021-10-26'),(3,81.0289,'2021-10-27'),(3,81.8393,'2021-10-28'),(3,82.2898,'2021-10-29'),(3,82.1687,'2021-11-01'),(3,82.9577,'2021-11-02'),(3,82.8112,'2021-11-03'),(3,82.5355,'2021-11-08'),(3,82.6497,'2021-11-09'),(3,81.7870,'2021-11-10'),(3,81.6552,'2021-11-11'),(3,82.2173,'2021-11-12'),(3,82.7736,'2021-11-15'),(3,82.5244,'2021-11-16'),(3,82.3553,'2021-11-17'),(3,82.2583,'2021-11-18'),(3,82.5845,'2021-11-19'),(3,82.7715,'2021-11-22'),(3,84.1718,'2021-11-23'),(3,83.6394,'2021-11-24'),(3,83.6793,'2021-11-25'),(3,84.9526,'2021-11-26'),(3,84.4820,'2021-11-29'),(3,84.8234,'2021-11-30'),(3,83.8354,'2021-12-01'),(3,83.8105,'2021-12-02'),(3,83.2406,'2021-12-03'),(3,83.1138,'2021-12-06'),(3,83.7114,'2021-12-07'),(3,83.3640,'2021-12-08'),(3,83.3444,'2021-12-09'),(3,83.1158,'2021-12-10'),(3,82.8660,'2021-12-13'),(3,82.8299,'2021-12-14'),(3,83.2375,'2021-12-15'),(3,83.1571,'2021-12-16'),(3,83.5026,'2021-12-17'),(3,83.6187,'2021-12-20'),(3,83.3213,'2021-12-21'),(3,83.1541,'2021-12-22'),(3,83.1223,'2021-12-23'),(3,82.9300,'2021-12-24'),(3,82.9363,'2021-12-27'),(3,83.2194,'2021-12-28'),(3,83.2040,'2021-12-29'),(3,84.0695,'2021-12-30'),(3,85.1315,'2022-01-10'),(3,84.8784,'2022-01-11'),(3,84.6709,'2022-01-12'),(3,85.4556,'2022-01-13'),(3,86.8894,'2022-01-14'),(3,86.8609,'2022-01-17'),(3,87.0216,'2022-01-18'),(3,87.1318,'2022-01-19'),(3,86.8215,'2022-01-20'),(3,86.9054,'2022-01-21'),(3,87.5925,'2022-01-24'),(3,88.9286,'2022-01-25'),(3,89.1511,'2022-01-26'),(3,88.4680,'2022-01-27'),(3,86.6419,'2022-01-28'),(3,86.5032,'2022-01-31'),(3,86.7869,'2022-02-01'),(3,86.2826,'2022-02-02'),(3,86.5610,'2022-02-03'),(3,87.1163,'2022-02-04'),(3,86.5181,'2022-02-07'),(3,85.8920,'2022-02-08'),(3,85.3784,'2022-02-09'),(3,85.3798,'2022-02-10'),(3,85.3574,'2022-02-11'),(3,86.8451,'2022-02-14'),(3,86.2656,'2022-02-15'),(3,85.3060,'2022-02-16'),(3,86.1308,'2022-02-17'),(3,86.1489,'2022-02-18'),(3,87.3379,'2022-02-21'),(3,90.8820,'2022-02-22'),(3,97.7688,'2022-02-24'),(3,93.5994,'2022-02-25'),(3,104.4772,'2022-02-28'),(3,102.9112,'2022-03-01'),(3,114.5544,'2022-03-02'),(3,124.0161,'2022-03-03'),(3,116.5312,'2022-03-04'),(3,115.6212,'2022-03-05'),(3,126.4395,'2022-03-09'),(3,132.9581,'2022-03-10'),(3,128.9523,'2022-03-11'),(3,127.2343,'2022-03-14'),(3,122.4522,'2022-03-15'),(3,118.7601,'2022-03-16'),(3,115.9311,'2022-03-17'),(3,114.3996,'2022-03-18'),(3,115.6002,'2022-03-21'),(3,114.7833,'2022-03-22'),(3,113.2613,'2022-03-23'),(3,105.4679,'2022-03-24'),(3,105.2662,'2022-03-25'),(3,102.6714,'2022-03-28'),(3,96.0085,'2022-03-29'),(3,93.6960,'2022-03-30'),(3,92.4930,'2022-03-31'),(3,92.1468,'2022-04-01'),(3,92.3872,'2022-04-04'),(3,91.7289,'2022-04-05'),(3,90.5998,'2022-04-06'),(3,83.2930,'2022-04-07'),(3,81.7064,'2022-04-08'),(3,85.9752,'2022-04-11'),(3,86.7939,'2022-04-12'),(3,86.7219,'2022-04-13'),(3,88.0024,'2022-04-14'),(3,87.0715,'2022-04-15'),(3,86.4289,'2022-04-18'),(3,85.9674,'2022-04-19'),(3,83.2705,'2022-04-20'),(3,81.2239,'2022-04-21'),(3,80.0249,'2022-04-22'),(3,77.4651,'2022-04-25'),(3,76.6670,'2022-04-26'),(3,75.9224,'2022-04-27'),(3,75.3117,'2022-04-28'),(3,74.5589,'2022-04-29'),(3,72.7815,'2022-05-04'),(3,70.0662,'2022-05-05'),(3,71.0963,'2022-05-06'),(3,72.6314,'2022-05-11'),(3,68.7835,'2022-05-12'),(3,65.7939,'2022-05-13'),(3,65.8166,'2022-05-16'),(3,66.3644,'2022-05-17'),(3,66.6135,'2022-05-18'),(3,64.9358,'2022-05-19'),(3,60.8953,'2022-05-20'),(3,60.3851,'2022-05-23'),(3,58.8705,'2022-05-24'),(3,57.9210,'2022-05-25'),(3,64.4392,'2022-05-26'),(3,69.4353,'2022-05-27'),(3,64.7170,'2022-05-30'),(3,62.7397,'2022-05-31'),(3,63.6629,'2022-06-01'),(3,64.9053,'2022-06-02'),(3,65.9191,'2022-06-03'),(3,64.8669,'2022-06-06'),(3,64.5699,'2022-06-07'),(3,63.9380,'2022-06-08'),(3,62.0934,'2022-06-09'),(3,60.9656,'2022-06-10'),(3,59.2481,'2022-06-14'),(3,59.1204,'2022-06-15'),(3,58.9568,'2022-06-16'),(3,59.3299,'2022-06-17'),(3,58.8003,'2022-06-20'),(3,57.4566,'2022-06-21'),(3,55.8307,'2022-06-22'),(3,55.9886,'2022-06-23'),(3,55.9640,'2022-06-24'),(3,56.0535,'2022-06-27'),(3,55.8886,'2022-06-28'),(3,53.8580,'2022-06-29'),(3,54.6405,'2022-06-30'),(3,56.3584,'2022-07-01'),(3,57.1836,'2022-07-04'),(3,60.1618,'2022-07-05'),(3,64.3260,'2022-07-06'),(3,64.1349,'2022-07-07'),(3,62.0499,'2022-07-08'),(3,61.8056,'2022-07-11'),(3,58.7643,'2022-07-12'),(3,58.9002,'2022-07-13'),(3,58.3432,'2022-07-14'),(3,57.8851,'2022-07-15'),(3,57.1526,'2022-07-18'),(3,56.4463,'2022-07-19'),(3,55.8260,'2022-07-20'),(3,57.1133,'2022-07-21'),(3,57.7608,'2022-07-22'),(3,58.6741,'2022-07-25'),(3,59.4068,'2022-07-26'),(3,61.0032,'2022-07-27'),(3,61.2171,'2022-07-28'),(3,62.5695,'2022-07-29'),(3,63.2468,'2022-08-01'),(3,61.2656,'2022-08-02'),(3,61.1243,'2022-08-03'),(3,61.0872,'2022-08-04'),(3,61.3610,'2022-08-05'),(3,61.1615,'2022-08-08'),(3,61.5542,'2022-08-09'),(3,61.7040,'2022-08-10'),(3,62.5156,'2022-08-11'),(3,62.5355,'2022-08-12'),(3,62.5056,'2022-08-15'),(3,62.3551,'2022-08-16'),(3,61.8322,'2022-08-17'),(3,60.8957,'2022-08-18'),(3,59.3934,'2022-08-19'),(3,59.5344,'2022-08-22'),(3,59.3304,'2022-08-23'),(3,59.5082,'2022-08-24'),(3,59.5983,'2022-08-25'),(3,59.8784,'2022-08-26'),(3,59.9608,'2022-08-29'),(3,60.5752,'2022-08-30'),(3,60.2141,'2022-08-31'),(3,60.2842,'2022-09-01'),(3,60.2187,'2022-09-02'),(3,60.1408,'2022-09-05'),(3,60.4929,'2022-09-06'),(3,60.5458,'2022-09-07'),(3,60.6952,'2022-09-08'),(3,60.8571,'2022-09-09'),(3,61.3127,'2022-09-12'),(3,60.9364,'2022-09-13'),(3,59.8368,'2022-09-14'),(4,9.0000,'2021-01-01'),(4,9.9965,'2022-05-05'),(4,9.6905,'2022-05-12'),(4,9.3654,'2022-05-13'),(4,9.3623,'2022-05-16'),(4,9.4471,'2022-05-17'),(4,9.4595,'2022-05-18'),(4,9.2395,'2022-05-19'),(4,8.8803,'2022-05-20'),(4,8.7985,'2022-05-23'),(4,8.7065,'2022-05-24'),(4,8.5902,'2022-05-25'),(4,9.4764,'2022-05-26'),(4,9.5603,'2022-05-30'),(4,9.4070,'2022-05-31'),(4,9.3709,'2022-06-01'),(4,9.3570,'2022-06-02'),(4,9.4166,'2022-06-03'),(4,9.3098,'2022-06-06'),(4,9.3004,'2022-06-07'),(4,9.2661,'2022-06-08'),(4,9.0811,'2022-06-09'),(4,8.8979,'2022-06-10'),(4,8.6051,'2022-06-14'),(4,8.5416,'2022-06-15'),(4,8.5545,'2022-06-16'),(4,8.5578,'2022-06-17'),(4,8.4740,'2022-06-20'),(4,8.2699,'2022-06-21'),(4,8.0226,'2022-06-22'),(4,8.0048,'2022-06-23'),(4,8.0183,'2022-06-24'),(4,8.0484,'2022-06-27'),(4,7.9762,'2022-06-28'),(4,7.6985,'2022-06-29'),(4,8.2890,'2022-06-30'),(4,8.5942,'2022-07-01'),(4,8.7140,'2022-07-04'),(4,8.9461,'2022-07-05'),(4,9.5579,'2022-07-06'),(4,9.5937,'2022-07-07'),(4,9.2827,'2022-07-08'),(4,9.2102,'2022-07-11'),(4,8.7948,'2022-07-12'),(4,8.7245,'2022-07-13'),(4,8.6395,'2022-07-14'),(4,8.5723,'2022-07-15'),(4,8.4264,'2022-07-18'),(4,8.2579,'2022-07-19'),(4,8.1601,'2022-07-20'),(4,8.3985,'2022-07-21'),(4,8.5828,'2022-07-22'),(4,8.6310,'2022-07-25'),(4,8.7872,'2022-07-26'),(4,9.0413,'2022-07-27'),(4,9.0455,'2022-07-28'),(4,9.2164,'2022-07-29'),(4,9.2823,'2022-08-01'),(4,8.9518,'2022-08-02'),(4,8.9447,'2022-08-03'),(4,8.9336,'2022-08-04'),(4,8.9688,'2022-08-05'),(4,8.9613,'2022-08-08'),(4,8.9534,'2022-08-09'),(4,8.9525,'2022-08-10'),(4,9.0058,'2022-08-11'),(4,9.0398,'2022-08-12'),(4,9.0452,'2022-08-15'),(4,9.0156,'2022-08-16'),(4,8.9510,'2022-08-17'),(4,8.8274,'2022-08-18'),(4,8.6583,'2022-08-19'),(4,8.7128,'2022-08-22'),(4,8.7174,'2022-08-23'),(4,8.7353,'2022-08-24'),(4,8.7194,'2022-08-25'),(4,8.7448,'2022-08-26'),(4,8.7217,'2022-08-29'),(4,8.7383,'2022-08-30'),(4,8.7261,'2022-08-31'),(4,8.7284,'2022-09-01'),(4,8.7437,'2022-09-02'),(4,8.7842,'2022-09-05'),(4,8.7471,'2022-09-06'),(4,8.7565,'2022-09-07'),(4,8.7374,'2022-09-08'),(4,8.7351,'2022-09-09'),(4,8.7253,'2022-09-12'),(4,8.6616,'2022-09-13'),(4,8.5677,'2022-09-14');
/*!40000 ALTER TABLE `currencies_courses` ENABLE KEYS */;
UNLOCK TABLES;

--
-- Table structure for table `permitions`
--

DROP TABLE IF EXISTS `permitions`;
/*!40101 SET @saved_cs_client     = @@character_set_client */;
/*!50503 SET character_set_client = utf8mb4 */;
CREATE TABLE `permitions` (
  `account_id` bigint unsigned NOT NULL,
  `user_id` bigint unsigned NOT NULL,
  PRIMARY KEY (`account_id`,`user_id`),
  KEY `user_id` (`user_id`),
  CONSTRAINT `permitions_ibfk_1` FOREIGN KEY (`account_id`) REFERENCES `accounts` (`id`) ON DELETE CASCADE ON UPDATE CASCADE,
  CONSTRAINT `permitions_ibfk_2` FOREIGN KEY (`user_id`) REFERENCES `users` (`id`) ON DELETE CASCADE ON UPDATE CASCADE
) ENGINE=InnoDB DEFAULT CHARSET=utf8mb4 COLLATE=utf8mb4_0900_ai_ci;
/*!40101 SET character_set_client = @saved_cs_client */;

--
-- Dumping data for table `permitions`
--

LOCK TABLES `permitions` WRITE;
/*!40000 ALTER TABLE `permitions` DISABLE KEYS */;
INSERT INTO `permitions` VALUES (47,1),(65,1),(102,1),(132,1),(135,1),(2,2),(34,2),(48,2),(75,2),(18,3),(45,3),(108,3),(49,4),(12,5),(127,5),(81,9),(87,9),(108,9),(62,10),(89,10),(45,11),(57,11),(79,11),(25,12),(35,12),(125,13),(17,14),(96,14),(106,14),(131,15);
/*!40000 ALTER TABLE `permitions` ENABLE KEYS */;
UNLOCK TABLES;

--
-- Table structure for table `transactions`
--

DROP TABLE IF EXISTS `transactions`;
/*!40101 SET @saved_cs_client     = @@character_set_client */;
/*!50503 SET character_set_client = utf8mb4 */;
CREATE TABLE `transactions` (
  `id` bigint unsigned NOT NULL AUTO_INCREMENT,
  `from_id` bigint unsigned DEFAULT NULL,
  `to_id` bigint unsigned DEFAULT NULL,
  `category_id` bigint unsigned DEFAULT NULL,
  `sum_credit` decimal(12,2) DEFAULT NULL,
  `sum_debit` decimal(12,2) DEFAULT NULL,
  `date_transactiont` datetime DEFAULT CURRENT_TIMESTAMP,
  `comment` varchar(255) DEFAULT NULL,
  PRIMARY KEY (`id`),
  UNIQUE KEY `id` (`id`),
  KEY `from_id` (`from_id`),
  KEY `to_id` (`to_id`),
  KEY `category_id` (`category_id`),
  CONSTRAINT `transactions_ibfk_1` FOREIGN KEY (`from_id`) REFERENCES `accounts` (`id`) ON DELETE RESTRICT ON UPDATE CASCADE,
  CONSTRAINT `transactions_ibfk_2` FOREIGN KEY (`to_id`) REFERENCES `accounts` (`id`) ON DELETE RESTRICT ON UPDATE CASCADE,
  CONSTRAINT `transactions_ibfk_3` FOREIGN KEY (`category_id`) REFERENCES `categories` (`id`) ON DELETE RESTRICT ON UPDATE CASCADE
) ENGINE=InnoDB AUTO_INCREMENT=1369 DEFAULT CHARSET=utf8mb4 COLLATE=utf8mb4_0900_ai_ci;
/*!40101 SET character_set_client = @saved_cs_client */;

--
-- Dumping data for table `transactions`
--

LOCK TABLES `transactions` WRITE;
/*!40000 ALTER TABLE `transactions` DISABLE KEYS */;
INSERT INTO `transactions` VALUES (1,NULL,45,3,NULL,19086.68,'2022-01-29 21:00:00',NULL),(2,NULL,14,10,NULL,1046.87,'2022-04-21 21:00:00',NULL),(3,127,NULL,18,27.00,NULL,'2022-06-15 21:00:00',NULL),(4,NULL,94,3,NULL,47.24,'2022-08-07 21:00:00',NULL),(5,NULL,26,4,NULL,189.94,'2022-08-08 21:00:00',NULL),(6,NULL,134,6,NULL,19084.91,'2022-05-31 21:00:00',NULL),(7,NULL,85,3,NULL,15283.88,'2021-10-02 21:00:00',NULL),(8,54,NULL,16,3003.53,NULL,'2022-08-03 21:00:00',NULL),(9,NULL,95,3,NULL,8268.01,'2021-11-07 21:00:00',NULL),(10,NULL,134,14,NULL,9025.82,'2022-08-29 21:00:00',NULL),(11,NULL,111,7,NULL,15751.70,'2022-08-08 21:00:00',NULL),(12,22,NULL,18,147.61,NULL,'2022-01-11 21:00:00',NULL),(13,NULL,140,8,NULL,10624.36,'2021-11-11 21:00:00',NULL),(14,67,NULL,5,160.38,NULL,'2022-08-06 21:00:00',NULL),(15,NULL,133,8,NULL,1676.04,'2022-01-03 21:00:00',NULL),(16,NULL,138,9,NULL,174.01,'2022-05-25 21:00:00',NULL),(17,87,NULL,19,18413.70,NULL,'2021-11-26 21:00:00',NULL),(18,NULL,133,10,NULL,680.47,'2022-02-21 21:00:00',NULL),(19,NULL,15,4,NULL,1966.94,'2022-02-05 21:00:00',NULL),(20,110,NULL,16,7191.18,NULL,'2022-08-01 21:00:00',NULL),(21,NULL,103,7,NULL,218.88,'2022-01-10 21:00:00',NULL),(22,NULL,38,4,NULL,72.69,'2022-04-10 21:00:00',NULL),(23,NULL,37,11,NULL,5948.02,'2021-09-27 21:00:00',NULL),(24,38,NULL,17,197.82,NULL,'2021-10-20 21:00:00',NULL),(25,NULL,42,8,NULL,1566.61,'2022-07-06 21:00:00',NULL),(26,NULL,84,12,NULL,220.97,'2022-06-03 21:00:00',NULL),(27,NULL,13,9,NULL,15328.27,'2022-04-23 21:00:00',NULL),(28,NULL,13,2,NULL,9614.65,'2021-12-21 21:00:00',NULL),(29,128,NULL,20,155.22,NULL,'2021-11-05 21:00:00',NULL),(30,NULL,31,12,NULL,11991.91,'2022-02-25 21:00:00',NULL),(31,NULL,32,9,NULL,8514.11,'2022-01-28 21:00:00',NULL),(32,NULL,91,10,NULL,18963.31,'2022-04-01 21:00:00',NULL),(33,27,137,NULL,67.68,10757.19,'2022-06-14 21:00:00','Перевод'),(34,NULL,39,4,NULL,1425.76,'2022-06-28 21:00:00',NULL),(35,98,NULL,1,1506.53,NULL,'2022-03-23 21:00:00',NULL),(36,113,NULL,16,6908.16,NULL,'2022-01-05 21:00:00',NULL),(37,125,NULL,15,13.06,NULL,'2022-01-11 21:00:00',NULL),(38,NULL,49,11,NULL,10312.91,'2022-01-13 21:00:00',NULL),(39,44,NULL,15,1569.71,NULL,'2021-12-13 21:00:00',NULL),(40,95,NULL,19,2149.78,NULL,'2022-06-27 21:00:00',NULL),(41,NULL,96,13,NULL,10916.54,'2022-01-09 21:00:00',NULL),(42,NULL,48,10,NULL,8697.05,'2022-05-22 21:00:00',NULL),(43,13,NULL,15,3885.38,NULL,'2021-11-22 21:00:00',NULL),(44,77,NULL,5,8624.73,NULL,'2021-12-26 21:00:00',NULL),(45,NULL,24,3,NULL,162.32,'2022-06-22 21:00:00',NULL),(46,NULL,133,9,NULL,1518.43,'2022-06-27 21:00:00',NULL),(47,NULL,85,9,NULL,15505.62,'2022-03-13 21:00:00',NULL),(48,NULL,116,13,NULL,7994.05,'2021-11-09 21:00:00',NULL),(49,NULL,57,10,NULL,177.37,'2021-10-10 21:00:00',NULL),(50,NULL,62,12,NULL,16190.82,'2022-02-07 21:00:00',NULL),(51,NULL,22,2,NULL,13.60,'2021-09-03 21:00:00',NULL),(52,NULL,28,9,NULL,14418.20,'2022-02-17 21:00:00',NULL),(53,NULL,49,4,NULL,18259.03,'2021-09-15 21:00:00',NULL),(54,86,NULL,18,249.44,NULL,'2021-10-01 21:00:00',NULL),(55,NULL,87,7,NULL,4302.60,'2022-02-28 21:00:00',NULL),(56,NULL,14,4,NULL,1190.58,'2022-06-14 21:00:00',NULL),(57,41,NULL,5,242.52,NULL,'2021-10-10 21:00:00',NULL),(58,27,NULL,19,174.48,NULL,'2022-05-02 21:00:00',NULL),(59,NULL,121,8,NULL,9636.61,'2022-03-28 21:00:00',NULL),(60,NULL,30,9,NULL,199.30,'2022-04-19 21:00:00',NULL),(61,136,NULL,20,158.83,NULL,'2022-01-22 21:00:00',NULL),(62,NULL,106,7,NULL,9320.12,'2021-09-10 21:00:00',NULL),(63,108,NULL,15,119.83,NULL,'2021-11-30 21:00:00',NULL),(64,NULL,132,3,NULL,18646.15,'2022-03-30 21:00:00',NULL),(65,NULL,4,3,NULL,85.92,'2022-03-01 21:00:00',NULL),(66,22,NULL,20,342.55,NULL,'2022-06-28 21:00:00',NULL),(67,NULL,11,4,NULL,172.76,'2021-12-24 21:00:00',NULL),(68,69,NULL,17,261.78,NULL,'2022-01-10 21:00:00',NULL),(69,NULL,101,9,NULL,8718.19,'2022-06-21 21:00:00',NULL),(70,NULL,121,2,NULL,5629.52,'2022-04-11 21:00:00',NULL),(71,42,NULL,20,109.22,NULL,'2021-11-17 21:00:00',NULL),(72,116,NULL,5,18809.45,NULL,'2021-09-07 21:00:00',NULL),(73,19,114,NULL,250.24,19231.38,'2022-02-07 21:00:00','Перевод'),(74,NULL,37,8,NULL,15332.26,'2022-08-03 21:00:00',NULL),(75,NULL,12,8,NULL,1486.29,'2022-05-25 21:00:00',NULL),(76,NULL,95,14,NULL,2719.76,'2022-07-27 21:00:00',NULL),(77,NULL,122,12,NULL,16944.60,'2022-06-06 21:00:00',NULL),(78,NULL,79,13,NULL,16192.72,'2022-02-25 21:00:00',NULL),(79,NULL,39,7,NULL,850.31,'2022-02-04 21:00:00',NULL),(80,NULL,105,14,NULL,4050.10,'2021-10-01 21:00:00',NULL),(81,NULL,117,14,NULL,13704.99,'2022-02-13 21:00:00',NULL),(82,127,NULL,1,33.17,NULL,'2021-09-20 21:00:00',NULL),(83,NULL,119,4,NULL,17185.61,'2022-04-02 21:00:00',NULL),(84,NULL,112,8,NULL,152.05,'2022-05-13 21:00:00',NULL),(85,132,NULL,5,933.90,NULL,'2022-06-08 21:00:00',NULL),(86,NULL,68,6,NULL,18764.69,'2022-01-19 21:00:00',NULL),(87,NULL,69,10,NULL,293.99,'2022-05-28 21:00:00',NULL),(88,NULL,130,3,NULL,145.49,'2022-03-22 21:00:00',NULL),(89,128,77,NULL,81.57,4726.38,'2022-03-04 21:00:00','Перевод'),(90,NULL,43,13,NULL,2863.60,'2022-06-24 21:00:00',NULL),(91,28,NULL,17,827.76,NULL,'2021-09-29 21:00:00',NULL),(92,46,90,NULL,107.61,15723.17,'2021-11-13 21:00:00','Перевод'),(93,131,NULL,16,138.01,NULL,'2022-07-21 21:00:00',NULL),(94,NULL,42,13,NULL,1331.39,'2022-03-29 21:00:00',NULL),(95,NULL,130,4,NULL,220.01,'2022-02-12 21:00:00',NULL),(96,82,NULL,5,192.36,NULL,'2022-02-26 21:00:00',NULL),(97,67,NULL,16,204.07,NULL,'2022-02-17 21:00:00',NULL),(98,69,NULL,17,245.03,NULL,'2022-06-13 21:00:00',NULL),(99,NULL,65,4,NULL,17308.76,'2022-05-06 21:00:00',NULL),(100,NULL,18,8,NULL,520.24,'2022-06-19 21:00:00',NULL),(101,NULL,137,4,NULL,12010.29,'2021-12-24 21:00:00',NULL),(102,46,NULL,19,46.68,NULL,'2021-10-12 21:00:00',NULL),(103,46,NULL,1,67.64,NULL,'2022-02-13 21:00:00',NULL),(104,NULL,95,7,NULL,5930.98,'2021-12-18 21:00:00',NULL),(105,NULL,98,11,NULL,861.39,'2022-07-26 21:00:00',NULL),(106,98,NULL,1,260.90,NULL,'2022-04-18 21:00:00',NULL),(107,120,NULL,20,6297.97,NULL,'2022-03-13 21:00:00',NULL),(108,NULL,11,11,NULL,104.07,'2021-11-30 21:00:00',NULL),(109,NULL,60,4,NULL,1626.39,'2022-08-22 21:00:00',NULL),(110,NULL,134,10,NULL,15361.96,'2021-10-05 21:00:00',NULL),(111,NULL,20,12,NULL,192.12,'2022-01-06 21:00:00',NULL),(112,NULL,105,14,NULL,13125.33,'2021-10-05 21:00:00',NULL),(113,51,128,NULL,11.44,12.70,'2022-03-25 21:00:00','Перевод'),(114,NULL,57,10,NULL,208.79,'2022-04-13 21:00:00',NULL),(115,NULL,75,8,NULL,13441.83,'2022-07-07 21:00:00',NULL),(116,62,NULL,17,17557.49,NULL,'2022-04-06 21:00:00',NULL),(117,101,NULL,16,10494.16,NULL,'2021-09-24 21:00:00',NULL),(118,NULL,105,7,NULL,2589.94,'2022-08-18 21:00:00',NULL),(119,50,NULL,20,3607.28,NULL,'2022-03-01 21:00:00',NULL),(120,85,NULL,18,15874.00,NULL,'2022-01-25 21:00:00',NULL),(121,NULL,69,4,NULL,163.49,'2022-06-20 21:00:00',NULL),(122,81,NULL,16,16377.34,NULL,'2022-03-10 21:00:00',NULL),(123,NULL,40,14,NULL,19728.72,'2022-07-05 21:00:00',NULL),(124,NULL,20,7,NULL,1.52,'2021-09-11 21:00:00',NULL),(125,83,NULL,1,12869.19,NULL,'2022-04-12 21:00:00',NULL),(126,NULL,32,8,NULL,15247.31,'2022-06-16 21:00:00',NULL),(127,5,NULL,17,45.64,NULL,'2022-05-27 21:00:00',NULL),(128,NULL,96,8,NULL,15621.25,'2022-06-03 21:00:00',NULL),(129,29,NULL,17,2995.74,NULL,'2022-01-04 21:00:00',NULL),(130,NULL,68,12,NULL,11807.24,'2022-04-14 21:00:00',NULL),(131,NULL,132,14,NULL,13295.94,'2022-01-09 21:00:00',NULL),(132,NULL,11,14,NULL,120.93,'2022-02-04 21:00:00',NULL),(133,NULL,39,8,NULL,334.88,'2022-07-18 21:00:00',NULL),(134,23,NULL,16,16863.33,NULL,'2022-07-21 21:00:00',NULL),(135,101,NULL,19,870.08,NULL,'2021-11-26 21:00:00',NULL),(136,27,NULL,18,14.21,NULL,'2022-08-06 21:00:00',NULL),(137,89,NULL,20,8774.45,NULL,'2021-12-24 21:00:00',NULL),(138,NULL,42,7,NULL,1335.37,'2022-06-01 21:00:00',NULL),(139,25,NULL,1,5051.64,NULL,'2021-12-27 21:00:00',NULL),(140,NULL,52,13,NULL,11419.51,'2021-09-03 21:00:00',NULL),(141,NULL,79,9,NULL,9601.77,'2022-07-11 21:00:00',NULL),(142,NULL,83,4,NULL,8532.63,'2022-03-20 21:00:00',NULL),(143,74,NULL,1,1584.80,NULL,'2022-06-14 21:00:00',NULL),(144,131,NULL,15,222.84,NULL,'2021-09-28 21:00:00',NULL),(145,95,NULL,19,9381.95,NULL,'2021-10-15 21:00:00',NULL),(146,126,16,NULL,5023.33,6617.35,'2022-02-19 21:00:00','Перевод'),(147,NULL,20,10,NULL,202.92,'2022-06-06 21:00:00',NULL),(148,30,NULL,1,83.38,NULL,'2022-01-15 21:00:00',NULL),(149,61,NULL,15,117.42,NULL,'2022-04-02 21:00:00',NULL),(150,21,NULL,16,5463.52,NULL,'2022-03-16 21:00:00',NULL),(151,NULL,109,8,NULL,1418.19,'2022-04-29 21:00:00',NULL),(152,NULL,86,11,NULL,29.89,'2022-07-02 21:00:00',NULL),(153,132,NULL,20,2729.34,NULL,'2021-09-18 21:00:00',NULL),(154,NULL,87,8,NULL,4557.51,'2022-07-12 21:00:00',NULL),(155,46,NULL,18,85.40,NULL,'2022-03-05 21:00:00',NULL),(156,119,NULL,20,17995.81,NULL,'2022-05-13 21:00:00',NULL),(157,NULL,118,13,NULL,14666.75,'2021-09-03 21:00:00',NULL),(158,110,NULL,19,5124.15,NULL,'2022-03-12 21:00:00',NULL),(159,NULL,26,7,NULL,261.35,'2022-04-28 21:00:00',NULL),(160,78,NULL,1,9444.56,NULL,'2022-02-20 21:00:00',NULL),(161,NULL,44,4,NULL,3745.29,'2021-10-19 21:00:00',NULL),(162,NULL,96,8,NULL,1198.70,'2021-11-11 21:00:00',NULL),(163,NULL,103,9,NULL,333.75,'2022-07-03 21:00:00',NULL),(164,NULL,11,8,NULL,56.37,'2021-12-18 21:00:00',NULL),(165,24,NULL,20,217.11,NULL,'2021-12-18 21:00:00',NULL),(166,NULL,89,9,NULL,19587.70,'2022-05-19 21:00:00',NULL),(167,NULL,131,13,NULL,84.12,'2021-10-02 21:00:00',NULL),(168,NULL,131,2,NULL,250.05,'2022-05-12 21:00:00',NULL),(169,33,33,NULL,978.91,2124.65,'2022-07-12 21:00:00','Перевод'),(170,NULL,15,14,NULL,2231.64,'2022-08-17 21:00:00',NULL),(171,73,NULL,19,8687.36,NULL,'2022-05-27 21:00:00',NULL),(172,126,NULL,5,5250.65,NULL,'2021-10-03 21:00:00',NULL),(173,78,NULL,18,3017.83,NULL,'2022-06-28 21:00:00',NULL),(174,NULL,109,8,NULL,2040.97,'2022-03-04 21:00:00',NULL),(175,69,80,NULL,18.95,16593.95,'2022-05-03 21:00:00','Перевод'),(176,104,NULL,17,535.41,NULL,'2022-01-27 21:00:00',NULL),(177,NULL,106,2,NULL,1384.07,'2021-12-29 21:00:00',NULL),(178,77,NULL,20,6029.76,NULL,'2022-02-01 21:00:00',NULL),(179,NULL,50,11,NULL,2589.18,'2022-03-08 21:00:00',NULL),(180,NULL,43,7,NULL,18890.75,'2021-09-12 21:00:00',NULL),(181,NULL,100,8,NULL,2341.04,'2021-09-19 21:00:00',NULL),(182,NULL,138,11,NULL,137.90,'2021-09-14 21:00:00',NULL),(183,117,NULL,5,18191.96,NULL,'2022-02-24 21:00:00',NULL),(184,NULL,12,10,NULL,369.09,'2022-03-16 21:00:00',NULL),(185,NULL,11,6,NULL,16.59,'2022-03-25 21:00:00',NULL),(186,NULL,103,6,NULL,88.56,'2022-01-14 21:00:00',NULL),(187,NULL,7,9,NULL,1696.80,'2022-02-24 21:00:00',NULL),(188,102,41,NULL,110.41,66.03,'2022-06-16 21:00:00','Перевод'),(189,NULL,135,8,NULL,209.00,'2022-01-24 21:00:00',NULL),(190,NULL,92,11,NULL,32.79,'2021-11-19 21:00:00',NULL),(191,NULL,112,9,NULL,54.26,'2021-10-15 21:00:00',NULL),(192,83,70,NULL,5947.39,364.92,'2022-01-31 21:00:00','Перевод'),(193,131,111,NULL,35.28,398.95,'2021-09-07 21:00:00','Перевод'),(194,NULL,73,4,NULL,9334.33,'2022-06-11 21:00:00',NULL),(195,19,NULL,18,261.37,NULL,'2021-10-05 21:00:00',NULL),(196,NULL,131,14,NULL,96.99,'2021-09-13 21:00:00',NULL),(197,68,NULL,15,19074.44,NULL,'2022-05-26 21:00:00',NULL),(198,NULL,28,6,NULL,9085.49,'2022-07-30 21:00:00',NULL),(199,NULL,139,12,NULL,5074.03,'2022-03-03 21:00:00',NULL),(200,NULL,115,11,NULL,693.44,'2022-02-19 21:00:00',NULL),(201,106,NULL,20,12823.11,NULL,'2021-12-28 21:00:00',NULL),(202,114,NULL,19,11480.43,NULL,'2021-10-12 21:00:00',NULL),(203,2,NULL,1,173.37,NULL,'2022-03-16 21:00:00',NULL),(204,124,NULL,16,2072.93,NULL,'2022-01-11 21:00:00',NULL),(205,NULL,63,14,NULL,11933.94,'2021-10-03 21:00:00',NULL),(206,60,NULL,16,11489.89,NULL,'2021-11-19 21:00:00',NULL),(207,69,NULL,19,21.70,NULL,'2022-03-10 21:00:00',NULL),(208,NULL,99,8,NULL,13725.34,'2022-06-29 21:00:00',NULL),(209,NULL,31,10,NULL,3035.48,'2022-06-29 21:00:00',NULL),(210,NULL,1,8,NULL,168.78,'2022-04-04 21:00:00',NULL),(211,NULL,30,13,NULL,91.63,'2022-03-14 21:00:00',NULL),(212,103,5,NULL,75.34,8.35,'2022-03-18 21:00:00','Перевод'),(213,5,NULL,1,201.36,NULL,'2021-12-02 21:00:00',NULL),(214,NULL,1,12,NULL,228.92,'2022-02-08 21:00:00',NULL),(215,38,NULL,18,16.80,NULL,'2022-04-19 21:00:00',NULL),(216,NULL,109,6,NULL,1965.51,'2021-11-25 21:00:00',NULL),(217,33,73,NULL,103.54,12565.29,'2022-01-07 21:00:00','Перевод'),(218,NULL,8,7,NULL,3.87,'2022-01-23 21:00:00',NULL),(219,NULL,133,7,NULL,1230.40,'2021-09-27 21:00:00',NULL),(220,NULL,63,2,NULL,12661.88,'2021-12-15 21:00:00',NULL),(221,NULL,103,2,NULL,86.07,'2022-02-26 21:00:00',NULL),(222,39,NULL,16,75.07,NULL,'2022-06-02 21:00:00',NULL),(223,40,NULL,20,16922.75,NULL,'2021-10-05 21:00:00',NULL),(224,NULL,135,6,NULL,8456.38,'2021-09-17 21:00:00',NULL),(225,NULL,107,14,NULL,13098.56,'2021-11-16 21:00:00',NULL),(226,NULL,69,7,NULL,206.78,'2021-10-01 21:00:00',NULL),(227,NULL,82,13,NULL,178.48,'2021-10-16 21:00:00',NULL),(228,11,94,NULL,3.75,145.97,'2022-03-01 21:00:00','Перевод'),(229,NULL,111,8,NULL,1651.61,'2021-11-27 21:00:00',NULL),(230,NULL,49,3,NULL,9616.15,'2021-09-23 21:00:00',NULL),(231,61,NULL,19,43.88,NULL,'2021-10-14 21:00:00',NULL),(232,NULL,122,2,NULL,2938.00,'2021-10-09 21:00:00',NULL),(233,88,NULL,16,15.31,NULL,'2022-07-23 21:00:00',NULL),(234,22,NULL,5,30.47,NULL,'2021-11-10 21:00:00',NULL),(235,NULL,64,3,NULL,501.82,'2022-03-12 21:00:00',NULL),(236,NULL,30,4,NULL,278.19,'2022-08-09 21:00:00',NULL),(237,NULL,50,8,NULL,8700.79,'2022-03-03 21:00:00',NULL),(238,27,NULL,16,190.50,NULL,'2021-11-01 21:00:00',NULL),(239,41,NULL,20,52.31,NULL,'2022-07-26 21:00:00',NULL),(240,NULL,50,4,NULL,19419.61,'2021-11-04 21:00:00',NULL),(241,61,NULL,5,120.59,NULL,'2021-09-07 21:00:00',NULL),(242,52,NULL,20,18060.50,NULL,'2021-12-22 21:00:00',NULL),(243,NULL,62,11,NULL,10837.21,'2022-03-18 21:00:00',NULL),(244,NULL,92,2,NULL,318.49,'2022-07-12 21:00:00',NULL),(245,76,NULL,15,2029.46,NULL,'2022-01-05 21:00:00',NULL),(246,NULL,70,8,NULL,18264.07,'2021-09-25 21:00:00',NULL),(247,NULL,93,7,NULL,73.36,'2022-04-29 21:00:00',NULL),(248,NULL,16,13,NULL,3756.48,'2022-01-02 21:00:00',NULL),(249,NULL,9,9,NULL,9.13,'2022-03-19 21:00:00',NULL),(250,NULL,66,9,NULL,12198.09,'2022-01-02 21:00:00',NULL),(251,NULL,16,13,NULL,13570.79,'2022-02-18 21:00:00',NULL),(252,NULL,127,8,NULL,88.01,'2021-09-10 21:00:00',NULL),(253,NULL,134,14,NULL,5391.01,'2022-07-16 21:00:00',NULL),(254,NULL,55,11,NULL,171.05,'2021-11-25 21:00:00',NULL),(255,67,NULL,17,114.49,NULL,'2022-02-28 21:00:00',NULL),(256,NULL,42,7,NULL,880.13,'2021-11-18 21:00:00',NULL),(257,NULL,56,10,NULL,5793.22,'2022-01-05 21:00:00',NULL),(258,NULL,123,11,NULL,12331.09,'2021-09-14 21:00:00',NULL),(259,49,NULL,1,17691.74,NULL,'2022-03-06 21:00:00',NULL),(260,NULL,51,9,NULL,33.33,'2022-03-21 21:00:00',NULL),(261,NULL,61,10,NULL,142.49,'2021-10-17 21:00:00',NULL),(262,15,NULL,17,1252.54,NULL,'2022-05-01 21:00:00',NULL),(263,NULL,16,2,NULL,3748.96,'2022-08-05 21:00:00',NULL),(264,NULL,126,11,NULL,14136.19,'2022-08-18 21:00:00',NULL),(265,NULL,50,12,NULL,4841.66,'2022-01-23 21:00:00',NULL),(266,39,NULL,5,2162.13,NULL,'2022-08-11 21:00:00',NULL),(267,NULL,134,13,NULL,12495.46,'2021-10-08 21:00:00',NULL),(268,33,NULL,15,837.33,NULL,'2021-09-29 21:00:00',NULL),(269,NULL,123,7,NULL,16255.31,'2022-08-11 21:00:00',NULL),(270,NULL,119,10,NULL,6149.87,'2022-02-09 21:00:00',NULL),(271,NULL,25,10,NULL,12346.83,'2021-09-12 21:00:00',NULL),(272,NULL,121,14,NULL,11876.28,'2021-12-25 21:00:00',NULL),(273,NULL,108,14,NULL,180.70,'2021-11-01 21:00:00',NULL),(274,NULL,6,11,NULL,13552.66,'2021-11-20 21:00:00',NULL),(275,NULL,44,14,NULL,3793.84,'2022-04-28 21:00:00',NULL),(276,95,NULL,1,19433.39,NULL,'2021-12-25 21:00:00',NULL),(277,123,NULL,18,10681.19,NULL,'2022-01-01 21:00:00',NULL),(278,NULL,2,6,NULL,502.07,'2021-11-26 21:00:00',NULL),(279,NULL,94,10,NULL,5.82,'2021-10-25 21:00:00',NULL),(280,NULL,25,3,NULL,10264.54,'2022-06-02 21:00:00',NULL),(281,12,NULL,5,1703.25,NULL,'2022-01-24 21:00:00',NULL),(282,NULL,117,14,NULL,1759.29,'2021-11-21 21:00:00',NULL),(283,NULL,84,6,NULL,169.48,'2021-09-25 21:00:00',NULL),(284,108,NULL,1,204.86,NULL,'2021-09-23 21:00:00',NULL),(285,NULL,100,6,NULL,10877.55,'2022-06-21 21:00:00',NULL),(286,NULL,69,2,NULL,273.89,'2022-05-16 21:00:00',NULL),(287,NULL,117,6,NULL,16006.33,'2022-04-07 21:00:00',NULL),(288,NULL,24,2,NULL,123.13,'2022-05-30 21:00:00',NULL),(289,86,NULL,5,198.72,NULL,'2022-01-24 21:00:00',NULL),(290,75,NULL,19,6134.04,NULL,'2022-02-03 21:00:00',NULL),(291,121,NULL,18,7061.78,NULL,'2021-09-13 21:00:00',NULL),(292,140,NULL,17,2169.79,NULL,'2022-04-08 21:00:00',NULL),(293,102,NULL,19,232.68,NULL,'2021-11-25 21:00:00',NULL),(294,NULL,130,9,NULL,49.78,'2022-04-18 21:00:00',NULL),(295,69,NULL,5,44.46,NULL,'2022-02-05 21:00:00',NULL),(296,NULL,78,13,NULL,16095.09,'2022-08-12 21:00:00',NULL),(297,NULL,24,2,NULL,226.25,'2022-04-22 21:00:00',NULL),(298,NULL,34,4,NULL,13968.83,'2022-05-10 21:00:00',NULL),(299,NULL,20,2,NULL,10.20,'2022-01-22 21:00:00',NULL),(300,7,NULL,19,18877.78,NULL,'2021-10-21 21:00:00',NULL),(301,NULL,49,7,NULL,14281.84,'2021-12-18 21:00:00',NULL),(302,NULL,98,7,NULL,1167.19,'2022-02-10 21:00:00',NULL),(303,125,NULL,19,198.29,NULL,'2022-03-25 21:00:00',NULL),(304,NULL,32,6,NULL,3884.53,'2021-11-16 21:00:00',NULL),(305,NULL,68,4,NULL,6194.22,'2022-05-23 21:00:00',NULL),(306,NULL,39,7,NULL,1832.47,'2021-10-24 21:00:00',NULL),(307,69,NULL,15,51.46,NULL,'2022-05-22 21:00:00',NULL),(308,89,NULL,19,13851.57,NULL,'2022-04-19 21:00:00',NULL),(309,NULL,79,12,NULL,12713.19,'2022-07-25 21:00:00',NULL),(310,NULL,49,4,NULL,10769.57,'2021-12-24 21:00:00',NULL),(311,NULL,20,8,NULL,31.10,'2021-11-26 21:00:00',NULL),(312,NULL,8,12,NULL,230.42,'2021-09-09 21:00:00',NULL),(313,69,94,NULL,76.60,179.70,'2022-08-29 21:00:00','Перевод'),(314,NULL,37,3,NULL,11472.82,'2022-03-18 21:00:00',NULL),(315,138,NULL,20,237.66,NULL,'2022-01-09 21:00:00',NULL),(316,NULL,14,12,NULL,2017.02,'2021-09-27 21:00:00',NULL),(317,NULL,14,3,NULL,1960.71,'2021-09-28 21:00:00',NULL),(318,75,12,NULL,7090.70,123.27,'2021-12-23 21:00:00','Перевод'),(319,37,NULL,15,15792.40,NULL,'2022-07-23 21:00:00',NULL),(320,91,NULL,16,321.64,NULL,'2022-03-27 21:00:00',NULL),(321,NULL,117,8,NULL,15131.95,'2022-01-22 21:00:00',NULL),(322,108,NULL,20,32.03,NULL,'2021-11-14 21:00:00',NULL),(323,59,NULL,20,3174.77,NULL,'2022-08-24 21:00:00',NULL),(324,135,140,NULL,12267.32,5250.37,'2021-11-24 21:00:00','Перевод'),(325,NULL,98,7,NULL,39.79,'2021-11-09 21:00:00',NULL),(326,79,NULL,1,19573.08,NULL,'2021-09-19 21:00:00',NULL),(327,NULL,23,7,NULL,6361.57,'2022-01-17 21:00:00',NULL),(328,NULL,84,2,NULL,60.02,'2022-07-13 21:00:00',NULL),(329,NULL,19,2,NULL,94.71,'2022-06-02 21:00:00',NULL),(330,NULL,8,3,NULL,171.41,'2021-10-14 21:00:00',NULL),(331,83,34,NULL,9910.92,8940.92,'2022-05-29 21:00:00','Перевод'),(332,NULL,6,8,NULL,8676.04,'2022-01-13 21:00:00',NULL),(333,18,NULL,20,533.51,NULL,'2022-03-11 21:00:00',NULL),(334,40,NULL,20,6389.56,NULL,'2022-04-11 21:00:00',NULL),(335,NULL,57,12,NULL,95.58,'2022-04-17 21:00:00',NULL),(336,NULL,119,14,NULL,4225.05,'2022-07-24 21:00:00',NULL),(337,NULL,17,14,NULL,8695.11,'2021-10-02 21:00:00',NULL),(338,NULL,71,13,NULL,131.37,'2021-12-29 21:00:00',NULL),(339,NULL,93,8,NULL,58.84,'2021-11-29 21:00:00',NULL),(340,49,NULL,16,6022.01,NULL,'2021-10-27 21:00:00',NULL),(341,NULL,59,8,NULL,7440.53,'2021-09-02 21:00:00',NULL),(342,NULL,35,3,NULL,1387.07,'2021-09-14 21:00:00',NULL),(343,NULL,121,3,NULL,17545.32,'2022-06-25 21:00:00',NULL),(344,NULL,32,11,NULL,11572.70,'2021-12-10 21:00:00',NULL),(345,79,NULL,15,2479.91,NULL,'2022-03-22 21:00:00',NULL),(346,NULL,101,9,NULL,17517.78,'2021-10-30 21:00:00',NULL),(347,33,NULL,20,1923.81,NULL,'2022-01-16 21:00:00',NULL),(348,4,NULL,17,211.25,NULL,'2022-07-14 21:00:00',NULL),(349,NULL,54,8,NULL,1772.01,'2022-01-26 21:00:00',NULL),(350,NULL,110,12,NULL,16040.64,'2022-07-07 21:00:00',NULL),(351,NULL,74,3,NULL,1058.45,'2021-09-27 21:00:00',NULL),(352,NULL,71,8,NULL,39.20,'2021-09-04 21:00:00',NULL),(353,NULL,48,4,NULL,18546.82,'2022-07-03 21:00:00',NULL),(354,41,NULL,17,201.37,NULL,'2021-10-29 21:00:00',NULL),(355,NULL,37,4,NULL,8003.78,'2021-12-28 21:00:00',NULL),(356,46,25,NULL,105.98,3842.40,'2022-03-21 21:00:00','Перевод'),(357,NULL,38,11,NULL,213.42,'2021-09-09 21:00:00',NULL),(358,100,NULL,19,12559.40,NULL,'2022-07-14 21:00:00',NULL),(359,NULL,109,7,NULL,1559.71,'2021-09-04 21:00:00',NULL),(360,NULL,56,8,NULL,5385.66,'2021-10-21 21:00:00',NULL),(361,60,NULL,18,5748.19,NULL,'2022-01-08 21:00:00',NULL),(362,NULL,91,6,NULL,5912.57,'2022-08-27 21:00:00',NULL),(363,115,NULL,20,13278.12,NULL,'2022-01-25 21:00:00',NULL),(364,126,NULL,16,11262.63,NULL,'2022-03-30 21:00:00',NULL),(365,NULL,88,4,NULL,10.44,'2022-07-30 21:00:00',NULL),(366,NULL,116,10,NULL,2230.35,'2022-02-01 21:00:00',NULL),(367,NULL,140,3,NULL,13583.34,'2022-05-29 21:00:00',NULL),(368,122,NULL,20,19654.34,NULL,'2022-07-22 21:00:00',NULL),(369,NULL,22,2,NULL,223.27,'2021-09-09 21:00:00',NULL),(370,20,NULL,18,16.21,NULL,'2022-02-08 21:00:00',NULL),(371,118,NULL,16,6654.19,NULL,'2022-03-08 21:00:00',NULL),(372,NULL,78,11,NULL,1587.31,'2021-12-29 21:00:00',NULL),(373,NULL,35,13,NULL,713.48,'2022-08-14 21:00:00',NULL),(374,2,17,NULL,1619.49,12993.94,'2021-12-18 21:00:00','Перевод'),(375,NULL,140,7,NULL,2118.37,'2021-11-18 21:00:00',NULL),(376,88,NULL,19,116.82,NULL,'2022-07-28 21:00:00',NULL),(377,94,77,NULL,273.53,12733.49,'2021-09-03 21:00:00','Перевод'),(378,NULL,104,4,NULL,7271.27,'2021-11-15 21:00:00',NULL),(379,78,NULL,18,6744.02,NULL,'2022-08-22 21:00:00',NULL),(380,127,NULL,15,190.65,NULL,'2022-01-28 21:00:00',NULL),(381,25,NULL,5,11993.81,NULL,'2022-08-22 21:00:00',NULL),(382,NULL,80,12,NULL,15280.56,'2022-03-15 21:00:00',NULL),(383,46,NULL,15,23.62,NULL,'2022-05-21 21:00:00',NULL),(384,NULL,99,11,NULL,5091.85,'2022-03-12 21:00:00',NULL),(385,55,NULL,1,3167.70,NULL,'2022-03-14 21:00:00',NULL),(386,NULL,41,13,NULL,138.61,'2022-01-18 21:00:00',NULL),(387,NULL,90,9,NULL,5935.09,'2022-01-29 21:00:00',NULL),(388,5,118,NULL,194.77,2881.77,'2022-07-30 21:00:00','Перевод'),(389,5,109,NULL,77.30,1542.38,'2022-08-10 21:00:00','Перевод'),(390,NULL,99,14,NULL,8913.66,'2022-01-15 21:00:00',NULL),(391,87,NULL,5,11196.29,NULL,'2022-06-24 21:00:00',NULL),(392,128,NULL,17,119.03,NULL,'2022-03-09 21:00:00',NULL),(393,39,NULL,15,1981.25,NULL,'2021-12-21 21:00:00',NULL),(394,NULL,40,10,NULL,5223.46,'2021-09-28 21:00:00',NULL),(395,51,111,NULL,170.87,18214.71,'2022-07-29 21:00:00','Перевод'),(396,NULL,105,3,NULL,19139.85,'2022-06-23 21:00:00',NULL),(397,127,NULL,5,241.16,NULL,'2022-07-22 21:00:00',NULL),(398,NULL,84,10,NULL,181.46,'2021-12-01 21:00:00',NULL),(399,NULL,58,7,NULL,12404.32,'2022-03-31 21:00:00',NULL),(400,56,NULL,20,19807.60,NULL,'2021-09-01 21:00:00',NULL),(401,NULL,68,13,NULL,16063.20,'2022-05-22 21:00:00',NULL),(402,NULL,9,6,NULL,67.18,'2022-04-08 21:00:00',NULL),(403,NULL,91,4,NULL,5185.04,'2021-11-30 21:00:00',NULL),(404,NULL,52,8,NULL,7699.08,'2021-11-23 21:00:00',NULL),(405,42,NULL,5,1349.03,NULL,'2022-05-27 21:00:00',NULL),(406,NULL,94,6,NULL,68.67,'2021-12-30 21:00:00',NULL),(407,68,NULL,16,6387.98,NULL,'2021-12-31 21:00:00',NULL),(408,132,NULL,1,1825.35,NULL,'2022-05-17 21:00:00',NULL),(409,NULL,38,2,NULL,129.67,'2022-03-22 21:00:00',NULL),(410,139,NULL,19,498.94,NULL,'2022-08-10 21:00:00',NULL),(411,88,NULL,15,155.96,NULL,'2021-12-07 21:00:00',NULL),(412,18,NULL,20,983.24,NULL,'2022-05-22 21:00:00',NULL),(413,127,NULL,17,210.50,NULL,'2022-05-29 21:00:00',NULL),(414,NULL,64,12,NULL,1902.94,'2022-01-02 21:00:00',NULL),(415,17,NULL,18,12172.46,NULL,'2022-03-05 21:00:00',NULL),(416,NULL,71,12,NULL,60.10,'2022-01-27 21:00:00',NULL),(417,NULL,131,6,NULL,77.61,'2022-01-06 21:00:00',NULL),(418,NULL,8,2,NULL,115.62,'2021-09-01 21:00:00',NULL),(419,NULL,68,14,NULL,397.28,'2022-02-13 21:00:00',NULL),(420,NULL,44,12,NULL,9436.47,'2021-11-07 21:00:00',NULL),(421,NULL,35,13,NULL,420.92,'2021-10-30 21:00:00',NULL),(422,47,NULL,5,131.27,NULL,'2021-10-07 21:00:00',NULL),(423,NULL,31,12,NULL,8678.80,'2022-05-06 21:00:00',NULL),(424,NULL,74,10,NULL,655.44,'2021-10-27 21:00:00',NULL),(425,NULL,89,12,NULL,17321.94,'2021-12-28 21:00:00',NULL),(426,28,10,NULL,588.69,58.15,'2021-11-16 21:00:00','Перевод'),(427,NULL,19,9,NULL,153.24,'2022-01-20 21:00:00',NULL),(428,NULL,88,12,NULL,206.25,'2022-04-02 21:00:00',NULL),(429,127,NULL,15,183.58,NULL,'2021-10-02 21:00:00',NULL),(430,NULL,65,11,NULL,15750.15,'2022-06-16 21:00:00',NULL),(431,NULL,22,2,NULL,85.20,'2021-10-02 21:00:00',NULL),(432,NULL,19,2,NULL,117.96,'2022-08-30 21:00:00',NULL),(433,79,NULL,16,5032.03,NULL,'2022-04-20 21:00:00',NULL),(434,NULL,39,9,NULL,905.15,'2022-01-16 21:00:00',NULL),(435,12,NULL,19,2081.40,NULL,'2022-07-06 21:00:00',NULL),(436,NULL,27,11,NULL,144.47,'2021-11-14 21:00:00',NULL),(437,NULL,128,7,NULL,35.42,'2022-06-16 21:00:00',NULL),(438,NULL,45,12,NULL,17573.23,'2022-01-04 21:00:00',NULL),(439,NULL,90,14,NULL,14456.82,'2022-07-24 21:00:00',NULL),(440,28,NULL,17,11690.19,NULL,'2021-11-12 21:00:00',NULL),(441,NULL,60,13,NULL,17677.62,'2022-01-07 21:00:00',NULL),(442,NULL,137,11,NULL,18183.51,'2022-05-13 21:00:00',NULL),(443,NULL,79,12,NULL,3767.64,'2021-11-22 21:00:00',NULL),(444,NULL,29,6,NULL,9635.43,'2022-03-16 21:00:00',NULL),(445,NULL,101,10,NULL,18526.61,'2022-05-05 21:00:00',NULL),(446,32,NULL,19,13733.26,NULL,'2021-09-21 21:00:00',NULL),(447,NULL,94,12,NULL,197.50,'2021-11-18 21:00:00',NULL),(448,52,NULL,1,3548.40,NULL,'2022-01-17 21:00:00',NULL),(449,NULL,47,6,NULL,62.56,'2021-09-20 21:00:00',NULL),(450,NULL,15,9,NULL,174.41,'2022-08-13 21:00:00',NULL),(451,NULL,92,8,NULL,280.25,'2022-08-10 21:00:00',NULL),(452,NULL,105,13,NULL,9250.36,'2021-10-03 21:00:00',NULL),(453,NULL,19,12,NULL,206.32,'2022-05-20 21:00:00',NULL),(454,NULL,20,7,NULL,180.17,'2022-01-30 21:00:00',NULL),(455,NULL,69,9,NULL,197.97,'2022-03-27 21:00:00',NULL),(456,41,NULL,20,100.14,NULL,'2021-10-27 21:00:00',NULL),(457,63,63,NULL,4880.54,12510.84,'2022-06-21 21:00:00','Перевод'),(458,NULL,75,14,NULL,26.64,'2022-06-13 21:00:00',NULL),(459,NULL,29,14,NULL,1620.95,'2021-11-19 21:00:00',NULL),(460,133,NULL,5,1947.64,NULL,'2022-06-12 21:00:00',NULL),(461,NULL,22,11,NULL,75.97,'2022-07-08 21:00:00',NULL),(462,129,NULL,1,1536.65,NULL,'2022-06-07 21:00:00',NULL),(463,73,NULL,20,8705.37,NULL,'2022-08-10 21:00:00',NULL),(464,NULL,59,13,NULL,19231.74,'2022-02-04 21:00:00',NULL),(465,NULL,90,12,NULL,16605.72,'2021-10-07 21:00:00',NULL),(466,NULL,24,7,NULL,179.60,'2021-11-21 21:00:00',NULL),(467,9,NULL,15,13.25,NULL,'2022-01-11 21:00:00',NULL),(468,NULL,13,14,NULL,10409.75,'2022-02-19 21:00:00',NULL),(469,135,NULL,15,3477.55,NULL,'2022-06-17 21:00:00',NULL),(470,104,NULL,19,12758.39,NULL,'2022-03-04 21:00:00',NULL),(471,NULL,54,13,NULL,5100.27,'2022-08-03 21:00:00',NULL),(472,NULL,84,10,NULL,12.01,'2022-04-16 21:00:00',NULL),(473,NULL,53,12,NULL,576.81,'2022-01-21 21:00:00',NULL),(474,NULL,34,8,NULL,16752.26,'2022-07-13 21:00:00',NULL),(475,20,113,NULL,314.07,3400.36,'2022-07-08 21:00:00','Перевод'),(476,NULL,133,7,NULL,1315.09,'2021-11-25 21:00:00',NULL),(477,NULL,72,13,NULL,15133.97,'2022-04-17 21:00:00',NULL),(478,NULL,32,3,NULL,5269.85,'2022-08-08 21:00:00',NULL),(479,NULL,82,11,NULL,238.27,'2022-05-05 21:00:00',NULL),(480,12,NULL,5,477.83,NULL,'2022-04-14 21:00:00',NULL),(481,NULL,120,3,NULL,846.84,'2022-06-06 21:00:00',NULL),(482,88,88,NULL,176.39,53.47,'2022-02-20 21:00:00','Перевод'),(483,NULL,94,3,NULL,118.30,'2022-01-20 21:00:00',NULL),(484,NULL,118,14,NULL,1743.42,'2022-01-08 21:00:00',NULL),(485,58,NULL,16,13486.46,NULL,'2022-02-27 21:00:00',NULL),(486,125,NULL,18,53.96,NULL,'2021-10-05 21:00:00',NULL),(487,10,NULL,18,186.72,NULL,'2022-05-14 21:00:00',NULL),(488,NULL,49,10,NULL,18291.90,'2022-04-01 21:00:00',NULL),(489,NULL,108,8,NULL,190.81,'2022-08-03 21:00:00',NULL),(490,NULL,102,7,NULL,17.21,'2021-11-07 21:00:00',NULL),(491,NULL,41,14,NULL,178.07,'2022-04-16 21:00:00',NULL),(492,NULL,88,9,NULL,27.39,'2022-08-03 21:00:00',NULL),(493,77,NULL,17,2225.84,NULL,'2021-12-29 21:00:00',NULL),(494,16,NULL,1,13493.78,NULL,'2021-12-06 21:00:00',NULL),(495,132,NULL,15,16507.64,NULL,'2022-06-29 21:00:00',NULL),(496,NULL,107,3,NULL,5283.64,'2021-09-10 21:00:00',NULL),(497,NULL,47,11,NULL,104.26,'2021-10-05 21:00:00',NULL),(498,40,NULL,16,12592.19,NULL,'2022-07-23 21:00:00',NULL),(499,NULL,71,14,NULL,151.81,'2022-03-04 21:00:00',NULL),(500,NULL,125,14,NULL,1328.41,'2022-04-26 21:00:00',NULL),(501,26,132,NULL,243.49,1167.13,'2022-08-30 21:00:00','Перевод'),(502,NULL,107,11,NULL,768.39,'2022-08-20 21:00:00',NULL),(503,13,NULL,17,6609.38,NULL,'2022-07-26 21:00:00',NULL),(504,NULL,7,8,NULL,8388.92,'2022-06-06 21:00:00',NULL),(505,NULL,21,13,NULL,14808.42,'2021-10-03 21:00:00',NULL),(506,NULL,38,14,NULL,60.70,'2022-02-17 21:00:00',NULL),(507,NULL,44,11,NULL,8505.77,'2021-10-26 21:00:00',NULL),(508,20,NULL,18,68.06,NULL,'2021-12-02 21:00:00',NULL),(509,NULL,111,8,NULL,16757.23,'2021-09-24 21:00:00',NULL),(510,13,NULL,15,5059.09,NULL,'2022-07-24 21:00:00',NULL),(511,NULL,98,2,NULL,1755.95,'2022-06-22 21:00:00',NULL),(512,139,NULL,16,14172.94,NULL,'2022-03-23 21:00:00',NULL),(513,47,NULL,15,123.72,NULL,'2022-07-04 21:00:00',NULL),(514,56,NULL,5,3283.44,NULL,'2022-04-26 21:00:00',NULL),(515,NULL,35,9,NULL,1633.17,'2022-07-17 21:00:00',NULL),(516,NULL,14,10,NULL,1247.51,'2022-06-19 21:00:00',NULL),(517,116,NULL,1,13597.83,NULL,'2021-11-04 21:00:00',NULL),(518,57,NULL,18,216.79,NULL,'2022-04-17 21:00:00',NULL),(519,64,NULL,17,2087.65,NULL,'2022-05-19 21:00:00',NULL),(520,40,NULL,16,17440.60,NULL,'2022-05-08 21:00:00',NULL),(521,NULL,101,10,NULL,9887.42,'2021-09-26 21:00:00',NULL),(522,33,NULL,15,408.90,NULL,'2022-08-28 21:00:00',NULL),(523,NULL,31,7,NULL,17118.21,'2021-12-19 21:00:00',NULL),(524,34,NULL,17,19786.13,NULL,'2021-12-05 21:00:00',NULL),(525,NULL,41,11,NULL,254.57,'2022-06-21 21:00:00',NULL),(526,NULL,98,7,NULL,1003.12,'2021-09-19 21:00:00',NULL),(527,NULL,38,12,NULL,21.68,'2022-03-05 21:00:00',NULL),(528,NULL,36,11,NULL,12732.74,'2022-05-20 21:00:00',NULL),(529,125,NULL,17,44.17,NULL,'2022-05-22 21:00:00',NULL),(530,NULL,111,12,NULL,6113.32,'2022-08-28 21:00:00',NULL),(531,NULL,105,14,NULL,10523.86,'2022-06-26 21:00:00',NULL),(532,NULL,62,10,NULL,6138.89,'2021-10-14 21:00:00',NULL),(533,NULL,49,6,NULL,11740.09,'2022-03-31 21:00:00',NULL),(534,NULL,105,7,NULL,12669.11,'2022-05-11 21:00:00',NULL),(535,NULL,73,4,NULL,12430.52,'2022-04-17 21:00:00',NULL),(536,NULL,88,3,NULL,227.57,'2022-08-16 21:00:00',NULL),(537,60,NULL,19,4349.18,NULL,'2022-05-06 21:00:00',NULL),(538,61,35,NULL,151.46,1174.09,'2022-05-21 21:00:00','Перевод'),(539,NULL,113,8,NULL,8931.64,'2021-09-28 21:00:00',NULL),(540,4,NULL,15,6.06,NULL,'2021-11-13 21:00:00',NULL),(541,16,NULL,1,17835.85,NULL,'2021-09-20 21:00:00',NULL),(542,NULL,83,14,NULL,6739.52,'2022-02-11 21:00:00',NULL),(543,80,NULL,5,5224.92,NULL,'2022-03-06 21:00:00',NULL),(544,57,NULL,20,209.19,NULL,'2022-05-26 21:00:00',NULL),(545,85,27,NULL,3887.48,92.92,'2022-05-14 21:00:00','Перевод'),(546,61,NULL,15,8.45,NULL,'2022-03-25 21:00:00',NULL),(547,NULL,3,14,NULL,4482.49,'2022-01-28 21:00:00',NULL),(548,77,NULL,5,16814.80,NULL,'2022-04-28 21:00:00',NULL),(549,65,NULL,15,3294.77,NULL,'2022-08-02 21:00:00',NULL),(550,NULL,15,6,NULL,1249.40,'2022-08-12 21:00:00',NULL),(551,NULL,12,14,NULL,1167.21,'2022-05-11 21:00:00',NULL),(552,47,NULL,15,34.93,NULL,'2022-03-18 21:00:00',NULL),(553,114,NULL,20,5268.15,NULL,'2021-11-23 21:00:00',NULL),(554,NULL,123,3,NULL,2763.34,'2022-08-04 21:00:00',NULL),(555,NULL,121,3,NULL,3117.98,'2022-03-29 21:00:00',NULL),(556,NULL,4,8,NULL,171.35,'2022-07-21 21:00:00',NULL),(557,27,NULL,1,123.32,NULL,'2021-12-30 21:00:00',NULL),(558,111,NULL,15,5372.87,NULL,'2022-07-04 21:00:00',NULL),(559,6,NULL,5,17021.39,NULL,'2022-04-01 21:00:00',NULL),(560,115,NULL,16,8596.56,NULL,'2022-04-04 21:00:00',NULL),(561,NULL,15,2,NULL,1968.97,'2021-11-11 21:00:00',NULL),(562,NULL,34,4,NULL,1401.24,'2021-12-02 21:00:00',NULL),(563,45,NULL,20,19067.06,NULL,'2022-07-04 21:00:00',NULL),(564,NULL,66,14,NULL,19531.48,'2021-11-22 21:00:00',NULL),(565,NULL,15,11,NULL,1738.47,'2022-06-23 21:00:00',NULL),(566,113,NULL,5,11872.86,NULL,'2022-08-11 21:00:00',NULL),(567,NULL,36,13,NULL,19992.66,'2022-07-31 21:00:00',NULL),(568,NULL,105,2,NULL,6272.14,'2022-02-27 21:00:00',NULL),(569,NULL,39,3,NULL,2166.71,'2021-11-11 21:00:00',NULL),(570,NULL,48,11,NULL,10417.35,'2022-01-04 21:00:00',NULL),(571,103,NULL,17,197.28,NULL,'2022-01-30 21:00:00',NULL),(572,111,NULL,17,2321.54,NULL,'2021-11-24 21:00:00',NULL),(573,49,NULL,20,375.92,NULL,'2022-06-02 21:00:00',NULL),(574,19,NULL,17,147.30,NULL,'2022-02-16 21:00:00',NULL),(575,36,NULL,20,4786.57,NULL,'2021-11-26 21:00:00',NULL),(576,12,NULL,17,805.51,NULL,'2021-11-09 21:00:00',NULL),(577,135,NULL,1,15000.64,NULL,'2021-11-14 21:00:00',NULL),(578,NULL,140,14,NULL,19963.64,'2022-04-02 21:00:00',NULL),(579,NULL,87,8,NULL,3064.73,'2021-12-08 21:00:00',NULL),(580,NULL,3,4,NULL,8031.43,'2022-07-08 21:00:00',NULL),(581,5,NULL,5,159.77,NULL,'2021-09-24 21:00:00',NULL),(582,NULL,15,9,NULL,1989.21,'2021-11-29 21:00:00',NULL),(583,129,NULL,15,249.73,NULL,'2022-02-19 21:00:00',NULL),(584,NULL,113,12,NULL,1150.59,'2021-10-26 21:00:00',NULL),(585,NULL,104,8,NULL,14773.04,'2022-03-10 21:00:00',NULL),(586,87,NULL,20,9932.66,NULL,'2021-12-31 21:00:00',NULL),(587,NULL,129,8,NULL,781.57,'2022-05-28 21:00:00',NULL),(588,NULL,78,2,NULL,16424.43,'2022-08-11 21:00:00',NULL),(589,NULL,37,3,NULL,9983.92,'2022-03-05 21:00:00',NULL),(590,NULL,8,4,NULL,149.73,'2022-03-06 21:00:00',NULL),(591,NULL,21,13,NULL,4548.25,'2022-04-27 21:00:00',NULL),(592,62,NULL,20,12427.59,NULL,'2022-04-08 21:00:00',NULL),(593,41,NULL,20,172.47,NULL,'2021-09-28 21:00:00',NULL),(594,NULL,67,11,NULL,281.50,'2022-08-09 21:00:00',NULL),(595,NULL,26,3,NULL,268.25,'2022-06-14 21:00:00',NULL),(596,NULL,125,4,NULL,1535.94,'2021-10-07 21:00:00',NULL),(597,34,NULL,17,2951.18,NULL,'2021-09-23 21:00:00',NULL),(598,90,NULL,5,4281.82,NULL,'2022-07-09 21:00:00',NULL),(599,116,NULL,17,7410.27,NULL,'2022-01-05 21:00:00',NULL),(600,NULL,138,9,NULL,49.87,'2022-02-23 21:00:00',NULL),(601,2,72,NULL,1352.06,19889.47,'2022-04-16 21:00:00','Перевод'),(602,72,NULL,1,17340.13,NULL,'2021-10-30 21:00:00',NULL),(603,99,NULL,19,7399.54,NULL,'2022-07-19 21:00:00',NULL),(604,136,NULL,15,35.35,NULL,'2022-02-28 21:00:00',NULL),(605,33,78,NULL,1630.37,10474.01,'2022-04-05 21:00:00','Перевод'),(606,68,NULL,5,5403.71,NULL,'2022-08-28 21:00:00',NULL),(607,134,NULL,5,13672.09,NULL,'2022-01-05 21:00:00',NULL),(608,NULL,5,7,NULL,71.11,'2022-07-25 21:00:00',NULL),(609,NULL,25,3,NULL,10398.80,'2022-03-24 21:00:00',NULL),(610,131,NULL,20,55.74,NULL,'2021-10-28 21:00:00',NULL),(611,120,NULL,16,12572.88,NULL,'2022-06-19 21:00:00',NULL),(612,NULL,87,8,NULL,18736.77,'2022-08-13 21:00:00',NULL),(613,NULL,23,6,NULL,2201.29,'2021-10-20 21:00:00',NULL),(614,NULL,50,4,NULL,19309.99,'2021-12-16 21:00:00',NULL),(615,15,118,NULL,211.51,11211.40,'2022-08-25 21:00:00','Перевод'),(616,NULL,19,14,NULL,136.11,'2022-05-08 21:00:00',NULL),(617,NULL,130,14,NULL,121.49,'2021-10-09 21:00:00',NULL),(618,NULL,28,10,NULL,3719.27,'2022-04-01 21:00:00',NULL),(619,77,NULL,17,15697.89,NULL,'2022-03-18 21:00:00',NULL),(620,NULL,41,14,NULL,85.44,'2022-07-14 21:00:00',NULL),(621,55,NULL,5,5462.69,NULL,'2021-10-27 21:00:00',NULL),(622,NULL,133,11,NULL,1450.54,'2022-03-14 21:00:00',NULL),(623,22,NULL,15,169.30,NULL,'2021-11-22 21:00:00',NULL),(624,107,NULL,1,4517.26,NULL,'2021-10-12 21:00:00',NULL),(625,NULL,55,4,NULL,13227.36,'2021-11-10 21:00:00',NULL),(626,NULL,15,14,NULL,937.55,'2022-05-04 21:00:00',NULL),(627,131,NULL,20,174.76,NULL,'2021-11-07 21:00:00',NULL),(628,85,NULL,18,16699.95,NULL,'2022-01-14 21:00:00',NULL),(629,NULL,9,9,NULL,42.10,'2022-07-13 21:00:00',NULL),(630,NULL,72,11,NULL,8617.79,'2022-07-29 21:00:00',NULL),(631,2,NULL,17,2051.86,NULL,'2021-11-01 21:00:00',NULL),(632,NULL,54,6,NULL,9548.41,'2022-08-30 21:00:00',NULL),(633,NULL,101,3,NULL,331.57,'2022-08-29 21:00:00',NULL),(634,52,NULL,18,14791.22,NULL,'2021-12-09 21:00:00',NULL),(635,NULL,136,8,NULL,200.42,'2022-07-03 21:00:00',NULL),(636,NULL,67,12,NULL,59.39,'2021-12-15 21:00:00',NULL),(637,NULL,72,14,NULL,817.08,'2022-07-28 21:00:00',NULL),(638,NULL,88,4,NULL,138.07,'2021-12-25 21:00:00',NULL),(639,NULL,33,8,NULL,75.93,'2021-09-22 21:00:00',NULL),(640,84,60,NULL,10.39,13523.74,'2022-04-25 21:00:00','Перевод'),(641,NULL,7,8,NULL,4753.74,'2022-06-09 21:00:00',NULL),(642,1,4,NULL,97.99,146.26,'2021-12-31 21:00:00','Перевод'),(643,NULL,16,6,NULL,19710.91,'2021-10-08 21:00:00',NULL),(644,NULL,21,11,NULL,3439.40,'2021-12-29 21:00:00',NULL),(645,NULL,103,12,NULL,103.52,'2022-06-25 21:00:00',NULL),(646,NULL,26,12,NULL,17.24,'2022-03-08 21:00:00',NULL),(647,NULL,78,2,NULL,11732.46,'2021-09-19 21:00:00',NULL),(648,NULL,79,8,NULL,13187.82,'2022-08-11 21:00:00',NULL),(649,NULL,119,13,NULL,11388.98,'2022-02-21 21:00:00',NULL),(650,NULL,59,12,NULL,15451.75,'2021-09-22 21:00:00',NULL),(651,NULL,140,7,NULL,1992.69,'2022-07-05 21:00:00',NULL),(652,NULL,117,2,NULL,1608.61,'2022-05-17 21:00:00',NULL),(653,127,NULL,20,206.10,NULL,'2022-04-01 21:00:00',NULL),(654,4,NULL,5,251.37,NULL,'2022-07-14 21:00:00',NULL),(655,NULL,136,8,NULL,82.07,'2022-03-21 21:00:00',NULL),(656,NULL,122,11,NULL,18077.78,'2021-12-07 21:00:00',NULL),(657,NULL,119,13,NULL,16291.86,'2022-03-22 21:00:00',NULL),(658,NULL,39,13,NULL,451.54,'2022-07-11 21:00:00',NULL),(659,NULL,59,10,NULL,16156.87,'2022-07-11 21:00:00',NULL),(660,NULL,55,11,NULL,11752.20,'2022-04-07 21:00:00',NULL),(661,4,4,NULL,59.36,83.60,'2021-12-04 21:00:00','Перевод'),(662,73,21,NULL,9171.13,1618.81,'2022-07-09 21:00:00','Перевод'),(663,NULL,129,8,NULL,1057.46,'2022-03-17 21:00:00',NULL),(664,83,NULL,17,42.34,NULL,'2022-03-14 21:00:00',NULL),(665,133,76,NULL,382.39,2020.39,'2022-05-31 21:00:00','Перевод'),(666,NULL,117,2,NULL,601.61,'2022-06-12 21:00:00',NULL),(667,NULL,16,3,NULL,9902.46,'2022-04-17 21:00:00',NULL),(668,NULL,28,6,NULL,1784.05,'2021-11-28 21:00:00',NULL),(669,88,NULL,16,303.99,NULL,'2022-05-26 21:00:00',NULL),(670,38,NULL,19,216.91,NULL,'2022-08-20 21:00:00',NULL),(671,NULL,85,10,NULL,7686.59,'2021-09-12 21:00:00',NULL),(672,71,NULL,16,135.07,NULL,'2022-02-24 21:00:00',NULL),(673,NULL,136,13,NULL,36.98,'2022-05-10 21:00:00',NULL),(674,NULL,135,9,NULL,7364.15,'2022-02-15 21:00:00',NULL),(675,NULL,71,2,NULL,136.35,'2021-12-20 21:00:00',NULL),(676,NULL,133,9,NULL,1432.76,'2022-02-26 21:00:00',NULL),(677,130,NULL,5,154.18,NULL,'2021-12-30 21:00:00',NULL),(678,NULL,107,6,NULL,8549.52,'2022-08-10 21:00:00',NULL),(679,NULL,54,9,NULL,18688.77,'2021-11-20 21:00:00',NULL),(680,131,NULL,17,167.67,NULL,'2022-03-01 21:00:00',NULL),(681,53,NULL,15,2013.86,NULL,'2021-11-03 21:00:00',NULL),(682,NULL,98,4,NULL,1346.48,'2022-07-20 21:00:00',NULL),(683,NULL,38,9,NULL,34.87,'2022-01-07 21:00:00',NULL),(684,NULL,105,6,NULL,17778.05,'2022-07-19 21:00:00',NULL),(685,54,NULL,16,10027.28,NULL,'2022-08-02 21:00:00',NULL),(686,49,NULL,5,13415.22,NULL,'2022-04-18 21:00:00',NULL),(687,NULL,25,2,NULL,11459.50,'2022-08-21 21:00:00',NULL),(688,90,NULL,1,15610.31,NULL,'2021-10-26 21:00:00',NULL),(689,136,NULL,5,142.64,NULL,'2022-07-30 21:00:00',NULL),(690,102,NULL,20,94.95,NULL,'2022-04-10 21:00:00',NULL),(691,NULL,39,12,NULL,1967.72,'2021-12-08 21:00:00',NULL),(692,NULL,136,14,NULL,227.79,'2022-01-14 21:00:00',NULL),(693,65,NULL,5,10463.60,NULL,'2021-11-21 21:00:00',NULL),(694,NULL,105,10,NULL,18110.28,'2022-02-04 21:00:00',NULL),(695,NULL,48,8,NULL,14573.13,'2022-01-14 21:00:00',NULL),(696,109,NULL,16,1824.66,NULL,'2021-10-25 21:00:00',NULL),(697,76,NULL,15,1158.99,NULL,'2022-01-15 21:00:00',NULL),(698,16,119,NULL,15448.77,19676.61,'2022-04-12 21:00:00','Перевод'),(699,NULL,137,11,NULL,3489.95,'2021-12-16 21:00:00',NULL),(700,37,NULL,5,9949.58,NULL,'2021-12-31 21:00:00',NULL),(701,NULL,120,3,NULL,2290.46,'2022-07-09 21:00:00',NULL),(702,75,NULL,18,11212.94,NULL,'2021-09-04 21:00:00',NULL),(703,14,83,NULL,1922.73,18906.71,'2022-05-30 21:00:00','Перевод'),(704,54,NULL,20,2374.74,NULL,'2022-01-23 21:00:00',NULL),(705,52,NULL,17,14055.09,NULL,'2021-09-27 21:00:00',NULL),(706,NULL,53,8,NULL,713.49,'2022-06-26 21:00:00',NULL),(707,NULL,88,11,NULL,142.33,'2021-10-16 21:00:00',NULL),(708,129,NULL,15,1761.54,NULL,'2022-05-04 21:00:00',NULL),(709,5,NULL,18,320.84,NULL,'2022-08-25 21:00:00',NULL),(710,NULL,41,4,NULL,244.97,'2022-08-02 21:00:00',NULL),(711,NULL,140,10,NULL,15432.28,'2021-09-26 21:00:00',NULL),(712,90,NULL,18,15941.63,NULL,'2021-10-01 21:00:00',NULL),(713,57,NULL,16,214.77,NULL,'2022-07-13 21:00:00',NULL),(714,47,NULL,16,188.21,NULL,'2021-10-02 21:00:00',NULL),(715,NULL,138,10,NULL,79.06,'2021-10-01 21:00:00',NULL),(716,NULL,127,10,NULL,204.10,'2021-10-07 21:00:00',NULL),(717,NULL,46,12,NULL,203.36,'2022-04-20 21:00:00',NULL),(718,NULL,4,4,NULL,41.38,'2022-02-18 21:00:00',NULL),(719,17,NULL,20,19598.71,NULL,'2021-11-29 21:00:00',NULL),(720,NULL,26,14,NULL,201.60,'2022-08-14 21:00:00',NULL),(721,NULL,75,7,NULL,9081.22,'2022-01-25 21:00:00',NULL),(722,101,NULL,15,1470.75,NULL,'2021-11-01 21:00:00',NULL),(723,NULL,79,12,NULL,9557.87,'2022-03-09 21:00:00',NULL),(724,71,71,NULL,91.15,86.50,'2021-12-27 21:00:00','Перевод'),(725,NULL,50,2,NULL,6877.72,'2021-09-26 21:00:00',NULL),(726,17,NULL,5,14393.07,NULL,'2022-02-12 21:00:00',NULL),(727,124,NULL,16,495.90,NULL,'2021-11-22 21:00:00',NULL),(728,NULL,59,7,NULL,933.51,'2022-03-04 21:00:00',NULL),(729,8,NULL,20,29.95,NULL,'2022-08-14 21:00:00',NULL),(730,124,124,NULL,374.76,595.89,'2022-06-18 21:00:00','Перевод'),(731,50,116,NULL,3361.64,12590.49,'2022-02-05 21:00:00','Перевод'),(732,NULL,82,12,NULL,150.58,'2021-11-29 21:00:00',NULL),(733,NULL,25,10,NULL,12247.93,'2022-03-03 21:00:00',NULL),(734,13,NULL,1,754.31,NULL,'2022-05-06 21:00:00',NULL),(735,NULL,28,10,NULL,5305.34,'2022-01-25 21:00:00',NULL),(736,58,NULL,20,4708.24,NULL,'2022-03-13 21:00:00',NULL),(737,91,NULL,16,3944.34,NULL,'2022-01-08 21:00:00',NULL),(738,136,NULL,15,54.53,NULL,'2021-09-10 21:00:00',NULL),(739,20,NULL,15,117.64,NULL,'2022-05-29 21:00:00',NULL),(740,NULL,70,8,NULL,5254.89,'2022-06-05 21:00:00',NULL),(741,NULL,53,3,NULL,816.93,'2021-09-11 21:00:00',NULL),(742,134,NULL,19,18698.66,NULL,'2022-06-27 21:00:00',NULL),(743,16,126,NULL,17509.21,16647.60,'2022-05-25 21:00:00','Перевод'),(744,130,NULL,16,151.48,NULL,'2021-12-04 21:00:00',NULL),(745,NULL,26,9,NULL,102.38,'2022-01-30 21:00:00',NULL),(746,NULL,3,2,NULL,1556.21,'2022-07-20 21:00:00',NULL),(747,119,NULL,18,8931.05,NULL,'2022-04-20 21:00:00',NULL),(748,89,47,NULL,11652.53,306.81,'2022-05-23 21:00:00','Перевод'),(749,36,NULL,18,14647.17,NULL,'2021-12-13 21:00:00',NULL),(750,NULL,87,14,NULL,15985.69,'2022-03-23 21:00:00',NULL),(751,NULL,16,13,NULL,7026.09,'2022-05-21 21:00:00',NULL),(752,62,NULL,1,6366.81,NULL,'2021-09-29 21:00:00',NULL),(753,21,21,NULL,5245.26,8578.65,'2022-07-24 21:00:00','Перевод'),(754,NULL,53,3,NULL,228.35,'2021-10-14 21:00:00',NULL),(755,NULL,116,6,NULL,1166.19,'2022-02-22 21:00:00',NULL),(756,20,NULL,19,226.82,NULL,'2022-05-28 21:00:00',NULL),(757,NULL,79,9,NULL,13393.92,'2021-09-21 21:00:00',NULL),(758,NULL,62,13,NULL,1310.12,'2022-01-16 21:00:00',NULL),(759,94,NULL,18,26.98,NULL,'2021-11-30 21:00:00',NULL),(760,15,NULL,19,175.05,NULL,'2021-12-11 21:00:00',NULL),(761,NULL,119,10,NULL,16984.57,'2022-08-07 21:00:00',NULL),(762,59,NULL,20,8117.98,NULL,'2021-10-22 21:00:00',NULL),(763,NULL,82,11,NULL,99.44,'2021-11-06 21:00:00',NULL),(764,17,NULL,19,1070.23,NULL,'2021-10-30 21:00:00',NULL),(765,NULL,63,4,NULL,8231.50,'2022-07-09 21:00:00',NULL),(766,NULL,38,3,NULL,55.77,'2022-03-13 21:00:00',NULL),(767,NULL,39,10,NULL,1748.72,'2021-10-27 21:00:00',NULL),(768,111,100,NULL,8679.49,10290.31,'2022-01-15 21:00:00','Перевод'),(769,NULL,124,3,NULL,1346.38,'2022-02-15 21:00:00',NULL),(770,NULL,75,6,NULL,6053.38,'2022-05-16 21:00:00',NULL),(771,NULL,130,14,NULL,149.72,'2022-04-02 21:00:00',NULL),(772,4,NULL,5,80.80,NULL,'2021-12-23 21:00:00',NULL),(773,NULL,16,7,NULL,12681.10,'2022-03-18 21:00:00',NULL),(774,NULL,137,9,NULL,17387.00,'2022-01-30 21:00:00',NULL),(775,111,NULL,19,6106.80,NULL,'2022-06-08 21:00:00',NULL),(776,18,53,NULL,1726.70,1180.87,'2022-01-21 21:00:00','Перевод'),(777,12,NULL,20,1116.28,NULL,'2021-09-16 21:00:00',NULL),(778,91,NULL,17,14867.54,NULL,'2022-05-31 21:00:00',NULL),(779,NULL,135,3,NULL,2298.09,'2021-10-12 21:00:00',NULL),(780,122,NULL,17,4998.95,NULL,'2022-04-09 21:00:00',NULL),(781,NULL,39,11,NULL,1370.25,'2022-04-04 21:00:00',NULL),(782,NULL,19,12,NULL,322.46,'2022-08-11 21:00:00',NULL),(783,NULL,57,14,NULL,141.71,'2021-09-14 21:00:00',NULL),(784,NULL,103,6,NULL,90.49,'2022-06-25 21:00:00',NULL),(785,115,NULL,5,2030.10,NULL,'2022-02-04 21:00:00',NULL),(786,NULL,121,11,NULL,17178.51,'2022-01-01 21:00:00',NULL),(787,18,NULL,15,318.35,NULL,'2022-03-22 21:00:00',NULL),(788,NULL,91,7,NULL,14940.30,'2022-01-23 21:00:00',NULL),(789,NULL,92,2,NULL,166.71,'2022-04-22 21:00:00',NULL),(790,98,NULL,17,313.03,NULL,'2021-10-01 21:00:00',NULL),(791,72,NULL,19,5783.56,NULL,'2022-08-11 21:00:00',NULL),(792,20,NULL,17,134.41,NULL,'2022-03-25 21:00:00',NULL),(793,118,NULL,16,10528.14,NULL,'2022-01-10 21:00:00',NULL),(794,NULL,109,8,NULL,705.28,'2022-04-23 21:00:00',NULL),(795,112,138,NULL,227.90,329.39,'2022-06-13 21:00:00','Перевод'),(796,NULL,20,14,NULL,25.80,'2022-05-26 21:00:00',NULL),(797,111,NULL,18,11046.19,NULL,'2022-06-22 21:00:00',NULL),(798,NULL,49,4,NULL,12573.70,'2022-08-25 21:00:00',NULL),(799,NULL,133,9,NULL,1693.88,'2022-07-05 21:00:00',NULL),(800,NULL,1,8,NULL,165.36,'2022-03-14 21:00:00',NULL),(801,44,NULL,5,11642.80,NULL,'2022-05-20 21:00:00',NULL),(802,NULL,99,9,NULL,762.71,'2022-06-28 21:00:00',NULL),(803,87,NULL,15,8755.08,NULL,'2022-03-25 21:00:00',NULL),(804,63,NULL,16,5232.63,NULL,'2022-04-07 21:00:00',NULL),(805,NULL,137,3,NULL,5439.26,'2022-04-20 21:00:00',NULL),(806,130,NULL,18,179.43,NULL,'2022-04-28 21:00:00',NULL),(807,NULL,139,13,NULL,18655.94,'2021-11-16 21:00:00',NULL),(808,70,NULL,18,870.67,NULL,'2022-06-15 21:00:00',NULL),(809,NULL,62,4,NULL,6605.49,'2022-08-19 21:00:00',NULL),(810,NULL,137,2,NULL,11332.31,'2022-06-21 21:00:00',NULL),(811,NULL,87,8,NULL,8775.21,'2022-02-08 21:00:00',NULL),(812,98,NULL,15,2041.42,NULL,'2022-07-16 21:00:00',NULL),(813,107,NULL,17,7144.84,NULL,'2021-11-06 21:00:00',NULL),(814,NULL,66,14,NULL,13744.60,'2022-05-06 21:00:00',NULL),(815,NULL,123,14,NULL,11261.77,'2022-02-03 21:00:00',NULL),(816,134,NULL,19,6835.27,NULL,'2022-07-11 21:00:00',NULL),(817,NULL,85,14,NULL,7458.48,'2021-10-26 21:00:00',NULL),(818,39,NULL,5,247.42,NULL,'2021-10-14 21:00:00',NULL),(819,NULL,5,4,NULL,42.27,'2021-11-30 21:00:00',NULL),(820,NULL,32,14,NULL,1117.68,'2022-01-24 21:00:00',NULL),(821,NULL,115,10,NULL,3626.36,'2022-08-23 21:00:00',NULL),(822,123,NULL,15,16122.09,NULL,'2021-11-02 21:00:00',NULL),(823,NULL,46,9,NULL,85.88,'2022-05-15 21:00:00',NULL),(824,95,NULL,19,11765.95,NULL,'2021-09-28 21:00:00',NULL),(825,100,NULL,1,16201.23,NULL,'2021-12-26 21:00:00',NULL),(826,NULL,63,4,NULL,11198.04,'2022-06-09 21:00:00',NULL),(827,23,NULL,1,2753.46,NULL,'2021-09-08 21:00:00',NULL),(828,NULL,109,7,NULL,663.91,'2021-10-14 21:00:00',NULL),(829,109,NULL,1,905.79,NULL,'2022-08-20 21:00:00',NULL),(830,87,NULL,18,8480.05,NULL,'2022-01-22 21:00:00',NULL),(831,124,NULL,17,1393.92,NULL,'2022-01-15 21:00:00',NULL),(832,NULL,132,8,NULL,16756.06,'2022-08-02 21:00:00',NULL),(833,8,NULL,19,35.54,NULL,'2022-04-13 21:00:00',NULL),(834,NULL,96,13,NULL,8890.37,'2022-05-15 21:00:00',NULL),(835,NULL,3,8,NULL,16035.20,'2021-09-13 21:00:00',NULL),(836,NULL,2,14,NULL,341.43,'2022-08-18 21:00:00',NULL),(837,35,36,NULL,1094.08,14366.15,'2022-06-18 21:00:00','Перевод'),(838,NULL,81,7,NULL,8296.52,'2021-11-27 21:00:00',NULL),(839,NULL,48,9,NULL,3554.59,'2022-06-13 21:00:00',NULL),(840,45,17,NULL,19884.28,16306.45,'2022-07-20 21:00:00','Перевод'),(841,NULL,34,12,NULL,6146.74,'2022-03-12 21:00:00',NULL),(842,NULL,70,3,NULL,4608.04,'2022-01-19 21:00:00',NULL),(843,NULL,118,11,NULL,15753.65,'2021-11-06 21:00:00',NULL),(844,NULL,53,9,NULL,1678.09,'2022-06-29 21:00:00',NULL),(845,NULL,107,12,NULL,9396.53,'2022-04-08 21:00:00',NULL),(846,12,84,NULL,1936.19,79.58,'2022-06-07 21:00:00','Перевод'),(847,47,NULL,15,58.14,NULL,'2022-03-23 21:00:00',NULL),(848,94,NULL,18,105.35,NULL,'2022-06-21 21:00:00',NULL),(849,116,50,NULL,3665.54,8830.37,'2022-08-23 21:00:00','Перевод'),(850,90,NULL,1,13040.58,NULL,'2021-10-16 21:00:00',NULL),(851,78,NULL,5,14948.47,NULL,'2022-01-14 21:00:00',NULL),(852,1,NULL,1,42.16,NULL,'2021-11-08 21:00:00',NULL),(853,NULL,88,11,NULL,41.87,'2021-11-23 21:00:00',NULL),(854,119,NULL,5,5025.71,NULL,'2021-10-05 21:00:00',NULL),(855,NULL,49,2,NULL,15909.03,'2021-10-26 21:00:00',NULL),(856,115,NULL,1,11029.49,NULL,'2021-10-14 21:00:00',NULL),(857,NULL,105,12,NULL,12828.91,'2021-09-30 21:00:00',NULL),(858,NULL,64,4,NULL,88.71,'2022-06-07 21:00:00',NULL),(859,NULL,66,13,NULL,5986.11,'2022-06-30 21:00:00',NULL),(860,82,NULL,19,239.00,NULL,'2022-04-10 21:00:00',NULL),(861,NULL,126,2,NULL,4847.94,'2022-06-24 21:00:00',NULL),(862,111,NULL,17,16904.53,NULL,'2021-10-17 21:00:00',NULL),(863,52,NULL,20,604.80,NULL,'2021-09-10 21:00:00',NULL),(864,NULL,51,14,NULL,196.98,'2022-06-18 21:00:00',NULL),(865,132,NULL,15,14956.02,NULL,'2022-07-14 21:00:00',NULL),(866,NULL,67,14,NULL,149.47,'2021-10-14 21:00:00',NULL),(867,99,NULL,18,15845.08,NULL,'2021-09-15 21:00:00',NULL),(868,NULL,90,13,NULL,2567.56,'2021-10-13 21:00:00',NULL),(869,NULL,32,7,NULL,11416.51,'2021-10-18 21:00:00',NULL),(870,16,NULL,19,1300.66,NULL,'2022-06-07 21:00:00',NULL),(871,NULL,132,12,NULL,15060.31,'2022-08-26 21:00:00',NULL),(872,NULL,31,6,NULL,9836.74,'2022-08-29 21:00:00',NULL),(873,NULL,79,3,NULL,2549.89,'2022-06-27 21:00:00',NULL),(874,99,111,NULL,4615.23,10328.63,'2021-10-03 21:00:00','Перевод'),(875,138,NULL,16,175.12,NULL,'2022-04-19 21:00:00',NULL),(876,134,NULL,17,6028.23,NULL,'2022-01-20 21:00:00',NULL),(877,97,NULL,20,16232.61,NULL,'2021-11-12 21:00:00',NULL),(878,NULL,125,7,NULL,1978.23,'2022-08-13 21:00:00',NULL),(879,45,52,NULL,9599.30,18394.92,'2022-03-30 21:00:00','Перевод'),(880,NULL,26,11,NULL,187.34,'2022-03-04 21:00:00',NULL),(881,NULL,52,4,NULL,14393.47,'2021-09-30 21:00:00',NULL),(882,NULL,61,12,NULL,89.42,'2021-12-27 21:00:00',NULL),(883,NULL,84,10,NULL,64.05,'2021-11-08 21:00:00',NULL),(884,NULL,22,8,NULL,254.85,'2022-08-14 21:00:00',NULL),(885,40,NULL,18,6727.89,NULL,'2021-11-09 21:00:00',NULL),(886,85,NULL,17,127.21,NULL,'2022-03-27 21:00:00',NULL),(887,NULL,140,9,NULL,17895.12,'2022-05-05 21:00:00',NULL),(888,NULL,42,10,NULL,1054.90,'2021-10-10 21:00:00',NULL),(889,28,NULL,15,9043.08,NULL,'2022-07-21 21:00:00',NULL),(890,NULL,74,4,NULL,259.07,'2022-03-12 21:00:00',NULL),(891,NULL,28,11,NULL,2975.31,'2022-07-22 21:00:00',NULL),(892,3,NULL,20,9804.34,NULL,'2022-02-20 21:00:00',NULL),(893,NULL,120,11,NULL,7753.16,'2022-07-04 21:00:00',NULL),(894,NULL,12,12,NULL,1757.52,'2022-03-20 21:00:00',NULL),(895,NULL,22,7,NULL,141.17,'2021-12-16 21:00:00',NULL),(896,NULL,48,3,NULL,5887.53,'2022-01-02 21:00:00',NULL),(897,129,NULL,19,622.26,NULL,'2022-07-10 21:00:00',NULL),(898,NULL,56,13,NULL,16097.73,'2022-07-18 21:00:00',NULL),(899,102,NULL,18,103.89,NULL,'2021-12-07 21:00:00',NULL),(900,NULL,101,4,NULL,7249.78,'2021-12-20 21:00:00',NULL),(901,NULL,17,12,NULL,6964.39,'2021-12-06 21:00:00',NULL),(902,NULL,83,10,NULL,18983.42,'2022-03-08 21:00:00',NULL),(903,NULL,8,2,NULL,309.32,'2022-05-25 21:00:00',NULL),(904,138,NULL,17,213.46,NULL,'2022-07-24 21:00:00',NULL),(905,NULL,92,3,NULL,204.47,'2021-09-29 21:00:00',NULL),(906,124,NULL,16,419.72,NULL,'2021-12-05 21:00:00',NULL),(907,NULL,107,2,NULL,18097.68,'2022-04-26 21:00:00',NULL),(908,96,NULL,5,15059.97,NULL,'2022-02-14 21:00:00',NULL),(909,55,NULL,15,3769.64,NULL,'2021-10-14 21:00:00',NULL),(910,37,NULL,15,15795.22,NULL,'2022-02-17 21:00:00',NULL),(911,60,NULL,16,19579.09,NULL,'2022-02-26 21:00:00',NULL),(912,103,NULL,18,291.99,NULL,'2022-07-02 21:00:00',NULL),(913,35,NULL,19,1778.18,NULL,'2022-03-28 21:00:00',NULL),(914,NULL,54,10,NULL,2626.78,'2022-02-27 21:00:00',NULL),(915,NULL,110,7,NULL,16863.90,'2022-05-07 21:00:00',NULL),(916,63,NULL,20,1273.72,NULL,'2021-12-12 21:00:00',NULL),(917,NULL,79,9,NULL,10655.71,'2022-02-14 21:00:00',NULL),(918,133,NULL,5,1772.08,NULL,'2021-11-03 21:00:00',NULL),(919,NULL,31,13,NULL,2545.57,'2022-06-22 21:00:00',NULL),(920,NULL,69,14,NULL,30.55,'2021-10-26 21:00:00',NULL),(921,NULL,106,11,NULL,19727.20,'2021-10-31 21:00:00',NULL),(922,69,NULL,5,17.13,NULL,'2022-04-05 21:00:00',NULL),(923,91,NULL,17,12393.60,NULL,'2022-01-28 21:00:00',NULL),(924,93,NULL,5,167.78,NULL,'2021-11-25 21:00:00',NULL),(925,74,NULL,5,712.29,NULL,'2022-01-21 21:00:00',NULL),(926,NULL,15,14,NULL,40.20,'2022-06-01 21:00:00',NULL),(927,NULL,42,6,NULL,1474.17,'2022-04-23 21:00:00',NULL),(928,NULL,79,10,NULL,7370.48,'2022-05-24 21:00:00',NULL),(929,30,NULL,17,92.37,NULL,'2021-09-28 21:00:00',NULL),(930,134,NULL,19,1852.57,NULL,'2022-04-20 21:00:00',NULL),(931,NULL,133,14,NULL,988.95,'2022-06-19 21:00:00',NULL),(932,NULL,29,9,NULL,15190.90,'2022-06-07 21:00:00',NULL),(933,NULL,49,10,NULL,5062.91,'2022-08-16 21:00:00',NULL),(934,NULL,118,10,NULL,12405.86,'2022-01-30 21:00:00',NULL),(935,NULL,90,9,NULL,2489.11,'2022-03-22 21:00:00',NULL),(936,NULL,27,9,NULL,72.67,'2021-10-04 21:00:00',NULL),(937,22,NULL,20,55.21,NULL,'2021-09-26 21:00:00',NULL),(938,NULL,21,13,NULL,8940.65,'2021-10-09 21:00:00',NULL),(939,121,28,NULL,17761.14,7331.49,'2022-07-23 21:00:00','Перевод'),(940,95,122,NULL,6483.91,14327.05,'2022-04-02 21:00:00','Перевод'),(941,NULL,25,4,NULL,10327.34,'2022-04-28 21:00:00',NULL),(942,NULL,33,11,NULL,549.47,'2022-03-12 21:00:00',NULL),(943,NULL,34,2,NULL,15548.75,'2022-07-31 21:00:00',NULL),(944,62,NULL,15,19803.62,NULL,'2022-02-26 21:00:00',NULL),(945,38,NULL,16,223.98,NULL,'2022-08-14 21:00:00',NULL),(946,133,NULL,17,890.92,NULL,'2022-01-31 21:00:00',NULL),(947,NULL,72,3,NULL,9463.10,'2021-11-13 21:00:00',NULL),(948,NULL,8,2,NULL,182.23,'2021-10-11 21:00:00',NULL),(949,NULL,119,10,NULL,15965.59,'2021-09-19 21:00:00',NULL),(950,NULL,19,6,NULL,338.83,'2022-07-16 21:00:00',NULL),(951,NULL,29,9,NULL,15062.59,'2022-07-09 21:00:00',NULL),(952,90,25,NULL,9193.42,17134.31,'2022-04-07 21:00:00','Перевод'),(953,NULL,96,12,NULL,17172.25,'2022-02-21 21:00:00',NULL),(954,96,NULL,5,11876.95,NULL,'2022-02-24 21:00:00',NULL),(955,NULL,68,14,NULL,7263.32,'2021-09-11 21:00:00',NULL),(956,NULL,86,4,NULL,61.79,'2022-01-03 21:00:00',NULL),(957,54,87,NULL,917.76,17257.72,'2022-05-19 21:00:00','Перевод'),(958,NULL,71,3,NULL,109.86,'2021-10-14 21:00:00',NULL),(959,NULL,79,14,NULL,19891.63,'2022-07-13 21:00:00',NULL),(960,25,NULL,15,1692.45,NULL,'2022-08-07 21:00:00',NULL),(961,31,NULL,16,3141.97,NULL,'2022-06-03 21:00:00',NULL),(962,117,NULL,5,7923.29,NULL,'2022-07-06 21:00:00',NULL),(963,89,NULL,18,10082.59,NULL,'2021-10-08 21:00:00',NULL),(964,NULL,69,8,NULL,22.40,'2021-12-05 21:00:00',NULL),(965,NULL,6,11,NULL,8569.83,'2021-11-13 21:00:00',NULL),(966,42,NULL,18,576.75,NULL,'2022-05-26 21:00:00',NULL),(967,NULL,101,8,NULL,4954.73,'2021-10-30 21:00:00',NULL),(968,64,NULL,16,742.84,NULL,'2022-04-10 21:00:00',NULL),(969,NULL,124,11,NULL,976.45,'2021-10-29 21:00:00',NULL),(970,NULL,102,6,NULL,125.52,'2021-12-27 21:00:00',NULL),(971,99,27,NULL,10797.94,60.16,'2022-05-13 21:00:00','Перевод'),(972,102,NULL,20,37.85,NULL,'2022-08-05 21:00:00',NULL),(973,99,NULL,20,14179.76,NULL,'2022-01-04 21:00:00',NULL),(974,NULL,83,8,NULL,4561.88,'2021-09-09 21:00:00',NULL),(975,NULL,42,10,NULL,649.67,'2022-01-31 21:00:00',NULL),(976,NULL,112,14,NULL,114.67,'2022-02-05 21:00:00',NULL),(977,117,NULL,20,10237.42,NULL,'2021-11-27 21:00:00',NULL),(978,105,NULL,1,19278.85,NULL,'2022-03-19 21:00:00',NULL),(979,86,NULL,17,122.76,NULL,'2021-09-23 21:00:00',NULL),(980,27,NULL,15,148.89,NULL,'2021-09-21 21:00:00',NULL),(981,105,NULL,19,4218.41,NULL,'2021-09-14 21:00:00',NULL),(982,19,NULL,20,154.69,NULL,'2022-01-30 21:00:00',NULL),(983,NULL,95,13,NULL,7262.64,'2021-12-18 21:00:00',NULL),(984,NULL,43,7,NULL,1676.06,'2022-06-20 21:00:00',NULL),(985,NULL,91,9,NULL,17796.82,'2021-11-27 21:00:00',NULL),(986,NULL,11,6,NULL,225.65,'2022-08-23 21:00:00',NULL),(987,NULL,126,6,NULL,7933.61,'2022-02-17 21:00:00',NULL),(988,NULL,88,12,NULL,49.72,'2022-02-16 21:00:00',NULL),(989,NULL,72,11,NULL,18666.40,'2022-03-12 21:00:00',NULL),(990,NULL,116,6,NULL,3729.53,'2022-03-23 21:00:00',NULL),(991,NULL,74,7,NULL,992.52,'2021-09-03 21:00:00',NULL),(992,45,NULL,5,6060.19,NULL,'2022-04-30 21:00:00',NULL),(993,60,NULL,18,2223.69,NULL,'2021-10-08 21:00:00',NULL),(994,NULL,50,11,NULL,6023.45,'2021-12-18 21:00:00',NULL),(995,NULL,114,13,NULL,1041.83,'2022-02-25 21:00:00',NULL),(996,137,NULL,19,10104.73,NULL,'2022-04-27 21:00:00',NULL),(997,NULL,6,9,NULL,3435.46,'2021-11-22 21:00:00',NULL),(998,134,NULL,20,1548.71,NULL,'2022-08-27 21:00:00',NULL),(999,NULL,19,11,NULL,10.48,'2022-05-16 21:00:00',NULL),(1000,120,NULL,15,8835.13,NULL,'2021-11-22 21:00:00',NULL),(1001,NULL,60,12,NULL,9677.02,'2021-12-02 21:00:00',NULL),(1002,NULL,73,12,NULL,5636.03,'2022-06-28 21:00:00',NULL),(1003,NULL,133,9,NULL,1934.27,'2022-06-01 21:00:00',NULL),(1004,2,NULL,18,1319.04,NULL,'2021-12-17 21:00:00',NULL),(1005,NULL,50,7,NULL,11738.57,'2022-03-11 21:00:00',NULL),(1006,79,NULL,5,493.65,NULL,'2022-06-10 21:00:00',NULL),(1007,NULL,116,9,NULL,9984.70,'2022-05-01 21:00:00',NULL),(1008,NULL,98,12,NULL,1685.17,'2022-07-06 21:00:00',NULL),(1009,NULL,139,11,NULL,9886.05,'2022-06-14 21:00:00',NULL),(1010,30,NULL,20,103.38,NULL,'2021-09-06 21:00:00',NULL),(1011,105,NULL,16,13486.53,NULL,'2022-03-10 21:00:00',NULL),(1012,NULL,108,4,NULL,176.75,'2022-02-12 21:00:00',NULL),(1013,86,103,NULL,223.52,108.23,'2022-07-31 21:00:00','Перевод'),(1014,44,NULL,1,3800.87,NULL,'2022-02-01 21:00:00',NULL),(1015,NULL,19,7,NULL,215.76,'2022-04-26 21:00:00',NULL),(1016,115,NULL,1,5840.92,NULL,'2021-10-15 21:00:00',NULL),(1017,89,NULL,18,18366.65,NULL,'2022-04-20 21:00:00',NULL),(1018,39,NULL,15,2148.05,NULL,'2021-09-24 21:00:00',NULL),(1019,55,NULL,5,7552.18,NULL,'2022-05-22 21:00:00',NULL),(1020,107,120,NULL,9056.37,15317.24,'2022-07-29 21:00:00','Перевод'),(1021,NULL,20,13,NULL,175.40,'2021-09-03 21:00:00',NULL),(1022,NULL,50,11,NULL,2041.96,'2022-03-02 21:00:00',NULL),(1023,20,30,NULL,95.84,9.16,'2022-04-06 21:00:00','Перевод'),(1024,NULL,126,13,NULL,13172.03,'2022-02-04 21:00:00',NULL),(1025,61,NULL,1,2.28,NULL,'2021-12-04 21:00:00',NULL),(1026,NULL,114,7,NULL,7565.36,'2022-05-08 21:00:00',NULL),(1027,NULL,1,6,NULL,273.51,'2022-08-21 21:00:00',NULL),(1028,NULL,133,10,NULL,1176.94,'2022-06-12 21:00:00',NULL),(1029,41,NULL,20,204.17,NULL,'2021-10-15 21:00:00',NULL),(1030,120,NULL,17,13419.58,NULL,'2022-07-23 21:00:00',NULL),(1031,30,NULL,20,192.79,NULL,'2021-11-12 21:00:00',NULL),(1032,NULL,110,10,NULL,19468.20,'2022-03-26 21:00:00',NULL),(1033,NULL,92,8,NULL,272.83,'2022-08-16 21:00:00',NULL),(1034,NULL,34,2,NULL,17581.94,'2021-11-06 21:00:00',NULL),(1035,39,NULL,5,2205.26,NULL,'2021-12-11 21:00:00',NULL),(1036,NULL,125,4,NULL,983.28,'2022-01-27 21:00:00',NULL),(1037,69,128,NULL,154.44,34.38,'2022-04-27 21:00:00','Перевод'),(1038,87,NULL,15,1945.85,NULL,'2022-02-03 21:00:00',NULL),(1039,NULL,42,9,NULL,1255.19,'2021-10-21 21:00:00',NULL),(1040,22,111,NULL,41.74,18142.38,'2021-10-21 21:00:00','Перевод'),(1041,NULL,129,3,NULL,47.97,'2022-08-05 21:00:00',NULL),(1042,111,22,NULL,6363.67,221.78,'2021-09-06 21:00:00','Перевод'),(1043,NULL,61,3,NULL,82.75,'2021-10-03 21:00:00',NULL),(1044,40,NULL,16,6879.10,NULL,'2021-10-07 21:00:00',NULL),(1045,NULL,108,6,NULL,40.97,'2022-03-30 21:00:00',NULL),(1046,NULL,94,7,NULL,163.23,'2022-02-07 21:00:00',NULL),(1047,NULL,87,2,NULL,12020.78,'2022-05-17 21:00:00',NULL),(1048,72,NULL,17,12813.07,NULL,'2021-12-17 21:00:00',NULL),(1049,NULL,28,13,NULL,19910.79,'2021-12-02 21:00:00',NULL),(1050,35,NULL,15,1153.76,NULL,'2021-09-23 21:00:00',NULL),(1051,NULL,59,13,NULL,3958.48,'2022-06-08 21:00:00',NULL),(1052,4,NULL,19,150.20,NULL,'2021-10-26 21:00:00',NULL),(1053,NULL,123,6,NULL,15956.97,'2022-03-06 21:00:00',NULL),(1054,NULL,28,10,NULL,13772.96,'2022-05-25 21:00:00',NULL),(1055,NULL,82,9,NULL,109.47,'2021-11-18 21:00:00',NULL),(1056,124,NULL,19,1912.69,NULL,'2022-03-28 21:00:00',NULL),(1057,4,NULL,15,66.47,NULL,'2021-09-18 21:00:00',NULL),(1058,NULL,72,2,NULL,413.91,'2022-07-27 21:00:00',NULL),(1059,NULL,40,3,NULL,15918.59,'2022-06-10 21:00:00',NULL),(1060,102,NULL,15,218.25,NULL,'2021-12-17 21:00:00',NULL),(1061,NULL,124,9,NULL,1431.82,'2022-02-09 21:00:00',NULL),(1062,NULL,92,7,NULL,193.01,'2022-08-24 21:00:00',NULL),(1063,NULL,9,2,NULL,206.44,'2022-02-25 21:00:00',NULL),(1064,60,NULL,19,6987.94,NULL,'2022-06-27 21:00:00',NULL),(1065,NULL,32,13,NULL,16847.69,'2022-01-09 21:00:00',NULL),(1066,36,NULL,1,1699.93,NULL,'2022-04-12 21:00:00',NULL),(1067,NULL,112,4,NULL,172.20,'2021-10-12 21:00:00',NULL),(1068,NULL,3,2,NULL,14253.29,'2022-06-15 21:00:00',NULL),(1069,86,NULL,5,248.36,NULL,'2022-05-02 21:00:00',NULL),(1070,NULL,133,10,NULL,985.44,'2022-03-05 21:00:00',NULL),(1071,NULL,8,10,NULL,170.10,'2022-08-26 21:00:00',NULL),(1072,NULL,76,13,NULL,2130.31,'2021-09-02 21:00:00',NULL),(1073,12,NULL,16,1575.84,NULL,'2022-01-31 21:00:00',NULL),(1074,NULL,40,2,NULL,14706.90,'2021-10-16 21:00:00',NULL),(1075,NULL,70,6,NULL,12146.07,'2022-05-16 21:00:00',NULL),(1076,NULL,44,14,NULL,15867.92,'2022-07-14 21:00:00',NULL),(1077,45,NULL,18,11379.26,NULL,'2022-02-15 21:00:00',NULL),(1078,80,NULL,18,16800.43,NULL,'2021-12-06 21:00:00',NULL),(1079,70,NULL,20,7903.27,NULL,'2022-02-14 21:00:00',NULL),(1080,140,NULL,19,16188.07,NULL,'2022-01-01 21:00:00',NULL),(1081,NULL,120,3,NULL,17963.68,'2022-05-17 21:00:00',NULL),(1082,NULL,55,10,NULL,12173.89,'2022-04-24 21:00:00',NULL),(1083,99,NULL,16,18710.09,NULL,'2022-08-17 21:00:00',NULL),(1084,31,70,NULL,17286.46,12721.81,'2021-09-29 21:00:00','Перевод'),(1085,NULL,21,2,NULL,3321.33,'2022-07-15 21:00:00',NULL),(1086,26,NULL,17,203.54,NULL,'2022-01-05 21:00:00',NULL),(1087,80,NULL,17,2762.96,NULL,'2022-02-02 21:00:00',NULL),(1088,NULL,132,12,NULL,19307.97,'2022-08-10 21:00:00',NULL),(1089,64,NULL,15,1535.93,NULL,'2022-04-22 21:00:00',NULL),(1090,31,83,NULL,10610.03,8665.48,'2022-08-24 21:00:00','Перевод'),(1091,NULL,25,4,NULL,5522.57,'2021-10-31 21:00:00',NULL),(1092,91,NULL,20,10159.09,NULL,'2022-05-14 21:00:00',NULL),(1093,NULL,136,3,NULL,182.40,'2022-02-24 21:00:00',NULL),(1094,NULL,87,12,NULL,11226.71,'2022-04-16 21:00:00',NULL),(1095,23,NULL,18,13352.34,NULL,'2022-01-04 21:00:00',NULL),(1096,NULL,28,4,NULL,19588.47,'2022-03-12 21:00:00',NULL),(1097,NULL,51,2,NULL,264.12,'2022-07-15 21:00:00',NULL),(1098,NULL,1,12,NULL,22.99,'2021-11-15 21:00:00',NULL),(1099,19,NULL,17,257.65,NULL,'2021-10-23 21:00:00',NULL),(1100,38,NULL,16,245.09,NULL,'2022-06-16 21:00:00',NULL),(1101,104,NULL,5,16962.95,NULL,'2021-10-16 21:00:00',NULL),(1102,NULL,104,2,NULL,7666.05,'2022-06-22 21:00:00',NULL),(1103,NULL,103,3,NULL,89.06,'2021-12-04 21:00:00',NULL),(1104,86,NULL,19,18.39,NULL,'2022-05-01 21:00:00',NULL),(1105,NULL,39,7,NULL,979.77,'2021-12-10 21:00:00',NULL),(1106,NULL,17,6,NULL,3392.26,'2021-12-16 21:00:00',NULL),(1107,NULL,12,2,NULL,198.77,'2022-06-22 21:00:00',NULL),(1108,56,NULL,19,16020.40,NULL,'2021-11-28 21:00:00',NULL),(1109,106,NULL,15,10445.27,NULL,'2022-07-31 21:00:00',NULL),(1110,110,NULL,15,8392.03,NULL,'2021-10-08 21:00:00',NULL),(1111,NULL,137,2,NULL,627.18,'2022-08-17 21:00:00',NULL),(1112,NULL,47,3,NULL,100.18,'2022-04-12 21:00:00',NULL),(1113,83,NULL,5,4859.59,NULL,'2021-10-21 21:00:00',NULL),(1114,81,NULL,18,16947.90,NULL,'2022-01-09 21:00:00',NULL),(1115,NULL,48,12,NULL,8960.12,'2022-05-19 21:00:00',NULL),(1116,NULL,79,6,NULL,19148.22,'2022-01-23 21:00:00',NULL),(1117,NULL,10,2,NULL,115.67,'2021-11-22 21:00:00',NULL),(1118,NULL,133,14,NULL,346.89,'2022-04-22 21:00:00',NULL),(1119,NULL,119,9,NULL,13239.71,'2022-08-04 21:00:00',NULL),(1120,88,NULL,15,15.34,NULL,'2021-12-17 21:00:00',NULL),(1121,50,42,NULL,12666.75,1877.37,'2022-06-16 21:00:00','Перевод'),(1122,NULL,114,10,NULL,2357.76,'2022-05-25 21:00:00',NULL),(1123,100,11,NULL,18354.61,166.75,'2022-02-06 21:00:00','Перевод'),(1124,139,31,NULL,7777.71,18980.38,'2022-07-14 21:00:00','Перевод'),(1125,NULL,77,7,NULL,8669.86,'2022-01-17 21:00:00',NULL),(1126,NULL,103,11,NULL,235.27,'2022-02-17 21:00:00',NULL),(1127,NULL,128,11,NULL,95.75,'2022-01-19 21:00:00',NULL),(1128,139,NULL,5,7996.33,NULL,'2022-07-16 21:00:00',NULL),(1129,120,NULL,19,10480.26,NULL,'2022-01-08 21:00:00',NULL),(1130,53,NULL,20,111.36,NULL,'2022-07-10 21:00:00',NULL),(1131,11,22,NULL,67.90,124.17,'2022-03-28 21:00:00','Перевод'),(1132,34,NULL,20,2113.51,NULL,'2021-12-26 21:00:00',NULL),(1133,NULL,41,12,NULL,281.87,'2022-06-07 21:00:00',NULL),(1134,NULL,61,7,NULL,26.72,'2022-01-09 21:00:00',NULL),(1135,NULL,80,12,NULL,19043.54,'2022-08-23 21:00:00',NULL),(1136,34,NULL,15,1683.16,NULL,'2022-01-22 21:00:00',NULL),(1137,72,NULL,1,19676.80,NULL,'2021-11-15 21:00:00',NULL),(1138,NULL,51,13,NULL,121.46,'2022-02-06 21:00:00',NULL),(1139,NULL,87,7,NULL,4276.57,'2022-08-06 21:00:00',NULL),(1140,NULL,87,13,NULL,12401.33,'2022-03-08 21:00:00',NULL),(1141,111,51,NULL,17756.93,240.49,'2021-09-04 21:00:00','Перевод'),(1142,NULL,74,11,NULL,700.24,'2022-06-28 21:00:00',NULL),(1143,5,NULL,17,143.46,NULL,'2021-11-19 21:00:00',NULL),(1144,NULL,34,8,NULL,18969.14,'2021-09-07 21:00:00',NULL),(1145,7,NULL,5,1478.07,NULL,'2022-04-03 21:00:00',NULL),(1146,45,NULL,1,18205.64,NULL,'2022-03-23 21:00:00',NULL),(1147,NULL,47,9,NULL,157.79,'2022-01-11 21:00:00',NULL),(1148,NULL,43,2,NULL,14840.05,'2021-11-06 21:00:00',NULL),(1149,54,21,NULL,13751.82,9528.42,'2022-06-25 21:00:00','Перевод'),(1150,56,NULL,19,6823.58,NULL,'2022-01-08 21:00:00',NULL),(1151,NULL,108,14,NULL,228.53,'2022-08-18 21:00:00',NULL),(1152,115,NULL,17,2923.07,NULL,'2022-03-18 21:00:00',NULL),(1153,63,NULL,19,8756.78,NULL,'2022-04-03 21:00:00',NULL),(1154,110,NULL,5,243.67,NULL,'2021-12-27 21:00:00',NULL),(1155,NULL,53,13,NULL,1725.65,'2022-06-30 21:00:00',NULL),(1156,92,120,NULL,25.92,14158.23,'2021-12-16 21:00:00','Перевод'),(1157,NULL,100,6,NULL,16862.51,'2022-04-23 21:00:00',NULL),(1158,53,20,NULL,1820.96,96.21,'2021-09-23 21:00:00','Перевод'),(1159,NULL,42,13,NULL,657.92,'2022-03-17 21:00:00',NULL),(1160,26,NULL,17,115.79,NULL,'2022-08-24 21:00:00',NULL),(1161,NULL,19,14,NULL,8.10,'2022-07-09 21:00:00',NULL),(1162,99,100,NULL,10794.67,8449.06,'2021-11-21 21:00:00','Перевод'),(1163,NULL,133,12,NULL,527.99,'2021-09-12 21:00:00',NULL),(1164,NULL,78,3,NULL,2394.02,'2022-02-21 21:00:00',NULL),(1165,44,NULL,19,4372.25,NULL,'2022-03-09 21:00:00',NULL),(1166,NULL,14,14,NULL,1601.97,'2022-06-24 21:00:00',NULL),(1167,NULL,64,7,NULL,751.13,'2022-05-10 21:00:00',NULL),(1168,NULL,132,7,NULL,1999.51,'2022-04-10 21:00:00',NULL),(1169,50,NULL,16,8480.19,NULL,'2022-06-13 21:00:00',NULL),(1170,NULL,94,9,NULL,150.37,'2022-03-21 21:00:00',NULL),(1171,109,109,NULL,1625.23,246.71,'2022-01-02 21:00:00','Перевод'),(1172,NULL,85,14,NULL,971.00,'2022-02-21 21:00:00',NULL),(1173,NULL,94,13,NULL,298.82,'2022-07-04 21:00:00',NULL),(1174,109,NULL,5,1351.11,NULL,'2021-10-22 21:00:00',NULL),(1175,27,85,NULL,169.18,17981.81,'2022-04-27 21:00:00','Перевод'),(1176,NULL,49,13,NULL,18535.19,'2022-08-24 21:00:00',NULL),(1177,124,NULL,5,2016.10,NULL,'2022-06-10 21:00:00',NULL),(1178,81,NULL,5,17426.81,NULL,'2022-05-23 21:00:00',NULL),(1179,130,NULL,16,100.50,NULL,'2021-11-24 21:00:00',NULL),(1180,NULL,66,12,NULL,3099.78,'2022-08-04 21:00:00',NULL),(1181,NULL,76,4,NULL,614.62,'2021-09-16 21:00:00',NULL),(1182,NULL,111,6,NULL,7197.56,'2022-05-24 21:00:00',NULL),(1183,NULL,52,3,NULL,18986.43,'2021-10-02 21:00:00',NULL),(1184,NULL,105,12,NULL,17187.22,'2021-12-04 21:00:00',NULL),(1185,99,131,NULL,3910.51,151.80,'2021-09-18 21:00:00','Перевод'),(1186,NULL,138,14,NULL,64.89,'2022-08-10 21:00:00',NULL),(1187,NULL,75,7,NULL,5093.99,'2021-11-12 21:00:00',NULL),(1188,NULL,42,11,NULL,1991.53,'2021-09-12 21:00:00',NULL),(1189,NULL,69,3,NULL,249.19,'2022-04-09 21:00:00',NULL),(1190,48,NULL,19,1680.93,NULL,'2022-07-09 21:00:00',NULL),(1191,NULL,23,10,NULL,4355.85,'2022-02-18 21:00:00',NULL),(1192,NULL,121,7,NULL,10041.70,'2021-12-28 21:00:00',NULL),(1193,NULL,137,9,NULL,10466.39,'2022-08-15 21:00:00',NULL),(1194,57,NULL,5,35.01,NULL,'2021-12-29 21:00:00',NULL),(1195,NULL,16,11,NULL,11652.06,'2022-04-13 21:00:00',NULL),(1196,35,NULL,15,171.01,NULL,'2022-04-23 21:00:00',NULL),(1197,NULL,93,6,NULL,35.89,'2022-06-18 21:00:00',NULL),(1198,NULL,100,8,NULL,9059.19,'2022-06-14 21:00:00',NULL),(1199,86,NULL,1,139.26,NULL,'2021-12-19 21:00:00',NULL),(1200,42,NULL,15,920.12,NULL,'2022-01-27 21:00:00',NULL),(1201,NULL,94,13,NULL,22.40,'2022-08-04 21:00:00',NULL),(1202,59,92,NULL,9948.60,52.11,'2022-03-06 21:00:00','Перевод'),(1203,NULL,11,8,NULL,95.72,'2022-02-16 21:00:00',NULL),(1204,NULL,136,14,NULL,36.01,'2022-01-02 21:00:00',NULL),(1205,NULL,106,8,NULL,783.12,'2021-10-16 21:00:00',NULL),(1206,18,NULL,17,164.63,NULL,'2021-11-12 21:00:00',NULL),(1207,100,NULL,15,16194.84,NULL,'2022-05-14 21:00:00',NULL),(1208,NULL,36,10,NULL,5186.77,'2022-06-07 21:00:00',NULL),(1209,66,37,NULL,1995.69,13148.30,'2022-04-02 21:00:00','Перевод'),(1210,NULL,18,3,NULL,1214.57,'2022-04-22 21:00:00',NULL),(1211,114,NULL,19,17075.43,NULL,'2022-01-03 21:00:00',NULL),(1212,66,116,NULL,8585.09,14688.47,'2021-12-25 21:00:00','Перевод'),(1213,NULL,32,7,NULL,14340.72,'2022-08-09 21:00:00',NULL),(1214,24,NULL,1,85.30,NULL,'2021-12-02 21:00:00',NULL),(1215,NULL,131,7,NULL,235.84,'2021-10-09 21:00:00',NULL),(1216,123,NULL,16,9714.39,NULL,'2022-04-17 21:00:00',NULL),(1217,98,NULL,1,180.25,NULL,'2021-09-09 21:00:00',NULL),(1218,NULL,28,12,NULL,14681.06,'2022-01-01 21:00:00',NULL),(1219,NULL,107,2,NULL,2500.14,'2022-02-14 21:00:00',NULL),(1220,NULL,88,7,NULL,143.31,'2021-09-12 21:00:00',NULL),(1221,94,NULL,5,191.91,NULL,'2022-04-24 21:00:00',NULL),(1222,NULL,56,8,NULL,13726.32,'2022-03-03 21:00:00',NULL),(1223,NULL,19,2,NULL,78.23,'2022-01-08 21:00:00',NULL),(1224,39,NULL,16,1560.03,NULL,'2022-03-15 21:00:00',NULL),(1225,122,NULL,19,18602.98,NULL,'2022-07-30 21:00:00',NULL),(1226,NULL,111,14,NULL,16986.19,'2022-01-31 21:00:00',NULL),(1227,NULL,102,6,NULL,81.58,'2022-02-09 21:00:00',NULL),(1228,50,NULL,20,12856.69,NULL,'2021-10-02 21:00:00',NULL),(1229,81,NULL,20,16447.23,NULL,'2021-12-18 21:00:00',NULL),(1230,112,NULL,17,125.91,NULL,'2021-09-15 21:00:00',NULL),(1231,NULL,19,12,NULL,52.64,'2022-01-04 21:00:00',NULL),(1232,NULL,32,9,NULL,2311.65,'2022-06-18 21:00:00',NULL),(1233,NULL,100,10,NULL,11042.57,'2021-11-03 21:00:00',NULL),(1234,NULL,81,14,NULL,15554.84,'2022-06-15 21:00:00',NULL),(1235,NULL,139,14,NULL,14525.58,'2021-10-02 21:00:00',NULL),(1236,NULL,127,7,NULL,63.67,'2022-06-03 21:00:00',NULL),(1237,NULL,66,7,NULL,3122.69,'2022-01-25 21:00:00',NULL),(1238,NULL,33,13,NULL,261.83,'2021-09-18 21:00:00',NULL),(1239,NULL,132,7,NULL,293.84,'2022-08-24 21:00:00',NULL),(1240,NULL,100,2,NULL,7678.78,'2021-11-14 21:00:00',NULL),(1241,68,NULL,15,10506.64,NULL,'2022-06-10 21:00:00',NULL),(1242,NULL,70,3,NULL,14150.53,'2022-03-26 21:00:00',NULL),(1243,93,108,NULL,55.53,192.21,'2022-04-18 21:00:00','Перевод'),(1244,139,NULL,1,993.13,NULL,'2022-01-14 21:00:00',NULL),(1245,94,NULL,16,212.31,NULL,'2022-06-29 21:00:00',NULL),(1246,NULL,92,2,NULL,161.96,'2022-05-12 21:00:00',NULL),(1247,108,NULL,15,74.04,NULL,'2022-03-23 21:00:00',NULL),(1248,NULL,89,13,NULL,8055.76,'2022-06-01 21:00:00',NULL),(1249,132,NULL,15,7436.61,NULL,'2021-10-11 21:00:00',NULL),(1250,107,28,NULL,8811.56,12516.26,'2021-09-26 21:00:00','Перевод'),(1251,100,NULL,15,4484.62,NULL,'2022-06-21 21:00:00',NULL),(1252,3,NULL,20,11696.77,NULL,'2022-02-22 21:00:00',NULL),(1253,40,NULL,5,4251.09,NULL,'2022-04-04 21:00:00',NULL),(1254,NULL,7,9,NULL,11439.59,'2022-06-23 21:00:00',NULL),(1255,40,NULL,19,171.67,NULL,'2022-03-26 21:00:00',NULL),(1256,NULL,104,12,NULL,5552.10,'2022-02-24 21:00:00',NULL),(1257,66,NULL,1,13787.47,NULL,'2022-05-03 21:00:00',NULL),(1258,105,NULL,15,9054.36,NULL,'2021-12-11 21:00:00',NULL),(1259,NULL,114,10,NULL,12655.48,'2022-04-02 21:00:00',NULL),(1260,NULL,36,10,NULL,4499.10,'2022-05-11 21:00:00',NULL),(1261,133,NULL,18,1241.65,NULL,'2022-05-20 21:00:00',NULL),(1262,NULL,113,9,NULL,10244.57,'2022-05-17 21:00:00',NULL),(1263,NULL,74,8,NULL,965.35,'2022-01-20 21:00:00',NULL),(1264,NULL,69,14,NULL,137.06,'2022-01-30 21:00:00',NULL),(1265,NULL,76,6,NULL,1763.09,'2022-04-24 21:00:00',NULL),(1266,6,6,NULL,7264.67,14031.52,'2021-09-18 21:00:00','Перевод'),(1267,NULL,83,10,NULL,6166.48,'2021-09-19 21:00:00',NULL),(1268,NULL,53,6,NULL,1940.93,'2022-04-14 21:00:00',NULL),(1269,NULL,13,8,NULL,18377.65,'2021-11-23 21:00:00',NULL),(1270,NULL,112,9,NULL,233.21,'2021-09-23 21:00:00',NULL),(1271,NULL,105,7,NULL,18697.40,'2021-11-01 21:00:00',NULL),(1272,NULL,63,14,NULL,7577.58,'2022-04-18 21:00:00',NULL),(1273,95,NULL,17,10461.99,NULL,'2022-07-13 21:00:00',NULL),(1274,NULL,53,14,NULL,1026.12,'2022-05-26 21:00:00',NULL),(1275,88,NULL,1,60.76,NULL,'2022-05-21 21:00:00',NULL),(1276,NULL,109,13,NULL,1765.77,'2021-11-09 21:00:00',NULL),(1277,83,NULL,16,14994.52,NULL,'2021-10-12 21:00:00',NULL),(1278,NULL,133,10,NULL,1823.49,'2021-12-13 21:00:00',NULL),(1279,NULL,42,7,NULL,1984.75,'2021-10-27 21:00:00',NULL),(1280,NULL,103,7,NULL,245.08,'2022-05-24 21:00:00',NULL),(1281,NULL,33,6,NULL,1858.62,'2022-08-25 21:00:00',NULL),(1282,76,NULL,5,839.96,NULL,'2021-11-14 21:00:00',NULL),(1283,100,NULL,5,13969.97,NULL,'2022-07-09 21:00:00',NULL),(1284,9,NULL,18,155.33,NULL,'2022-05-07 21:00:00',NULL),(1285,128,NULL,15,69.25,NULL,'2022-03-12 21:00:00',NULL),(1286,134,NULL,1,1457.32,NULL,'2022-04-11 21:00:00',NULL),(1287,9,NULL,1,7.45,NULL,'2022-03-30 21:00:00',NULL),(1288,NULL,121,6,NULL,692.11,'2021-12-29 21:00:00',NULL),(1289,36,NULL,15,19165.84,NULL,'2021-09-24 21:00:00',NULL),(1290,NULL,101,13,NULL,12840.26,'2021-09-22 21:00:00',NULL),(1291,121,NULL,20,3903.10,NULL,'2022-06-02 21:00:00',NULL),(1292,97,NULL,15,18974.62,NULL,'2022-08-16 21:00:00',NULL),(1293,NULL,50,10,NULL,16094.74,'2021-10-18 21:00:00',NULL),(1294,NULL,108,9,NULL,228.33,'2021-10-03 21:00:00',NULL),(1295,NULL,27,2,NULL,171.85,'2021-09-08 21:00:00',NULL),(1296,NULL,50,7,NULL,12596.17,'2022-04-20 21:00:00',NULL),(1297,NULL,74,11,NULL,2191.41,'2022-07-12 21:00:00',NULL),(1298,132,38,NULL,5056.37,166.24,'2022-06-05 21:00:00','Перевод'),(1299,122,NULL,20,8397.13,NULL,'2021-12-15 21:00:00',NULL),(1300,NULL,132,12,NULL,8119.50,'2022-07-10 21:00:00',NULL),(1301,NULL,80,8,NULL,12234.10,'2022-06-21 21:00:00',NULL),(1302,NULL,116,14,NULL,18545.38,'2022-01-28 21:00:00',NULL),(1303,NULL,98,6,NULL,1920.55,'2021-09-25 21:00:00',NULL),(1304,NULL,69,14,NULL,60.35,'2022-02-21 21:00:00',NULL),(1305,98,NULL,19,586.28,NULL,'2022-01-29 21:00:00',NULL),(1306,NULL,80,3,NULL,13679.83,'2021-12-18 21:00:00',NULL),(1307,NULL,112,12,NULL,317.30,'2022-05-24 21:00:00',NULL),(1308,106,NULL,18,7209.81,NULL,'2022-04-22 21:00:00',NULL),(1309,NULL,18,11,NULL,1029.27,'2021-09-19 21:00:00',NULL),(1310,NULL,9,13,NULL,150.76,'2022-02-18 21:00:00',NULL),(1311,2,127,NULL,1335.18,246.96,'2022-08-01 21:00:00','Перевод'),(1312,NULL,10,14,NULL,244.83,'2021-12-29 21:00:00',NULL),(1313,NULL,93,2,NULL,212.96,'2022-08-20 21:00:00',NULL),(1314,86,NULL,17,143.12,NULL,'2022-02-16 21:00:00',NULL),(1315,NULL,140,14,NULL,10738.12,'2022-01-12 21:00:00',NULL),(1316,NULL,66,11,NULL,1087.71,'2022-06-29 21:00:00',NULL),(1317,67,NULL,15,57.74,NULL,'2021-10-18 21:00:00',NULL),(1318,134,NULL,19,7972.77,NULL,'2021-09-24 21:00:00',NULL),(1319,NULL,75,3,NULL,12101.38,'2022-03-19 21:00:00',NULL),(1320,35,NULL,18,540.68,NULL,'2021-12-25 21:00:00',NULL),(1321,NULL,88,14,NULL,96.28,'2022-08-05 21:00:00',NULL),(1322,11,NULL,15,139.99,NULL,'2022-08-12 21:00:00',NULL),(1323,137,NULL,15,4580.41,NULL,'2022-08-21 21:00:00',NULL),(1324,NULL,106,9,NULL,10347.99,'2021-12-23 21:00:00',NULL),(1325,8,NULL,15,12.59,NULL,'2022-01-03 21:00:00',NULL),(1326,NULL,111,2,NULL,3240.00,'2022-07-06 21:00:00',NULL),(1327,NULL,45,9,NULL,1226.23,'2022-04-23 21:00:00',NULL),(1328,114,19,NULL,6870.73,17.17,'2021-09-25 21:00:00','Перевод'),(1329,89,NULL,15,13770.39,NULL,'2022-03-26 21:00:00',NULL),(1330,NULL,65,11,NULL,8111.56,'2022-01-31 21:00:00',NULL),(1331,50,NULL,18,1933.55,NULL,'2022-05-12 21:00:00',NULL),(1332,NULL,136,11,NULL,62.23,'2021-10-07 21:00:00',NULL),(1333,NULL,54,2,NULL,7429.30,'2022-07-21 21:00:00',NULL),(1334,NULL,107,9,NULL,15612.11,'2022-01-18 21:00:00',NULL),(1335,65,NULL,15,16026.33,NULL,'2022-02-20 21:00:00',NULL),(1336,53,NULL,5,911.96,NULL,'2022-02-10 21:00:00',NULL),(1337,106,1,NULL,10227.82,6.72,'2022-06-01 21:00:00','Перевод'),(1338,NULL,29,11,NULL,3523.82,'2022-01-05 21:00:00',NULL),(1339,NULL,44,14,NULL,8570.00,'2022-03-07 21:00:00',NULL),(1340,NULL,22,11,NULL,86.66,'2022-03-07 21:00:00',NULL),(1341,124,NULL,20,202.31,NULL,'2021-10-09 21:00:00',NULL),(1342,111,NULL,15,12946.96,NULL,'2021-10-15 21:00:00',NULL),(1343,NULL,24,4,NULL,205.35,'2022-04-04 21:00:00',NULL),(1344,21,NULL,5,5846.42,NULL,'2022-02-16 21:00:00',NULL),(1345,111,128,NULL,5788.28,105.90,'2021-11-21 21:00:00','Перевод'),(1346,126,NULL,15,18666.17,NULL,'2021-11-15 21:00:00',NULL),(1347,NULL,62,7,NULL,1575.48,'2021-12-25 21:00:00',NULL),(1348,93,126,NULL,8.95,3486.77,'2022-08-28 21:00:00','Перевод'),(1349,NULL,110,7,NULL,3741.15,'2021-10-09 21:00:00',NULL),(1350,82,NULL,15,197.39,NULL,'2021-09-24 21:00:00',NULL),(1351,NULL,102,7,NULL,58.45,'2022-05-09 21:00:00',NULL),(1352,NULL,112,2,NULL,46.74,'2021-10-30 21:00:00',NULL),(1353,NULL,127,12,NULL,146.52,'2021-12-26 21:00:00',NULL),(1354,13,NULL,15,3188.05,NULL,'2022-02-09 21:00:00',NULL),(1355,NULL,53,2,NULL,899.41,'2022-04-27 21:00:00',NULL),(1356,15,NULL,19,71.41,NULL,'2021-10-06 21:00:00',NULL),(1357,9,NULL,19,260.08,NULL,'2021-09-25 21:00:00',NULL),(1358,43,43,NULL,19266.36,4324.00,'2022-08-30 21:00:00','Перевод'),(1359,NULL,100,3,NULL,10873.25,'2021-11-23 21:00:00',NULL),(1360,115,NULL,17,18293.66,NULL,'2021-10-29 21:00:00',NULL),(1361,NULL,101,12,NULL,12861.31,'2021-11-07 21:00:00',NULL),(1362,NULL,71,13,NULL,38.84,'2022-03-29 21:00:00',NULL),(1363,NULL,13,9,NULL,9354.45,'2022-01-26 21:00:00',NULL),(1364,NULL,12,9,NULL,617.31,'2021-11-30 21:00:00',NULL),(1365,46,NULL,16,148.97,NULL,'2022-05-20 21:00:00',NULL),(1366,37,NULL,15,2067.23,NULL,'2022-04-24 21:00:00',NULL),(1367,NULL,18,6,NULL,1938.60,'2022-04-04 21:00:00',NULL),(1368,NULL,41,8,NULL,196.99,'2022-04-24 21:00:00',NULL);
/*!40000 ALTER TABLE `transactions` ENABLE KEYS */;
UNLOCK TABLES;

--
-- Table structure for table `user_profiles`
--

DROP TABLE IF EXISTS `user_profiles`;
/*!40101 SET @saved_cs_client     = @@character_set_client */;
/*!50503 SET character_set_client = utf8mb4 */;
CREATE TABLE `user_profiles` (
  `user_id` bigint unsigned NOT NULL AUTO_INCREMENT,
  `gender` char(1) DEFAULT NULL,
  `birthday` date DEFAULT NULL,
  `created_at` datetime DEFAULT CURRENT_TIMESTAMP,
  PRIMARY KEY (`user_id`),
  UNIQUE KEY `user_id` (`user_id`),
  CONSTRAINT `user_profiles_ibfk_1` FOREIGN KEY (`user_id`) REFERENCES `users` (`id`) ON DELETE CASCADE ON UPDATE CASCADE
) ENGINE=InnoDB AUTO_INCREMENT=16 DEFAULT CHARSET=utf8mb4 COLLATE=utf8mb4_0900_ai_ci;
/*!40101 SET character_set_client = @saved_cs_client */;

--
-- Dumping data for table `user_profiles`
--

LOCK TABLES `user_profiles` WRITE;
/*!40000 ALTER TABLE `user_profiles` DISABLE KEYS */;
INSERT INTO `user_profiles` VALUES (1,'f','1971-05-04','2022-06-25 20:27:00'),(2,'m','1975-07-05','2022-03-30 09:20:00'),(3,'m','1983-01-22','2022-01-31 02:19:00'),(4,'m','2017-09-02','2022-03-14 12:28:00'),(5,'f','1970-09-13','2022-07-26 01:25:00'),(6,'m','2021-02-20','2022-05-09 17:07:00'),(7,'f','2019-06-27','2021-12-26 19:54:00'),(8,'f','1987-08-08','2022-08-24 05:37:00'),(9,'f','2018-01-25','2022-04-03 16:56:00'),(10,'m','2007-11-10','2021-12-15 08:27:00'),(11,'f','2001-04-15','2022-06-09 07:53:00'),(12,'f','1974-05-28','2022-09-13 05:34:00'),(13,'m','2018-05-10','2022-04-12 14:14:00'),(14,'m','1991-05-17','2022-07-27 03:54:00'),(15,'m','2010-04-16','2022-08-05 00:22:00');
/*!40000 ALTER TABLE `user_profiles` ENABLE KEYS */;
UNLOCK TABLES;

--
-- Table structure for table `users`
--

DROP TABLE IF EXISTS `users`;
/*!40101 SET @saved_cs_client     = @@character_set_client */;
/*!50503 SET character_set_client = utf8mb4 */;
CREATE TABLE `users` (
  `id` bigint unsigned NOT NULL AUTO_INCREMENT,
  `firstname` varchar(50) DEFAULT NULL,
  `lastname` varchar(50) DEFAULT NULL,
  `email` varchar(120) DEFAULT NULL,
  `phone` bigint DEFAULT NULL,
  `password_hash` varchar(100) DEFAULT NULL,
  PRIMARY KEY (`id`),
  UNIQUE KEY `id` (`id`),
  UNIQUE KEY `email` (`email`),
  UNIQUE KEY `phone` (`phone`)
) ENGINE=InnoDB AUTO_INCREMENT=16 DEFAULT CHARSET=utf8mb4 COLLATE=utf8mb4_0900_ai_ci;
/*!40101 SET character_set_client = @saved_cs_client */;

--
-- Dumping data for table `users`
--

LOCK TABLES `users` WRITE;
/*!40000 ALTER TABLE `users` DISABLE KEYS */;
INSERT INTO `users` VALUES (1,'Анастасия','Богданова','pcartwright@example.org',57962220098,'67eb6af02331634af2fe3e17ebed56ed04d5545c'),(2,'Роман','Васильев','dejah.berge@example.com',66274036185,'2dd5e1c98bf584957e2cac78a7e488a2e3a291e3'),(3,'Матвей','Ежов','clark68@example.net',90374857446,'7f1e1bd5130f17108e32cb06fedcf36ae995eca0'),(4,'Михаил','Кузнецов','hwuckert@example.org',65323037270,'fdb3938b276b4dc3e91f9c553e1aaf6d1f57e5b2'),(5,'Дарья','Трофимова','baylee.miller@example.org',77690191598,'ccfdb401d7540956fe8fe2afe25b1e89bb59e3e3'),(6,'Даниил','Воронин','aabernathy@example.org',73097513745,'fbcf84842323cc542500eaaf02a4e81dc775595f'),(7,'Алиса','Соколова','randerson@example.com',57906394172,'161eb80e42aa7f6b4e01e6898db3ea67863e45b1'),(8,'Кристина','Волошина','swolf@example.org',65844587561,'2f3069ce2884e56b688a91d361da20dd61ea2d04'),(9,'Виктория','Верещагина','nicole.thompson@example.com',37802331002,'cbe50856ff04dc32d7419a33dacb990ca7b91bab'),(10,'Александр','Поляков','merle.brekke@example.net',30069036527,'481ffb23abfd86baf19cfe94812a294f0717491e'),(11,'Светлана','Сергеева','schultz.kaleb@example.org',23373429953,'2d53239fe3d66f3713b70dcf0492e6a10de7b8fb'),(12,'Анастасия','Матвеева','assunta.runte@example.com',76814240763,'fc9327a29c8f65fe1148df6144e334676fcbd03b'),(13,'Глеб','Герасимов','lgreen@example.com',37621050448,'141a105860ce5a6c3238456c5c81e9baba5b5f6b'),(14,'Алексей','Гончаров','zhilll@example.org',83227506795,'a5cd1a108572560f09b1040be9ced4a5e0c21e4f'),(15,'Марк','Миронов','clubowitz@example.org',52472948203,'e3227aab3727df5ab41fb333f81d9302a6f3ae22');
/*!40000 ALTER TABLE `users` ENABLE KEYS */;
UNLOCK TABLES;

--
-- Dumping routines for database 'money'
--
/*!40103 SET TIME_ZONE=@OLD_TIME_ZONE */;

/*!40101 SET SQL_MODE=@OLD_SQL_MODE */;
/*!40014 SET FOREIGN_KEY_CHECKS=@OLD_FOREIGN_KEY_CHECKS */;
/*!40014 SET UNIQUE_CHECKS=@OLD_UNIQUE_CHECKS */;
/*!40101 SET CHARACTER_SET_CLIENT=@OLD_CHARACTER_SET_CLIENT */;
/*!40101 SET CHARACTER_SET_RESULTS=@OLD_CHARACTER_SET_RESULTS */;
/*!40101 SET COLLATION_CONNECTION=@OLD_COLLATION_CONNECTION */;
/*!40111 SET SQL_NOTES=@OLD_SQL_NOTES */;

-- Dump completed on 2022-09-15 18:12:27
