id;from_id;to_id;category_id;sum_credit;sum_debit;date_transactiont;comment
1;;45;3;;19086,68;30.01.2022;
2;;14;10;;9421,86;22.04.2022;
3;127;;18;1596,07;;16.06.2022;
4;;94;3;;2852,05;08.08.2022;
5;;26;4;;11456,21;09.08.2022;
6;;134;6;;19084,91;01.06.2022;
7;;85;3;;15283,88;03.10.2021;
8;54;;16;3003,53;;04.08.2022;
9;;95;3;;8268,01;08.11.2021;
10;;134;14;;9025,82;30.08.2022;
11;;111;7;;15751,7;09.08.2022;
12;22;;18;11046,6;;12.01.2022;
13;;140;8;;10624,36;12.11.2021;
14;67;;5;9841,08;;07.08.2022;
15;;133;8;;15084,38;04.01.2022;
16;;138;9;;9796,77;26.05.2022;
17;87;;19;18413,7;;27.11.2021;
18;;133;10;;6124,23;22.02.2022;
19;;15;4;;17702,43;06.02.2022;
20;110;;16;7191,18;;02.08.2022;
21;;103;7;;16444,69;11.01.2022;
22;;38;4;;5939,17;11.04.2022;
23;;37;11;;5948,02;28.09.2021;
24;38;;17;16343,48;;21.10.2021;
25;;42;8;;14973,53;07.07.2022;
26;;84;12;;13692,59;04.06.2022;
27;;13;9;;15328,27;24.04.2022;
28;;13;2;;9614,65;22.12.2021;
29;128;;20;12854;;06.11.2021;
30;;31;12;;11991,91;26.02.2022;
31;;32;9;;8514,11;29.01.2022;
32;;91;10;;18963,31;02.04.2022;
33;27;137;;3864,3;10757,19;15.06.2022;Перевод
34;;39;4;;11372,13;29.06.2022;
35;98;;1;13558,81;;24.03.2022;
36;113;;16;6908,16;;06.01.2022;
37;125;;15;117,53;;12.01.2022;
38;;49;11;;10312,91;14.01.2022;
39;44;;15;1569,71;;14.12.2021;
40;95;;19;2149,78;;28.06.2022;
41;;96;13;;10916,54;10.01.2022;
42;;48;10;;8697,05;23.05.2022;
43;13;;15;3885,38;;23.11.2021;
44;77;;5;8624,73;;27.12.2021;
45;;24;3;;9062,36;23.06.2022;
46;;133;9;;12220,93;28.06.2022;
47;;85;9;;15505,62;14.03.2022;
48;;116;13;;7994,05;10.11.2021;
49;;57;10;;14743,94;11.10.2021;
50;;62;12;;16190,82;08.02.2022;
51;;22;2;;990,71;04.09.2021;
52;;28;9;;14418,2;18.02.2022;
53;;49;4;;18259,03;16.09.2021;
54;86;;18;18189,8;;02.10.2021;
55;;87;7;;4302,6;01.03.2022;
56;;14;4;;10245,07;15.06.2022;
57;41;;5;17458,37;;11.10.2021;
58;27;;19;12392,33;;03.05.2022;
59;;121;8;;9636,61;29.03.2022;
60;;30;9;;17133,62;20.04.2022;
61;136;;20;13803,34;;23.01.2022;
62;;106;7;;9320,12;11.09.2021;
63;108;;15;10164,4;;01.12.2021;
64;;132;3;;18646,15;31.03.2022;
65;;4;3;;8842,07;02.03.2022;
66;22;;20;18144,74;;29.06.2022;
67;;11;4;;14326,68;25.12.2021;
68;69;;17;19667,71;;11.01.2022;
69;;101;9;;8718,19;22.06.2022;
70;;121;2;;5629,52;12.04.2022;
71;42;;20;982,97;;18.11.2021;
72;116;;5;18809,45;;08.09.2021;
73;19;114;;18938,06;19231,38;08.02.2022;Перевод
74;;37;8;;15332,26;04.08.2022;
75;;12;8;;12767,55;26.05.2022;
76;;95;14;;2719,76;28.07.2022;
77;;122;12;;16944,6;07.06.2022;
78;;79;13;;16192,72;26.02.2022;
79;;39;7;;7652,76;05.02.2022;
80;;105;14;;4050,1;02.10.2021;
81;;117;14;;13704,99;14.02.2022;
82;127;;1;2848,93;;21.09.2021;
83;;119;4;;17185,61;03.04.2022;
84;;112;8;;10004,14;14.05.2022;
85;132;;5;933,9;;09.06.2022;
86;;68;6;;18764,69;20.01.2022;
87;;69;10;;19522;29.05.2022;
88;;130;3;;16699,42;23.03.2022;
89;128;77;;9505,55;4726,38;05.03.2022;Перевод
90;;43;13;;2863,6;25.06.2022;
91;28;;17;827,76;;30.09.2021;
92;46;90;;8847,81;15723,17;14.11.2021;Перевод
93;131;;16;7882,29;;22.07.2022;
94;;42;13;;11982,48;30.03.2022;
95;;130;4;;18779,54;13.02.2022;
96;82;;5;16071,32;;27.02.2022;
97;67;;16;17576,88;;18.02.2022;
98;69;;17;14157,32;;14.06.2022;
99;;65;4;;17308,76;07.05.2022;
100;;18;8;;4452,15;20.06.2022;
101;;137;4;;12010,29;25.12.2021;
102;46;;19;3879,02;;13.10.2021;
103;46;;1;5773,76;;14.02.2022;
104;;95;7;;5930,98;19.12.2021;
105;;98;11;;7569,23;27.07.2022;
106;98;;1;2348,14;;19.04.2022;
107;120;;20;6297,97;;14.03.2022;
108;;11;11;;8827,75;01.12.2021;
109;;60;4;;1626,39;23.08.2022;
110;;134;10;;15361,96;06.10.2021;
111;;20;12;;16151,31;07.01.2022;
112;;105;14;;13125,33;06.10.2021;
113;51;128;;1094,57;1337,23;26.03.2022;Перевод
114;;57;10;;18106,87;14.04.2022;
115;;75;8;;13441,83;08.07.2022;
116;62;;17;17557,49;;07.04.2022;
117;101;;16;10494,16;;25.09.2021;
118;;105;7;;2589,94;19.08.2022;
119;50;;20;3607,28;;02.03.2022;
120;85;;18;15874;;26.01.2022;
121;;69;4;;9183,68;21.06.2022;
122;81;;16;16377,34;;11.03.2022;
123;;40;14;;19728,72;06.07.2022;
124;;20;7;;131,16;12.09.2021;
125;83;;1;12869,19;;13.04.2022;
126;;32;8;;15247,31;17.06.2022;
127;5;;17;3168,76;;28.05.2022;
128;;96;8;;15621,25;04.06.2022;
129;29;;17;2995,74;;05.01.2022;
130;;68;12;;11807,24;15.04.2022;
131;;132;14;;13295,94;10.01.2022;
132;;11;14;;10534,72;05.02.2022;
133;;39;8;;2821,82;19.07.2022;
134;23;;16;16863,33;;22.07.2022;
135;101;;19;870,08;;27.11.2021;
136;27;;18;857,71;;07.08.2022;
137;89;;20;8774,45;;25.12.2021;
138;;42;7;;12513,58;02.06.2022;
139;25;;1;5051,64;;28.12.2021;
140;;52;13;;11419,51;04.09.2021;
141;;79;9;;9601,77;12.07.2022;
142;;83;4;;8532,63;21.03.2022;
143;74;;1;13637,4;;15.06.2022;
144;131;;15;18869,33;;29.09.2021;
145;95;;19;9381,95;;16.10.2021;
146;126;16;;5023,33;6617,35;20.02.2022;Перевод
147;;20;10;;13162,79;07.06.2022;
148;30;;1;7245,18;;16.01.2022;
149;61;;15;10819,64;;03.04.2022;
150;21;;16;5463,52;;17.03.2022;
151;;109;8;;12763,72;30.04.2022;
152;;86;11;;1607;03.07.2022;
153;132;;20;2729,34;;19.09.2021;
154;;87;8;;4557,51;13.07.2022;
155;46;;18;9874,58;;06.03.2022;
156;119;;20;17995,81;;14.05.2022;
157;;118;13;;14666,75;04.09.2021;
158;110;;19;5124,15;;13.03.2022;
159;;26;7;;18894,1;29.04.2022;
160;78;;1;9444,56;;21.02.2022;
161;;44;4;;3745,29;20.10.2021;
162;;96;8;;1198,7;12.11.2021;
163;;103;9;;17945,08;04.07.2022;
164;;11;8;;4706,8;19.12.2021;
165;24;;20;18129,23;;19.12.2021;
166;;89;9;;19587,7;20.05.2022;
167;;131;13;;7104,95;03.10.2021;
168;;131;2;;17199,19;13.05.2022;
169;33;33;;8609,33;18685,9;13.07.2022;Перевод
170;;15;14;;19975,43;18.08.2022;
171;73;;19;8687,36;;28.05.2022;
172;126;;5;5250,65;;04.10.2021;
173;78;;18;3017,83;;29.06.2022;
174;;109;8;;18368,69;05.03.2022;
175;69;80;;1346,08;16593,95;04.05.2022;Перевод
176;104;;17;535,41;;28.01.2022;
177;;106;2;;1384,07;30.12.2021;
178;77;;20;6029,76;;02.02.2022;
179;;50;11;;2589,18;09.03.2022;
180;;43;7;;18890,75;13.09.2021;
181;;100;8;;2341,04;20.09.2021;
182;;138;11;;10027,81;15.09.2021;
183;117;;5;18191,96;;25.02.2022;
184;;12;10;;3321,81;17.03.2022;
185;;11;6;;1746,39;26.03.2022;
186;;103;6;;6709,88;15.01.2022;
187;;7;9;;1696,8;25.02.2022;
188;102;41;;6509,68;3755,25;17.06.2022;Перевод
189;;135;8;;209;25.01.2022;
190;;92;11;;2385,91;20.11.2021;
191;;112;9;;4488,67;16.10.2021;
192;83;70;;5947,39;364,92;01.02.2022;Перевод
193;131;111;;3065,78;398,95;08.09.2021;Перевод
194;;73;4;;9334,33;12.06.2022;
195;19;;18;18967,07;;06.10.2021;
196;;131;14;;8352,18;14.09.2021;
197;68;;15;19074,44;;27.05.2022;
198;;28;6;;9085,49;31.07.2022;
199;;139;12;;5074,03;04.03.2022;
200;;115;11;;693,44;20.02.2022;
201;106;;20;12823,11;;29.12.2021;
202;114;;19;11480,43;;13.10.2021;
203;2;;1;1560,31;;17.03.2022;
204;124;;16;18656,36;;12.01.2022;
205;;63;14;;11933,94;04.10.2021;
206;60;;16;11489,89;;20.11.2021;
207;69;;19;2612,35;;11.03.2022;
208;;99;8;;13725,34;30.06.2022;
209;;31;10;;3035,48;30.06.2022;
210;;1;8;;14108,99;05.04.2022;
211;;30;13;;11658,97;15.03.2022;
212;103;5;;7831,78;955,17;19.03.2022;Перевод
213;5;;1;16875,98;;03.12.2021;
214;;1;12;;17238,67;09.02.2022;
215;38;;18;1444,39;;20.04.2022;
216;;109;6;;17689,62;26.11.2021;
217;33;73;;931,86;12565,29;08.01.2022;Перевод
218;;8;7;;296,61;24.01.2022;
219;;133;7;;11073,63;28.09.2021;
220;;63;2;;12661,88;16.12.2021;
221;;103;2;;7191,28;27.02.2022;
222;39;;16;702,45;;03.06.2022;
223;40;;20;16922,75;;06.10.2021;
224;;135;6;;8456,38;18.09.2021;
225;;107;14;;13098,56;17.11.2021;
226;;69;7;;15078,4;02.10.2021;
227;;82;13;;12714,75;17.10.2021;
228;11;94;;386,31;13392,46;02.03.2022;Перевод
229;;111;8;;1651,61;28.11.2021;
230;;49;3;;9616,15;24.09.2021;
231;61;;19;3656,61;;15.10.2021;
232;;122;2;;2938;10.10.2021;
233;88;;16;884,49;;24.07.2022;
234;22;;5;2153,93;;11.11.2021;
235;;64;3;;4516,38;13.03.2022;
236;;30;4;;17123,95;10.08.2022;
237;;50;8;;8700,79;04.03.2022;
238;27;;16;13541,93;;02.11.2021;
239;41;;20;3068,78;;27.07.2022;
240;;50;4;;19419,61;05.11.2021;
241;61;;5;10478,39;;08.09.2021;
242;52;;20;18060,5;;23.12.2021;
243;;62;11;;10837,21;19.03.2022;
244;;92;2;;18744,62;13.07.2022;
245;76;;15;18265,16;;06.01.2022;
246;;70;8;;18264,07;26.09.2021;
247;;93;7;;5210,44;30.04.2022;
248;;16;13;;3756,48;03.01.2022;
249;;9;9;;949,53;20.03.2022;
250;;66;9;;12198,09;03.01.2022;
251;;16;13;;13570,79;19.02.2022;
252;;127;8;;7582,07;11.09.2021;
253;;134;14;;5391,01;17.07.2022;
254;;55;11;;171,05;26.11.2021;
255;67;;17;11961,8;;01.03.2022;
256;;42;7;;7921,16;19.11.2021;
257;;56;10;;5793,22;06.01.2022;
258;;123;11;;12331,09;15.09.2021;
259;49;;1;17691,74;;07.03.2022;
260;;51;9;;3489,05;22.03.2022;
261;;61;10;;11788,01;18.10.2021;
262;15;;17;11272,82;;02.05.2022;
263;;16;2;;3748,96;06.08.2022;
264;;126;11;;14136,19;19.08.2022;
265;;50;12;;4841,66;24.01.2022;
266;39;;5;19471,67;;12.08.2022;
267;;134;13;;12495,46;09.10.2021;
268;33;;15;7536,01;;30.09.2021;
269;;123;7;;16255,31;12.08.2022;
270;;119;10;;6149,87;10.02.2022;
271;;25;10;;12346,83;13.09.2021;
272;;121;14;;11876,28;26.12.2021;
273;;108;14;;14847,91;02.11.2021;
274;;6;11;;13552,66;21.11.2021;
275;;44;14;;3793,84;29.04.2022;
276;95;;1;19433,39;;26.12.2021;
277;123;;18;10681,19;;02.01.2022;
278;;2;6;;4518,64;27.11.2021;
279;;94;10;;408,22;26.10.2021;
280;;25;3;;10264,54;03.06.2022;
281;12;;5;15329,24;;25.01.2022;
282;;117;14;;1759,29;22.11.2021;
283;;84;6;;12373,59;26.09.2021;
284;108;;1;17455,28;;24.09.2021;
285;;100;6;;10877,55;22.06.2022;
286;;69;2;;17377,07;17.05.2022;
287;;117;6;;16006,33;08.04.2022;
288;;24;2;;7968,6;31.05.2022;
289;86;;5;15374,31;;25.01.2022;
290;75;;19;6134,04;;04.02.2022;
291;121;;18;7061,78;;14.09.2021;
292;140;;17;2169,79;;09.04.2022;
293;102;;19;19470,3;;26.11.2021;
294;;130;9;;4302,17;19.04.2022;
295;69;;5;3381,55;;06.02.2022;
296;;78;13;;16095,09;13.08.2022;
297;;24;2;;18105,56;23.04.2022;
298;;34;4;;13968,83;11.05.2022;
299;;20;2;;886,6;23.01.2022;
300;7;;19;18877,78;;22.10.2021;
301;;49;7;;14281,84;19.12.2021;
302;;98;7;;10504,67;11.02.2022;
303;125;;19;1784,58;;26.03.2022;
304;;32;6;;3884,53;17.11.2021;
305;;68;4;;6194,22;24.05.2022;
306;;39;7;;16492,27;25.10.2021;
307;69;;15;3030,41;;23.05.2022;
308;89;;19;13851,57;;20.04.2022;
309;;79;12;;12713,19;26.07.2022;
310;;49;4;;10769,57;25.12.2021;
311;;20;8;;2642,21;27.11.2021;
312;;8;12;;16850,31;10.09.2021;
313;69;94;;4623,8;10847,39;30.08.2022;Перевод
314;;37;3;;11472,82;19.03.2022;
315;138;;20;17656,63;;10.01.2022;
316;;14;12;;18153,15;28.09.2021;
317;;14;3;;17646,42;29.09.2021;
318;75;12;;7090,7;1109,39;24.12.2021;Перевод
319;37;;15;15792,4;;24.07.2022;
320;91;;16;321,64;;28.03.2022;
321;;117;8;;15131,95;23.01.2022;
322;108;;20;2633,45;;15.11.2021;
323;59;;20;3174,77;;25.08.2022;
324;135;140;;12267,32;5250,37;25.11.2021;Перевод
325;;98;7;;358,07;10.11.2021;
326;79;;1;19573,08;;20.09.2021;
327;;23;7;;6361,57;18.01.2022;
328;;84;2;;3512,95;14.07.2022;
329;;19;2;;5831,6;03.06.2022;
330;;8;3;;12304,48;15.10.2021;
331;83;34;;9910,92;8940,92;30.05.2022;Перевод
332;;6;8;;8676,04;14.01.2022;
333;18;;20;4801,59;;12.03.2022;
334;40;;20;6389,56;;12.04.2022;
335;;57;12;;8322,52;18.04.2022;
336;;119;14;;4225,05;25.07.2022;
337;;17;14;;8695,11;03.10.2021;
338;;71;13;;10930,41;30.12.2021;
339;;93;8;;4412,05;30.11.2021;
340;49;;16;6022,01;;28.10.2021;
341;;59;8;;7440,53;03.09.2021;
342;;35;3;;12483,62;15.09.2021;
343;;121;3;;17545,32;26.06.2022;
344;;32;11;;11572,7;11.12.2021;
345;79;;15;2479,91;;23.03.2022;
346;;101;9;;17517,78;31.10.2021;
347;33;;20;17314,3;;17.01.2022;
348;4;;17;12324,77;;15.07.2022;
349;;54;8;;1772,01;27.01.2022;
350;;110;12;;16040,64;08.07.2022;
351;;74;3;;9526,08;28.09.2021;
352;;71;8;;3391,89;05.09.2021;
353;;48;4;;18546,82;04.07.2022;
354;41;;17;14200,74;;30.10.2021;
355;;37;4;;8003,78;29.12.2021;
356;46;25;;12251,31;3842,4;22.03.2022;Перевод
357;;38;11;;18454,01;10.09.2021;
358;100;;19;12559,4;;15.07.2022;
359;;109;7;;14037,36;05.09.2021;
360;;56;8;;5385,66;22.10.2021;
361;60;;18;5748,19;;09.01.2022;
362;;91;6;;5912,57;28.08.2022;
363;115;;20;13278,12;;26.01.2022;
364;126;;16;11262,63;;31.03.2022;
365;;88;4;;653,03;31.07.2022;
366;;116;10;;2230,35;02.02.2022;
367;;140;3;;13583,34;30.05.2022;
368;122;;20;19654,34;;23.07.2022;
369;;22;2;;16327,47;10.09.2021;
370;20;;18;1392,3;;09.02.2022;
371;118;;16;6654,19;;09.03.2022;
372;;78;11;;1587,31;30.12.2021;
373;;35;13;;6449,68;15.08.2022;
374;2;17;;14575,43;12993,94;19.12.2021;Перевод
375;;140;7;;2118,37;19.11.2021;
376;88;;19;7151,49;;29.07.2022;
377;94;77;;19927,8;12733,49;04.09.2021;Перевод
378;;104;4;;7271,27;16.11.2021;
379;78;;18;6744,02;;23.08.2022;
380;127;;15;16517,92;;29.01.2022;
381;25;;5;11993,81;;23.08.2022;
382;;80;12;;15280,56;16.03.2022;
383;46;;15;1438,6;;22.05.2022;
384;;99;11;;5091,85;13.03.2022;
385;55;;1;3167,7;;15.03.2022;
386;;41;13;;10580,96;19.01.2022;
387;;90;9;;5935,09;30.01.2022;
388;5;118;;12186,43;2881,77;31.07.2022;Перевод
389;5;109;;4769,55;13808,14;11.08.2022;Перевод
390;;99;14;;8913,66;16.01.2022;
391;87;;5;11196,29;;25.06.2022;
392;128;;17;15049,87;;10.03.2022;
393;39;;15;17831,26;;22.12.2021;
394;;40;10;;5223,46;29.09.2021;
395;51;111;;10475,77;18214,71;30.07.2022;Перевод
396;;105;3;;19139,85;24.06.2022;
397;127;;5;13929,77;;23.07.2022;
398;;84;10;;13423,41;02.12.2021;
399;;58;7;;12404,32;01.04.2022;
400;56;;20;19807,6;;02.09.2021;
401;;68;13;;16063,2;23.05.2022;
402;;9;6;;5028,21;09.04.2022;
403;;91;4;;5185,04;01.12.2021;
404;;52;8;;7699,08;24.11.2021;
405;42;;5;12783,97;;28.05.2022;
406;;94;6;;5101,38;31.12.2021;
407;68;;16;6387,98;;01.01.2022;
408;132;;1;1825,35;;18.05.2022;
409;;38;2;;14884,13;23.03.2022;
410;139;;19;498,94;;11.08.2022;
411;88;;15;13055,88;;08.12.2021;
412;18;;20;8731,47;;23.05.2022;
413;127;;17;14615,81;;30.05.2022;
414;;64;12;;17126,46;03.01.2022;
415;17;;18;12172,46;;06.03.2022;
416;;71;12;;5316,76;28.01.2022;
417;;131;6;;6524,86;07.01.2022;
418;;8;2;;8462,09;02.09.2021;
419;;68;14;;397,28;14.02.2022;
420;;44;12;;9436,47;08.11.2021;
421;;35;13;;3788,24;31.10.2021;
422;47;;5;10975,22;;08.10.2021;
423;;31;12;;8678,8;07.05.2022;
424;;74;10;;5898,95;28.10.2021;
425;;89;12;;17321,94;29.12.2021;
426;28;10;;588,69;4218,98;17.11.2021;Перевод
427;;19;9;;11713,43;21.01.2022;
428;;88;12;;19005,44;03.04.2022;
429;127;;15;15504,93;;03.10.2021;
430;;65;11;;15750,15;17.06.2022;
431;;22;2;;6212,73;03.10.2021;
432;;19;2;;7121,09;31.08.2022;
433;79;;16;5032,03;;21.04.2022;
434;;39;9;;8146,36;17.01.2022;
435;12;;19;19893,78;;07.07.2022;
436;;27;11;;10374,68;15.11.2021;
437;;128;7;;2088,45;17.06.2022;
438;;45;12;;17573,23;05.01.2022;
439;;90;14;;14456,82;25.07.2022;
440;28;;17;11690,19;;13.11.2021;
441;;60;13;;17677,62;08.01.2022;
442;;137;11;;18183,51;14.05.2022;
443;;79;12;;3767,64;23.11.2021;
444;;29;6;;9635,43;17.03.2022;
445;;101;10;;18526,61;06.05.2022;
446;32;;19;13733,26;;22.09.2021;
447;;94;12;;14338,82;19.11.2021;
448;52;;1;3548,4;;18.01.2022;
449;;47;6;;5372,95;21.09.2021;
450;;15;9;;1576,67;14.08.2022;
451;;92;8;;16942,26;11.08.2022;
452;;105;13;;9250,36;04.10.2021;
453;;19;12;;12149,19;21.05.2022;
454;;20;7;;15610,06;31.01.2022;
455;;69;9;;18937,94;28.03.2022;
456;41;;20;6990,77;;28.10.2021;
457;63;63;;4880,54;12510,84;22.06.2022;Перевод
458;;75;14;;26,64;14.06.2022;
459;;29;14;;1620,95;20.11.2021;
460;133;;5;17329,95;;13.06.2022;
461;;22;11;;4654,16;09.07.2022;
462;129;;1;14291,47;;08.06.2022;
463;73;;20;8705,37;;11.08.2022;
464;;59;13;;19231,74;05.02.2022;
465;;90;12;;16605,72;08.10.2021;
466;;24;7;;14832,23;22.11.2021;
467;9;;15;991,94;;12.01.2022;
468;;13;14;;10409,75;20.02.2022;
469;135;;15;3477,55;;18.06.2022;
470;104;;19;12758,39;;05.03.2022;
471;;54;13;;5100,27;04.08.2022;
472;;84;10;;961,27;17.04.2022;
473;;53;12;;5191,31;22.01.2022;
474;;34;8;;16752,26;14.07.2022;
475;20;113;;19487,99;3400,36;09.07.2022;Перевод
476;;133;7;;11835,85;26.11.2021;
477;;72;13;;15133,97;18.04.2022;
478;;32;3;;5269,85;09.08.2022;
479;;82;11;;15782,28;06.05.2022;
480;12;;5;4300,48;;15.04.2022;
481;;120;3;;846,84;07.06.2022;
482;88;88;;15196,07;4606,6;21.02.2022;Перевод
483;;94;3;;9042,95;21.01.2022;
484;;118;14;;1743,42;09.01.2022;
485;58;;16;13486,46;;28.02.2022;
486;125;;18;485,66;;06.10.2021;
487;10;;18;11908,9;;15.05.2022;
488;;49;10;;18291,9;02.04.2022;
489;;108;8;;11663,07;04.08.2022;
490;;102;7;;1425,24;08.11.2021;
491;;41;14;;14253,14;17.04.2022;
492;;88;9;;1673,97;04.08.2022;
493;77;;17;2225,84;;30.12.2021;
494;16;;1;13493,78;;07.12.2021;
495;132;;15;16507,64;;30.06.2022;
496;;107;3;;5283,64;11.09.2021;
497;;47;11;;8775,63;06.10.2021;
498;40;;16;12592,19;;24.07.2022;
499;;71;14;;17690,49;05.03.2022;
500;;125;14;;11955,7;27.04.2022;
501;26;132;;14699,07;1167,13;31.08.2022;Перевод
502;;107;11;;768,39;21.08.2022;
503;13;;17;6609,38;;27.07.2022;
504;;7;8;;8388,92;07.06.2022;
505;;21;13;;14808,42;04.10.2021;
506;;38;14;;5227,73;18.02.2022;
507;;44;11;;8505,77;27.10.2021;
508;20;;18;5704,42;;03.12.2021;
509;;111;8;;16757,23;25.09.2021;
510;13;;15;5059,09;;25.07.2022;
511;;98;2;;14087,25;23.06.2022;
512;139;;16;14172,94;;24.03.2022;
513;47;;15;7074,64;;05.07.2022;
514;56;;5;3283,44;;27.04.2022;
515;;35;9;;14000,02;18.07.2022;
516;;14;10;;10675,92;20.06.2022;
517;116;;1;13597,83;;05.11.2021;
518;57;;18;18875,92;;18.04.2022;
519;64;;17;19288,88;;20.05.2022;
520;40;;16;17440,6;;09.05.2022;
521;;101;10;;9887,42;27.09.2021;
522;33;;15;3575,75;;29.08.2022;
523;;31;7;;17118,21;20.12.2021;
524;34;;17;19786,13;;06.12.2021;
525;;41;11;;13927;22.06.2022;
526;;98;7;;9028,1;20.09.2021;
527;;38;12;;2506,83;06.03.2022;
528;;36;11;;12732,74;21.05.2022;
529;125;;17;392,24;;23.05.2022;
530;;111;12;;6113,32;29.08.2022;
531;;105;14;;10523,86;27.06.2022;
532;;62;10;;6138,89;15.10.2021;
533;;49;6;;11740,09;01.04.2022;
534;;105;7;;12669,11;12.05.2022;
535;;73;4;;12430,52;18.04.2022;
536;;88;3;;14190,1;17.08.2022;
537;60;;19;4349,18;;07.05.2022;
538;61;35;;9223,02;10426,28;22.05.2022;Перевод
539;;113;8;;8931,64;29.09.2021;
540;4;;15;498,4;;14.11.2021;
541;16;;1;17835,85;;21.09.2021;
542;;83;14;;6739,52;12.02.2022;
543;80;;5;5224,92;;07.03.2022;
544;57;;20;13480,03;;27.05.2022;
545;85;27;;3887,48;5926,38;15.05.2022;Перевод
546;61;;15;889;;26.03.2022;
547;;3;14;;4482,49;29.01.2022;
548;77;;5;16814,8;;29.04.2022;
549;65;;15;3294,77;;03.08.2022;
550;;15;6;;11294,35;13.08.2022;
551;;12;14;;11668,01;12.05.2022;
552;47;;15;3996,5;;19.03.2022;
553;114;;20;5268,15;;24.11.2021;
554;;123;3;;2763,34;05.08.2022;
555;;121;3;;3117,98;30.03.2022;
556;;4;8;;9786,19;22.07.2022;
557;27;;1;9161,62;;31.12.2021;
558;111;;15;5372,87;;05.07.2022;
559;6;;5;17021,39;;02.04.2022;
560;115;;16;8596,56;;05.04.2022;
561;;15;2;;17720,7;12.11.2021;
562;;34;4;;1401,24;03.12.2021;
563;45;;20;19067,06;;05.07.2022;
564;;66;14;;19531,48;23.11.2021;
565;;15;11;;13916,13;24.06.2022;
566;113;;5;11872,86;;12.08.2022;
567;;36;13;;19992,66;01.08.2022;
568;;105;2;;6272,14;28.02.2022;
569;;39;3;;19500,38;12.11.2021;
570;;48;11;;10417,35;05.01.2022;
571;103;;17;15352,16;;31.01.2022;
572;111;;17;2321,54;;25.11.2021;
573;49;;20;375,92;;03.06.2022;
574;19;;17;11049,63;;17.02.2022;
575;36;;20;4786,57;;27.11.2021;
576;12;;17;7249,58;;10.11.2021;
577;135;;1;15000,64;;15.11.2021;
578;;140;14;;19963,64;03.04.2022;
579;;87;8;;3064,73;09.12.2021;
580;;3;4;;8031,43;09.07.2022;
581;5;;5;13689,26;;25.09.2021;
582;;15;9;;17902,91;30.11.2021;
583;129;;15;2247,55;;20.02.2022;
584;;113;12;;1150,59;27.10.2021;
585;;104;8;;14773,04;11.03.2022;
586;87;;20;9932,66;;01.01.2022;
587;;129;8;;7406,43;29.05.2022;
588;;78;2;;16424,43;12.08.2022;
589;;37;3;;9983,92;06.03.2022;
590;;8;4;;15842,81;07.03.2022;
591;;21;13;;4548,25;28.04.2022;
592;62;;20;12427,59;;09.04.2022;
593;41;;20;12505,44;;29.09.2021;
594;;67;11;;17327,45;10.08.2022;
595;;26;3;;15315,3;15.06.2022;
596;;125;4;;13823,45;08.10.2021;
597;34;;17;2951,18;;24.09.2021;
598;90;;5;4281,82;;10.07.2022;
599;116;;17;7410,27;;06.01.2022;
600;;138;9;;4010,42;24.02.2022;
601;2;72;;12168,56;19889,47;17.04.2022;Перевод
602;72;;1;17340,13;;31.10.2021;
603;99;;19;7399,54;;20.07.2022;
604;136;;15;3693,06;;01.03.2022;
605;33;78;;14673,36;10474,01;06.04.2022;Перевод
606;68;;5;5403,71;;29.08.2022;
607;134;;5;13672,09;;06.01.2022;
608;;5;7;;4172,38;26.07.2022;
609;;25;3;;10398,8;25.03.2022;
610;131;;20;4561,4;;29.10.2021;
611;120;;16;12572,88;;20.06.2022;
612;;87;8;;18736,77;14.08.2022;
613;;23;6;;2201,29;21.10.2021;
614;;50;4;;19309,99;17.12.2021;
615;15;118;;1844,21;11211,4;26.08.2022;Перевод
616;;19;14;;9171,64;09.05.2022;
617;;130;14;;10098,57;10.10.2021;
618;;28;10;;3719,27;02.04.2022;
619;77;;17;15697,89;;19.03.2022;
620;;41;14;;4977,23;15.07.2022;
621;55;;5;5462,69;;28.10.2021;
622;;133;11;;13054,85;15.03.2022;
623;22;;15;12435,29;;23.11.2021;
624;107;;1;4517,26;;13.10.2021;
625;;55;4;;13227,36;11.11.2021;
626;;15;14;;8437,98;05.05.2022;
627;131;;20;14471,98;;08.11.2021;
628;85;;18;16699,95;;15.01.2022;
629;;9;9;;2464,29;14.07.2022;
630;;72;11;;8617,79;30.07.2022;
631;2;;17;18466,75;;02.11.2021;
632;;54;6;;9548,41;31.08.2022;
633;;101;3;;331,57;30.08.2022;
634;52;;18;14791,22;;10.12.2021;
635;;136;8;;11295,51;04.07.2022;
636;;67;12;;4943,68;16.12.2021;
637;;72;14;;817,08;29.07.2022;
638;;88;4;;11450,2;26.12.2021;
639;;33;8;;683,36;23.09.2021;
640;84;60;;762,42;13523,74;26.04.2022;Перевод
641;;7;8;;4753,74;10.06.2022;
642;1;4;;7280,2;12295,92;01.01.2022;Перевод
643;;16;6;;19710,91;09.10.2021;
644;;21;11;;3439,4;30.12.2021;
645;;103;12;;5520,08;26.06.2022;
646;;26;12;;1824;09.03.2022;
647;;78;2;;11732,46;20.09.2021;
648;;79;8;;13187,82;12.08.2022;
649;;119;13;;11388,98;22.02.2022;
650;;59;12;;15451,75;23.09.2021;
651;;140;7;;1992,69;06.07.2022;
652;;117;2;;1608,61;18.05.2022;
653;127;;20;18991,01;;02.04.2022;
654;4;;5;14665,84;;15.07.2022;
655;;136;8;;9487,32;22.03.2022;
656;;122;11;;18077,78;08.12.2021;
657;;119;13;;16291,86;23.03.2022;
658;;39;13;;4158,8;12.07.2022;
659;;59;10;;16156,87;12.07.2022;
660;;55;11;;11752,2;08.04.2022;
661;4;4;;4941,38;6959,18;05.12.2021;Перевод
662;73;21;;9171,13;1618,81;10.07.2022;Перевод
663;;129;8;;9517,1;18.03.2022;
664;83;;17;42,34;;15.03.2022;
665;133;76;;3597,18;19005,79;01.06.2022;Перевод
666;;117;2;;601,61;13.06.2022;
667;;16;3;;9902,46;18.04.2022;
668;;28;6;;1784,05;29.11.2021;
669;88;;16;19588,85;;27.05.2022;
670;38;;19;12883,23;;21.08.2022;
671;;85;10;;7686,59;13.09.2021;
672;71;;16;13205,38;;25.02.2022;
673;;136;13;;2629,4;11.05.2022;
674;;135;9;;7364,15;16.02.2022;
675;;71;2;;11401,15;21.12.2021;
676;;133;9;;12894,82;27.02.2022;
677;130;;5;12961,68;;31.12.2021;
678;;107;6;;8549,52;11.08.2022;
679;;54;9;;18688,77;21.11.2021;
680;131;;17;17255,53;;02.03.2022;
681;53;;15;18124,77;;04.11.2021;
682;;98;4;;10987,38;21.07.2022;
683;;38;9;;2931,72;08.01.2022;
684;;105;6;;17778,05;20.07.2022;
685;54;;16;10027,28;;03.08.2022;
686;49;;5;13415,22;;19.04.2022;
687;;25;2;;11459,5;22.08.2022;
688;90;;1;15610,31;;27.10.2021;
689;136;;5;8925,07;;31.07.2022;
690;102;;20;7757,82;;11.04.2022;
691;;39;12;;17709,49;09.12.2021;
692;;136;14;;19792,75;15.01.2022;
693;65;;5;10463,6;;22.11.2021;
694;;105;10;;18110,28;05.02.2022;
695;;48;8;;14573,13;15.01.2022;
696;109;;16;16421,95;;26.10.2021;
697;76;;15;10430,9;;16.01.2022;
698;16;119;;15448,77;19676,61;13.04.2022;Перевод
699;;137;11;;3489,95;17.12.2021;
700;37;;5;9949,58;;01.01.2022;
701;;120;3;;2290,46;10.07.2022;
702;75;;18;11212,94;;05.09.2021;
703;14;83;;18381,88;18906,71;31.05.2022;Перевод
704;54;;20;2374,74;;24.01.2022;
705;52;;17;14055,09;;28.09.2021;
706;;53;8;;5721;27.06.2022;
707;;88;11;;11774,53;17.10.2021;
708;129;;15;15853,9;;05.05.2022;
709;5;;18;19121,23;;26.08.2022;
710;;41;4;;14737,4;03.08.2022;
711;;140;10;;15432,28;27.09.2021;
712;90;;18;15941,63;;02.10.2021;
713;57;;16;12650,21;;14.07.2022;
714;47;;16;15895,5;;03.10.2021;
715;;138;10;;5765,1;02.10.2021;
716;;127;10;;17064,09;08.10.2021;
717;;46;12;;16933,48;21.04.2022;
718;;4;4;;3565,23;19.02.2022;
719;17;;20;19598,71;;30.11.2021;
720;;26;14;;12277,45;15.08.2022;
721;;75;7;;9081,22;26.01.2022;
722;101;;15;1470,75;;02.11.2021;
723;;79;12;;9557,87;10.03.2022;
724;71;71;;7559,66;7173,77;28.12.2021;Перевод
725;;50;2;;6877,72;27.09.2021;
726;17;;5;14393,07;;13.02.2022;
727;124;;16;4463,13;;23.11.2021;
728;;59;7;;933,51;05.03.2022;
729;8;;20;1824,04;;15.08.2022;
730;124;124;;3207,09;5099,54;19.06.2022;Перевод
731;50;116;;3361,64;12590,49;06.02.2022;Перевод
732;;82;12;;11290,9;30.11.2021;
733;;25;10;;12247,93;04.03.2022;
734;13;;1;754,31;;07.05.2022;
735;;28;10;;5305,34;26.01.2022;
736;58;;20;4708,24;;14.03.2022;
737;91;;16;3944,34;;09.01.2022;
738;136;;15;4697,68;;11.09.2021;
739;20;;15;8168,25;;30.05.2022;
740;;70;8;;5254,89;06.06.2022;
741;;53;3;;7352,36;12.09.2021;
742;134;;19;18698,66;;28.06.2022;
743;16;126;;17509,21;16647,6;26.05.2022;Перевод
744;130;;16;12609;;05.12.2021;
745;;26;9;;7966,87;31.01.2022;
746;;3;2;;1556,21;21.07.2022;
747;119;;18;8931,05;;21.04.2022;
748;89;47;;11652,53;18526,68;24.05.2022;Перевод
749;36;;18;14647,17;;14.12.2021;
750;;87;14;;15985,69;24.03.2022;
751;;16;13;;7026,09;22.05.2022;
752;62;;1;6366,81;;30.09.2021;
753;21;21;;5245,26;8578,65;25.07.2022;Перевод
754;;53;3;;2055,19;15.10.2021;
755;;116;6;;1166,19;23.02.2022;
756;20;;19;15749,31;;29.05.2022;
757;;79;9;;13393,92;22.09.2021;
758;;62;13;;1310,12;17.01.2022;
759;94;;18;2020,88;;01.12.2021;
760;15;;19;1575,49;;12.12.2021;
761;;119;10;;16984,57;08.08.2022;
762;59;;20;8117,98;;23.10.2021;
763;;82;11;;7108,93;07.11.2021;
764;17;;19;1070,23;;31.10.2021;
765;;63;4;;8231,5;10.07.2022;
766;;38;3;;7191,18;14.03.2022;
767;;39;10;;15738,46;28.10.2021;
768;111;100;;8679,49;10290,31;16.01.2022;Перевод
769;;124;3;;12117,42;16.02.2022;
770;;75;6;;6053,38;17.05.2022;
771;;130;14;;13796,08;03.04.2022;
772;4;;5;6716,18;;24.12.2021;
773;;16;7;;12681,1;19.03.2022;
774;;137;9;;17387;31.01.2022;
775;111;;19;6106,8;;09.06.2022;
776;18;53;;15540,31;10627,82;22.01.2022;Перевод
777;12;;20;10046,49;;17.09.2021;
778;91;;17;14867,54;;01.06.2022;
779;;135;3;;2298,09;13.10.2021;
780;122;;17;4998,95;;10.04.2022;
781;;39;11;;12332,28;05.04.2022;
782;;19;12;;19548,5;12.08.2022;
783;;57;14;;12185,31;15.09.2021;
784;;103;6;;4825,18;26.06.2022;
785;115;;5;2030,1;;05.02.2022;
786;;121;11;;17178,51;02.01.2022;
787;18;;15;2865,13;;23.03.2022;
788;;91;7;;14940,3;24.01.2022;
789;;92;2;;12254,03;23.04.2022;
790;98;;17;2817,23;;02.10.2021;
791;72;;19;5783,56;;12.08.2022;
792;20;;17;14148,66;;26.03.2022;
793;118;;16;10528,14;;11.01.2022;
794;;109;8;;6347,48;24.04.2022;
795;112;138;;13894,28;19031,64;14.06.2022;Перевод
796;;20;14;;1662,59;27.05.2022;
797;111;;18;11046,19;;23.06.2022;
798;;49;4;;12573,7;26.08.2022;
799;;133;9;;15153,62;06.07.2022;
800;;1;8;;19048,81;15.03.2022;
801;44;;5;11642,8;;21.05.2022;
802;;99;9;;762,71;29.06.2022;
803;87;;15;8755,08;;26.03.2022;
804;63;;16;5232,63;;08.04.2022;
805;;137;3;;5439,26;21.04.2022;
806;130;;18;13513,46;;29.04.2022;
807;;139;13;;18655,94;17.11.2021;
808;70;;18;870,67;;16.06.2022;
809;;62;4;;6605,49;20.08.2022;
810;;137;2;;11332,31;22.06.2022;
811;;87;8;;8775,21;09.02.2022;
812;98;;15;17499,65;;17.07.2022;
813;107;;17;7144,84;;07.11.2021;
814;;66;14;;13744,6;07.05.2022;
815;;123;14;;11261,77;04.02.2022;
816;134;;19;6835,27;;12.07.2022;
817;;85;14;;7458,48;27.10.2021;
818;39;;5;2226,82;;15.10.2021;
819;;5;4;;3585,26;01.12.2021;
820;;32;14;;1117,68;25.01.2022;
821;;115;10;;3626,36;24.08.2022;
822;123;;15;16122,09;;03.11.2021;
823;;46;9;;5650,17;16.05.2022;
824;95;;19;11765,95;;29.09.2021;
825;100;;1;16201,23;;27.12.2021;
826;;63;4;;11198,04;10.06.2022;
827;23;;1;2753,46;;09.09.2021;
828;;109;7;;5975,23;15.10.2021;
829;109;;1;7842,57;;21.08.2022;
830;87;;18;8480,05;;23.01.2022;
831;124;;17;12545,32;;16.01.2022;
832;;132;8;;16756,06;03.08.2022;
833;8;;19;2837,95;;14.04.2022;
834;;96;13;;8890,37;16.05.2022;
835;;3;8;;16035,2;14.09.2021;
836;;2;14;;3013,96;19.08.2022;
837;35;36;;9362,94;14366,15;19.06.2022;Перевод
838;;81;7;;8296,52;28.11.2021;
839;;48;9;;3554,59;14.06.2022;
840;45;17;;19884,28;16306,45;21.07.2022;Перевод
841;;34;12;;6146,74;13.03.2022;
842;;70;3;;4608,04;20.01.2022;
843;;118;11;;15753,65;07.11.2021;
844;;53;9;;12918,75;30.06.2022;
845;;107;12;;9396,53;09.04.2022;
846;12;84;;18007,37;4850,84;08.06.2022;Перевод
847;47;;15;6585,32;;24.03.2022;
848;94;;18;5763,68;;22.06.2022;
849;116;50;;3665,54;8830,37;24.08.2022;Перевод
850;90;;1;13040,58;;17.10.2021;
851;78;;5;14948,47;;15.01.2022;
852;1;;1;3010,28;;09.11.2021;
853;;88;11;;3524,29;24.11.2021;
854;119;;5;5025,71;;06.10.2021;
855;;49;2;;15909,03;27.10.2021;
856;115;;1;11029,49;;15.10.2021;
857;;105;12;;12828,91;01.10.2021;
858;;64;4;;825,03;08.06.2022;
859;;66;13;;5986,11;01.07.2022;
860;82;;19;17888,84;;11.04.2022;
861;;126;2;;4847,94;25.06.2022;
862;111;;17;16904,53;;18.10.2021;
863;52;;20;604,8;;11.09.2021;
864;;51;14;;11171;19.06.2022;
865;132;;15;14956,02;;15.07.2022;
866;;67;14;;12456,13;15.10.2021;
867;99;;18;15845,08;;16.09.2021;
868;;90;13;;2567,56;14.10.2021;
869;;32;7;;11416,51;19.10.2021;
870;16;;19;1300,66;;08.06.2022;
871;;132;12;;15060,31;27.08.2022;
872;;31;6;;9836,74;30.08.2022;
873;;79;3;;2549,89;28.06.2022;
874;99;111;;4615,23;10328,63;04.10.2021;Перевод
875;138;;16;13839,69;;20.04.2022;
876;134;;17;6028,23;;21.01.2022;
877;97;;20;16232,61;;13.11.2021;
878;;125;7;;17882,78;14.08.2022;
879;45;52;;9599,3;18394,92;31.03.2022;Перевод
880;;26;11;;19823,26;05.03.2022;
881;;52;4;;14393,47;01.10.2021;
882;;61;12;;7416,13;28.12.2021;
883;;84;10;;4573,25;09.11.2021;
884;;22;8;;15520,05;15.08.2022;
885;40;;18;6727,89;;10.11.2021;
886;85;;17;127,21;;28.03.2022;
887;;140;9;;17895,12;06.05.2022;
888;;42;10;;9494,07;11.10.2021;
889;28;;15;9043,08;;22.07.2022;
890;;74;4;;2331,65;13.03.2022;
891;;28;11;;2975,31;23.07.2022;
892;3;;20;9804,34;;21.02.2022;
893;;120;11;;7753,16;05.07.2022;
894;;12;12;;15817,69;21.03.2022;
895;;22;7;;10385,63;17.12.2021;
896;;48;3;;5887,53;03.01.2022;
897;129;;19;5776,26;;11.07.2022;
898;;56;13;;16097,73;19.07.2022;
899;102;;18;8696,95;;08.12.2021;
900;;101;4;;7249,78;21.12.2021;
901;;17;12;;6964,39;07.12.2021;
902;;83;10;;18983,42;09.03.2022;
903;;8;2;;17414,85;26.05.2022;
904;138;;17;12251,1;;25.07.2022;
905;;92;3;;14877,58;30.09.2021;
906;124;;16;3777,5;;06.12.2021;
907;;107;2;;18097,68;27.04.2022;
908;96;;5;15059,97;;15.02.2022;
909;55;;15;3769,64;;15.10.2021;
910;37;;15;15795,22;;18.02.2022;
911;60;;16;19579,09;;27.02.2022;
912;103;;18;15699,38;;03.07.2022;
913;35;;19;16003,6;;29.03.2022;
914;;54;10;;2626,78;28.02.2022;
915;;110;7;;16863,9;08.05.2022;
916;63;;20;1273,72;;13.12.2021;
917;;79;9;;10655,71;15.02.2022;
918;133;;5;15948,73;;04.11.2021;
919;;31;13;;2545,57;23.06.2022;
920;;69;14;;2125,05;27.10.2021;
921;;106;11;;19727,2;01.11.2021;
922;69;;5;1427,84;;06.04.2022;
923;91;;17;12393,6;;29.01.2022;
924;93;;5;12516,39;;26.11.2021;
925;74;;5;6410,59;;22.01.2022;
926;;15;14;;376,68;02.06.2022;
927;;42;6;;13267,55;24.04.2022;
928;;79;10;;7370,48;25.05.2022;
929;30;;17;7821,78;;29.09.2021;
930;134;;19;1852,57;;21.04.2022;
931;;133;14;;8463,21;20.06.2022;
932;;29;9;;15190,9;08.06.2022;
933;;49;10;;5062,91;17.08.2022;
934;;118;10;;12405,86;31.01.2022;
935;;90;9;;2489,11;23.03.2022;
936;;27;9;;5299,32;05.10.2021;
937;22;;20;4030,73;;27.09.2021;
938;;21;13;;8940,65;10.10.2021;
939;121;28;;17761,14;7331,49;24.07.2022;Перевод
940;95;122;;6483,91;14327,05;03.04.2022;Перевод
941;;25;4;;10327,34;29.04.2022;
942;;33;11;;4945,22;13.03.2022;
943;;34;2;;15548,75;01.08.2022;
944;62;;15;19803,62;;27.02.2022;
945;38;;16;14006,43;;15.08.2022;
946;133;;17;8018,3;;01.02.2022;
947;;72;3;;9463,1;14.11.2021;
948;;8;2;;13054,37;12.10.2021;
949;;119;10;;15965,59;20.09.2021;
950;;19;6;;19595,03;17.07.2022;
951;;29;9;;15062,59;10.07.2022;
952;90;25;;9193,42;17134,31;08.04.2022;Перевод
953;;96;12;;17172,25;22.02.2022;
954;96;;5;11876,95;;25.02.2022;
955;;68;14;;7263,32;12.09.2021;
956;;86;4;;4590,47;04.01.2022;
957;54;87;;917,76;17257,72;20.05.2022;Перевод
958;;71;3;;9155,04;15.10.2021;
959;;79;14;;19891,63;14.07.2022;
960;25;;15;1692,45;;08.08.2022;
961;31;;16;3141,97;;04.06.2022;
962;117;;5;7923,29;;07.07.2022;
963;89;;18;10082,59;;09.10.2021;
964;;69;8;;1651,73;06.12.2021;
965;;6;11;;8569,83;14.11.2021;
966;42;;18;5465,54;;27.05.2022;
967;;101;8;;4954,73;31.10.2021;
968;64;;16;6685,57;;11.04.2022;
969;;124;11;;8788,03;30.10.2021;
970;;102;6;;10410,25;28.12.2021;
971;99;27;;10797,94;3837,04;14.05.2022;Перевод
972;102;;20;2322,39;;06.08.2022;
973;99;;20;14179,76;;05.01.2022;
974;;83;8;;4561,88;10.09.2021;
975;;42;10;;5847,04;01.02.2022;
976;;112;14;;9989,93;06.02.2022;
977;117;;20;10237,42;;28.11.2021;
978;105;;1;19278,85;;20.03.2022;
979;86;;17;8927,59;;24.09.2021;
980;27;;15;10899,57;;22.09.2021;
981;105;;19;4218,41;;15.09.2021;
982;19;;20;12037,69;;31.01.2022;
983;;95;13;;7262,64;19.12.2021;
984;;43;7;;1676,06;21.06.2022;
985;;91;9;;17796,82;28.11.2021;
986;;11;6;;13388,08;24.08.2022;
987;;126;6;;7933,61;18.02.2022;
988;;88;12;;4241,43;17.02.2022;
989;;72;11;;18666,4;13.03.2022;
990;;116;6;;3729,53;24.03.2022;
991;;74;7;;8932,67;04.09.2021;
992;45;;5;6060,19;;01.05.2022;
993;60;;18;2223,69;;09.10.2021;
994;;50;11;;6023,45;19.12.2021;
995;;114;13;;1041,83;26.02.2022;
996;137;;19;10104,73;;28.04.2022;
997;;6;9;;3435,46;23.11.2021;
998;134;;20;1548,71;;28.08.2022;
999;;19;11;;665,09;17.05.2022;
1000;120;;15;8835,13;;23.11.2021;
1001;;60;12;;9677,02;03.12.2021;
1002;;73;12;;5636,03;29.06.2022;
1003;;133;9;;18125,83;02.06.2022;
1004;2;;18;11871,34;;18.12.2021;
1005;;50;7;;11738,57;12.03.2022;
1006;79;;5;493,65;;11.06.2022;
1007;;116;9;;9984,7;02.05.2022;
1008;;98;12;;16106,68;07.07.2022;
1009;;139;11;;9886,05;15.06.2022;
1010;30;;20;8950,11;;07.09.2021;
1011;105;;16;13486,53;;11.03.2022;
1012;;108;4;;15086,86;13.02.2022;
1013;86;103;;13704,19;6635,56;01.08.2022;Перевод
1014;44;;1;3800,87;;02.02.2022;
1015;;19;7;;15687,39;27.04.2022;
1016;115;;1;5840,92;;16.10.2021;
1017;89;;18;18366,65;;21.04.2022;
1018;39;;15;19332,48;;25.09.2021;
1019;55;;5;7552,18;;23.05.2022;
1020;107;120;;9056,37;15317,24;30.07.2022;Перевод
1021;;20;13;;15178,85;04.09.2021;
1022;;50;11;;2041,96;03.03.2022;
1023;20;30;;8682,77;829,77;07.04.2022;Перевод
1024;;126;13;;13172,03;05.02.2022;
1025;61;;1;189,86;;05.12.2021;
1026;;114;7;;7565,36;09.05.2022;
1027;;1;6;;16173,25;22.08.2022;
1028;;133;10;;10472,26;13.06.2022;
1029;41;;20;14544,76;;16.10.2021;
1030;120;;17;13419,58;;24.07.2022;
1031;30;;20;15850,74;;13.11.2021;
1032;;110;10;;19468,2;27.03.2022;
1033;;92;8;;16758,39;17.08.2022;
1034;;34;2;;17581,94;07.11.2021;
1035;39;;5;19847,31;;12.12.2021;
1036;;125;4;;8849,53;28.01.2022;
1037;69;128;;11254,75;2610,43;28.04.2022;Перевод
1038;87;;15;1945,85;;04.02.2022;
1039;;42;9;;11296,74;22.10.2021;
1040;22;111;;2962,82;18142,38;22.10.2021;Перевод
1041;;129;3;;430,22;06.08.2022;
1042;111;22;;6363,67;16179,95;07.09.2021;Перевод
1043;;61;3;;6989,21;04.10.2021;
1044;40;;16;6879,1;;08.10.2021;
1045;;108;6;;3839,03;31.03.2022;
1046;;94;7;;12353,41;08.02.2022;
1047;;87;2;;12020,78;18.05.2022;
1048;72;;17;12813,07;;18.12.2021;
1049;;28;13;;19910,79;03.12.2021;
1050;35;;15;10383,85;;24.09.2021;
1051;;59;13;;3958,48;09.06.2022;
1052;4;;19;12121,03;;27.10.2021;
1053;;123;6;;15956,97;07.03.2022;
1054;;28;10;;13772,96;26.05.2022;
1055;;82;9;;7948,02;19.11.2021;
1056;124;;19;17214,25;;29.03.2022;
1057;4;;15;5680,55;;19.09.2021;
1058;;72;2;;413,91;28.07.2022;
1059;;40;3;;15918,59;11.06.2022;
1060;102;;15;18224,68;;18.12.2021;
1061;;124;9;;12886,37;10.02.2022;
1062;;92;7;;11580,28;25.08.2022;
1063;;9;2;;17247,63;26.02.2022;
1064;60;;19;6987,94;;28.06.2022;
1065;;32;13;;16847,69;10.01.2022;
1066;36;;1;1699,93;;13.04.2022;
1067;;112;4;;14308,65;13.10.2021;
1068;;3;2;;14253,29;16.06.2022;
1069;86;;5;17639,44;;03.05.2022;
1070;;133;10;;8868,99;06.03.2022;
1071;;8;10;;10221,85;27.08.2022;
1072;;76;13;;19172,82;03.09.2021;
1073;12;;16;14182,6;;01.02.2022;
1074;;40;2;;14706,9;17.10.2021;
1075;;70;6;;12146,07;17.05.2022;
1076;;44;14;;15867,92;15.07.2022;
1077;45;;18;11379,26;;16.02.2022;
1078;80;;18;16800,43;;07.12.2021;
1079;70;;20;7903,27;;15.02.2022;
1080;140;;19;16188,07;;02.01.2022;
1081;;120;3;;17963,68;18.05.2022;
1082;;55;10;;12173,89;25.04.2022;
1083;99;;16;18710,09;;18.08.2022;
1084;31;70;;17286,46;12721,81;30.09.2021;Перевод
1085;;21;2;;3321,33;16.07.2022;
1086;26;;17;15121,41;;06.01.2022;
1087;80;;17;2762,96;;03.02.2022;
1088;;132;12;;19307,97;11.08.2022;
1089;64;;15;13823,4;;23.04.2022;
1090;31;83;;10610,03;8665,48;25.08.2022;Перевод
1091;;25;4;;5522,57;01.11.2021;
1092;91;;20;10159,09;;15.05.2022;
1093;;136;3;;17832,65;25.02.2022;
1094;;87;12;;11226,71;17.04.2022;
1095;23;;18;13352,34;;05.01.2022;
1096;;28;4;;19588,47;13.03.2022;
1097;;51;2;;15274,62;16.07.2022;
1098;;1;12;;1661,73;16.11.2021;
1099;19;;17;18257,89;;24.10.2021;
1100;38;;16;14449,97;;17.06.2022;
1101;104;;5;16962,95;;17.10.2021;
1102;;104;2;;7666,05;23.06.2022;
1103;;103;3;;6567,56;05.12.2021;
1104;86;;19;1305,96;;02.05.2022;
1105;;39;7;;8817,96;11.12.2021;
1106;;17;6;;3392,26;17.12.2021;
1107;;12;2;;1594,66;23.06.2022;
1108;56;;19;16020,4;;29.11.2021;
1109;106;;15;10445,27;;01.08.2022;
1110;110;;15;8392,03;;09.10.2021;
1111;;137;2;;627,18;18.08.2022;
1112;;47;3;;8695,23;13.04.2022;
1113;83;;5;4859,59;;22.10.2021;
1114;81;;18;16947,9;;10.01.2022;
1115;;48;12;;8960,12;20.05.2022;
1116;;79;6;;19148,22;24.01.2022;
1117;;10;2;;8496,19;23.11.2021;
1118;;133;14;;3122;23.04.2022;
1119;;119;9;;13239,71;05.08.2022;
1120;88;;15;1280,92;;18.12.2021;
1121;50;42;;12666,75;16059,95;17.06.2022;Перевод
1122;;114;10;;2357,76;26.05.2022;
1123;100;11;;18354,61;14526,42;07.02.2022;Перевод
1124;139;31;;7777,71;18980,38;15.07.2022;Перевод
1125;;77;7;;8669,86;18.01.2022;
1126;;103;11;;17822,61;18.02.2022;
1127;;128;11;;8342,81;20.01.2022;
1128;139;;5;7996,33;;17.07.2022;
1129;120;;19;10480,26;;09.01.2022;
1130;53;;20;1033,69;;11.07.2022;
1131;11;22;;6971,78;11635,83;29.03.2022;Перевод
1132;34;;20;2113,51;;27.12.2021;
1133;;41;12;;17181,79;08.06.2022;
1134;;61;7;;2246,37;10.01.2022;
1135;;80;12;;19043,54;24.08.2022;
1136;34;;15;1683,16;;23.01.2022;
1137;72;;1;19676,8;;16.11.2021;
1138;;51;13;;9236,78;07.02.2022;
1139;;87;7;;4276,57;07.08.2022;
1140;;87;13;;12401,33;09.03.2022;
1141;111;51;;17756,93;17520,73;05.09.2021;Перевод
1142;;74;11;;5585,24;29.06.2022;
1143;5;;17;11847,35;;20.11.2021;
1144;;34;8;;18969,14;08.09.2021;
1145;7;;5;1478,07;;04.04.2022;
1146;45;;1;18205,64;;24.03.2022;
1147;;47;9;;13393,26;12.01.2022;
1148;;43;2;;14840,05;07.11.2021;
1149;54;21;;13751,82;9528,42;26.06.2022;Перевод
1150;56;;19;6823,58;;09.01.2022;
1151;;108;14;;13916,71;19.08.2022;
1152;115;;17;2923,07;;19.03.2022;
1153;63;;19;8756,78;;04.04.2022;
1154;110;;5;243,67;;28.12.2021;
1155;;53;13;;14303,88;01.07.2022;
1156;92;120;;1906,88;14158,23;17.12.2021;Перевод
1157;;100;6;;16862,51;24.04.2022;
1158;53;20;;16388,63;8197,27;24.09.2021;Перевод
1159;;42;13;;5921,32;18.03.2022;
1160;26;;17;6946,82;;25.08.2022;
1161;;19;14;;495,98;10.07.2022;
1162;99;100;;10794,67;8449,06;22.11.2021;Перевод
1163;;133;12;;4751,9;13.09.2021;
1164;;78;3;;2394,02;22.02.2022;
1165;44;;19;4372,25;;10.03.2022;
1166;;14;14;;12845,04;25.06.2022;
1167;;64;7;;7508,63;11.05.2022;
1168;;132;7;;1999,51;11.04.2022;
1169;50;;16;8480,19;;14.06.2022;
1170;;94;9;;15741,53;22.03.2022;
1171;109;109;;14627,05;2220,42;03.01.2022;Перевод
1172;;85;14;;971;22.02.2022;
1173;;94;13;;16460,92;05.07.2022;
1174;109;;5;12160;;23.10.2021;
1175;27;85;;12329,44;17981,81;28.04.2022;Перевод
1176;;49;13;;18535,19;25.08.2022;
1177;124;;5;17939,02;;11.06.2022;
1178;81;;5;17426,81;;24.05.2022;
1179;130;;16;8406;;25.11.2021;
1180;;66;12;;3099,78;05.08.2022;
1181;;76;4;;5531,58;17.09.2021;
1182;;111;6;;7197,56;25.05.2022;
1183;;52;3;;18986,43;03.10.2021;
1184;;105;12;;17187,22;05.12.2021;
1185;99;131;;3910,51;12973,11;19.09.2021;Перевод
1186;;138;14;;3922,77;11.08.2022;
1187;;75;7;;5093,99;13.11.2021;
1188;;42;11;;17923,81;13.09.2021;
1189;;69;3;;18651,55;10.04.2022;
1190;48;;19;1680,93;;10.07.2022;
1191;;23;10;;4355,85;19.02.2022;
1192;;121;7;;10041,7;29.12.2021;
1193;;137;9;;10466,39;16.08.2022;
1194;57;;5;2913,33;;30.12.2021;
1195;;16;11;;11652,06;14.04.2022;
1196;35;;15;1539,09;;24.04.2022;
1197;;93;6;;2035,12;19.06.2022;
1198;;100;8;;9059,19;15.06.2022;
1199;86;;1;10267,93;;20.12.2021;
1200;42;;15;8281,08;;28.01.2022;
1201;;94;13;;1349,6;05.08.2022;
1202;59;92;;9948,6;5513,86;07.03.2022;Перевод
1203;;11;8;;8165,21;17.02.2022;
1204;;136;14;;3027,59;03.01.2022;
1205;;106;8;;783,12;17.10.2021;
1206;18;;17;1481,69;;13.11.2021;
1207;100;;15;16194,84;;15.05.2022;
1208;;36;10;;5186,77;08.06.2022;
1209;66;37;;1995,69;13148,3;03.04.2022;Перевод
1210;;18;3;;10931,16;23.04.2022;
1211;114;;19;17075,43;;04.01.2022;
1212;66;116;;8585,09;14688,47;26.12.2021;Перевод
1213;;32;7;;14340,72;10.08.2022;
1214;24;;1;7149,12;;03.12.2021;
1215;;131;7;;19604,3;10.10.2021;
1216;123;;16;9714,39;;18.04.2022;
1217;98;;1;1622,27;;10.09.2021;
1218;;28;12;;14681,06;02.01.2022;
1219;;107;2;;2500,14;15.02.2022;
1220;;88;7;;12346,14;13.09.2021;
1221;94;;5;14106,36;;25.04.2022;
1222;;56;8;;13726,32;04.03.2022;
1223;;19;2;;5811,95;09.01.2022;
1224;39;;16;14040,26;;16.03.2022;
1225;122;;19;18602,98;;31.07.2022;
1226;;111;14;;16986,19;01.02.2022;
1227;;102;6;;6964,99;10.02.2022;
1228;50;;20;12856,69;;03.10.2021;
1229;81;;20;16447,23;;19.12.2021;
1230;112;;17;10836,75;;16.09.2021;
1231;;19;12;;3910,78;05.01.2022;
1232;;32;9;;2311,65;19.06.2022;
1233;;100;10;;11042,57;04.11.2021;
1234;;81;14;;15554,84;16.06.2022;
1235;;139;14;;14525,58;03.10.2021;
1236;;127;7;;4197,16;04.06.2022;
1237;;66;7;;3122,69;26.01.2022;
1238;;33;13;;2356,44;19.09.2021;
1239;;132;7;;293,84;25.08.2022;
1240;;100;2;;7678,78;15.11.2021;
1241;68;;15;10506,64;;11.06.2022;
1242;;70;3;;14150,53;27.03.2022;
1243;93;108;;4412,34;16612,65;19.04.2022;Перевод
1244;139;;1;993,13;;15.01.2022;
1245;94;;16;10861,3;;30.06.2022;
1246;;92;2;;10655,49;13.05.2022;
1247;108;;15;8385,73;;24.03.2022;
1248;;89;13;;8055,76;02.06.2022;
1249;132;;15;7436,61;;12.10.2021;
1250;107;28;;8811,56;12516,26;27.09.2021;Перевод
1251;100;;15;4484,62;;22.06.2022;
1252;3;;20;11696,77;;23.02.2022;
1253;40;;5;4251,09;;05.04.2022;
1254;;7;9;;11439,59;24.06.2022;
1255;40;;19;171,67;;27.03.2022;
1256;;104;12;;5552,1;25.02.2022;
1257;66;;1;13787,47;;04.05.2022;
1258;105;;15;9054,36;;12.12.2021;
1259;;114;10;;12655,48;03.04.2022;
1260;;36;10;;4499,1;12.05.2022;
1261;133;;18;11026,24;;21.05.2022;
1262;;113;9;;10244,57;18.05.2022;
1263;;74;8;;8688,12;21.01.2022;
1264;;69;14;;10665,79;31.01.2022;
1265;;76;6;;15867,83;25.04.2022;
1266;6;6;;7264,67;14031,52;19.09.2021;Перевод
1267;;83;10;;6166,48;20.09.2021;
1268;;53;6;;17468,38;15.04.2022;
1269;;13;8;;18377,65;24.11.2021;
1270;;112;9;;19870,72;24.09.2021;
1271;;105;7;;18697,4;02.11.2021;
1272;;63;14;;7577,58;19.04.2022;
1273;95;;17;10461,99;;14.07.2022;
1274;;53;14;;9723,9;27.05.2022;
1275;88;;1;3700,11;;22.05.2022;
1276;;109;13;;15891,9;10.11.2021;
1277;83;;16;14994,52;;13.10.2021;
1278;;133;10;;16411,37;14.12.2021;
1279;;42;7;;17862,75;28.10.2021;
1280;;103;7;;13962,15;25.05.2022;
1281;;33;6;;16206,07;26.08.2022;
1282;76;;5;7559,6;;15.11.2021;
1283;100;;5;13969,97;;10.07.2022;
1284;9;;18;10466,84;;08.05.2022;
1285;128;;15;8929,32;;13.03.2022;
1286;134;;1;1457,32;;12.04.2022;
1287;9;;1;626,58;;31.03.2022;
1288;;121;6;;692,11;30.12.2021;
1289;36;;15;19165,84;;25.09.2021;
1290;;101;13;;12840,26;23.09.2021;
1291;121;;20;3903,1;;03.06.2022;
1292;97;;15;18974,62;;17.08.2022;
1293;;50;10;;16094,74;19.10.2021;
1294;;108;9;;19283,85;04.10.2021;
1295;;27;2;;12621,12;09.09.2021;
1296;;50;7;;12596,17;21.04.2022;
1297;;74;11;;19273,03;13.07.2022;
1298;132;38;;5056,37;10958,2;06.06.2022;Перевод
1299;122;;20;8397,13;;16.12.2021;
1300;;132;12;;8119,5;11.07.2022;
1301;;80;8;;12234,1;22.06.2022;
1302;;116;14;;18545,38;29.01.2022;
1303;;98;6;;17284,95;26.09.2021;
1304;;69;14;;4632,9;22.02.2022;
1305;98;;19;5276,49;;30.01.2022;
1306;;80;3;;13679,83;19.12.2021;
1307;;112;12;;18679,86;25.05.2022;
1308;106;;18;7209,81;;23.04.2022;
1309;;18;11;;9263,41;20.09.2021;
1310;;9;13;;11421,59;19.02.2022;
1311;2;127;;12393,5;15619,37;02.08.2022;Перевод
1312;;10;14;;18031,86;30.12.2021;
1313;;93;2;;12592,92;21.08.2022;
1314;86;;17;10736,05;;17.02.2022;
1315;;140;14;;10738,12;13.01.2022;
1316;;66;11;;1087,71;30.06.2022;
1317;67;;15;4761,22;;19.10.2021;
1318;134;;19;7972,77;;25.09.2021;
1319;;75;3;;12101,38;20.03.2022;
1320;35;;18;4866,08;;26.12.2021;
1321;;88;14;;5907,95;06.08.2022;
1322;11;;15;8754,05;;13.08.2022;
1323;137;;15;4580,41;;22.08.2022;
1324;;106;9;;10347,99;24.12.2021;
1325;8;;15;935,45;;04.01.2022;
1326;;111;2;;3240;07.07.2022;
1327;;45;9;;1226,23;24.04.2022;
1328;114;19;;6870,73;1253,73;26.09.2021;Перевод
1329;89;;15;13770,39;;27.03.2022;
1330;;65;11;;8111,56;01.02.2022;
1331;50;;18;1933,55;;13.05.2022;
1332;;136;11;;5202,69;08.10.2021;
1333;;54;2;;7429,3;22.07.2022;
1334;;107;9;;15612,11;19.01.2022;
1335;65;;15;16026,33;;21.02.2022;
1336;53;;5;8207,65;;11.02.2022;
1337;106;1;;10227,82;412,91;02.06.2022;Перевод
1338;;29;11;;3523,82;06.01.2022;
1339;;44;14;;8570;08.03.2022;
1340;;22;11;;9170,07;08.03.2022;
1341;124;;20;1820,8;;10.10.2021;
1342;111;;15;12946,96;;16.10.2021;
1343;;24;4;;18971,65;05.04.2022;
1344;21;;5;5846,42;;17.02.2022;
1345;111;128;;5788,28;8745,94;22.11.2021;Перевод
1346;126;;15;18666,17;;16.11.2021;
1347;;62;7;;1575,48;26.12.2021;
1348;93;126;;537,53;3486,77;29.08.2022;Перевод
1349;;110;7;;3741,15;10.10.2021;
1350;82;;15;14410,78;;25.09.2021;
1351;;102;7;;4155,7;10.05.2022;
1352;;112;2;;3846,18;31.10.2021;
1353;;127;12;;12150,78;27.12.2021;
1354;13;;15;3188,05;;10.02.2022;
1355;;53;2;;8094,66;28.04.2022;
1356;15;;19;642,66;;07.10.2021;
1357;9;;19;18987,75;;26.09.2021;
1358;43;43;;19266,36;4324;31.08.2022;Перевод
1359;;100;3;;10873,25;24.11.2021;
1360;115;;17;18293,66;;30.10.2021;
1361;;101;12;;12861,31;08.11.2021;
1362;;71;13;;3729,38;30.03.2022;
1363;;13;9;;9354,45;27.01.2022;
1364;;12;9;;5555,81;01.12.2021;
1365;46;;16;9071,76;;21.05.2022;
1366;37;;15;2067,23;;25.04.2022;
1367;;18;6;;17447,44;05.04.2022;
1368;;41;8;;14479,61;25.04.2022;